bag_id,state,label,prediction,n_windows,p0,p1,p2,p3,variant
20260920-184058-normal-11520,normal,0,0,7,0.738189697265625,0.023242492228746414,0.18995516002178192,0.04861258342862129,v0
20260920-184857-normal-460800,normal,0,0,6,0.5911341309547424,0.1306685358285904,0.19264282286167145,0.08555442094802856,v0
20260920-190512-outBroken-115200,outBroken,2,2,8,0.15084460377693176,0.1268290877342224,0.6014598608016968,0.12086641043424606,v0
20260920-190913-outBroken-460800,outBroken,2,2,10,0.11131888628005981,0.05924029275774956,0.7323310971260071,0.09710977971553802,v0
20260920-192216-inBroken-115200,inBroken,1,1,8,0.04003685712814331,0.6920968294143677,0.1860925555229187,0.08177372813224792,v0
20260920-192610-inBroken-460800,inBroken,1,1,7,0.02791118621826172,0.8295235633850098,0.06721552461385727,0.07534963637590408,v0
20260920-193718-roll-115200,roll,3,3,9,0.07824564725160599,0.14253008365631104,0.1479446291923523,0.631279706954956,v0
20260920-194108-roll-460800,roll,3,3,3,0.038502663373947144,0.0696878731250763,0.012546420097351074,0.8792631030082703,v0
20260920-195424-keep-115200,keep,-1,1,8,0.023325463756918907,0.8103943467140198,0.09560056775808334,0.07067959755659103,v0
20260920-195753-keep-460800,keep,-1,1,10,0.015335893258452415,0.8489996194839478,0.06224866583943367,0.07341580837965012,v0
20260920-201757-bigNormal-115200,bigNormal,-1,2,8,1.0717788878622514e-09,1.4030783859197982e-06,0.9999985694885254,6.20807433238113e-11,v0
20260920-202115-bigNormal-460800,bigNormal,-1,2,4,1.8940005813705696e-11,2.0862032101831574e-08,1.0,1.0654771336049418e-12,v0
20260920-184058-normal-11520,normal,0,0,7,0.7264569401741028,0.04251116141676903,0.13717713952064514,0.09385479241609573,query_no_demean
20260920-184857-normal-460800,normal,0,0,6,0.5903946161270142,0.1931803673505783,0.12517087161540985,0.09125421196222305,query_no_demean
20260920-190512-outBroken-115200,outBroken,2,2,8,0.1258273869752884,0.183775395154953,0.5216555595397949,0.16874174773693085,query_no_demean
20260920-190913-outBroken-460800,outBroken,2,2,10,0.12351392209529877,0.1571568250656128,0.5642679333686829,0.15506130456924438,query_no_demean
20260920-192216-inBroken-115200,inBroken,1,1,8,0.1704779714345932,0.5040565729141235,0.23389431834220886,0.09157110005617142,query_no_demean
20260920-192610-inBroken-460800,inBroken,1,1,7,0.07150370627641678,0.6878569722175598,0.11972330510616302,0.12091607600450516,query_no_demean
20260920-193718-roll-115200,roll,3,3,9,0.10858407616615295,0.17849595844745636,0.19206100702285767,0.5208590030670166,query_no_demean
20260920-194108-roll-460800,roll,3,3,3,0.03597235679626465,0.2010432481765747,0.036288097500801086,0.7266963124275208,query_no_demean
20260920-195424-keep-115200,keep,-1,1,8,0.017829041928052902,0.8608117699623108,0.08134298026561737,0.040016185492277145,query_no_demean
20260920-195753-keep-460800,keep,-1,1,10,0.015336473472416401,0.8669372797012329,0.07072970271110535,0.046996667981147766,query_no_demean
20260920-201757-bigNormal-115200,bigNormal,-1,2,8,7.20636605944236e-11,1.3541132375394227e-06,0.9999986886978149,1.49799096738068e-11,query_no_demean
20260920-202115-bigNormal-460800,bigNormal,-1,2,4,5.3607760591711795e-12,5.5343130078711056e-09,1.0,4.0616373654135673e-13,query_no_demean
