file,window_row,label,state,baud,bag_id,bag_pairing,packet_ordinal_observed,independent_run_id,condition_id,sample_rate_hz,raw_mean_x,raw_ac_rms_x,no_demean_dc_energy_fraction_x,raw_mean_y,raw_ac_rms_y,no_demean_dc_energy_fraction_y,raw_mean_z,raw_ac_rms_z,no_demean_dc_energy_fraction_z
2026_9_20_18-41-41-normal-115200.npz,0,0,normal,115200,20260920-184058-normal-11520,simultaneous_recording_user_confirmed_not_window_time_aligned,1,,,4000,-0.07696648,0.345935,0.09008363,-0.050072987,0.15931669,0.16497394,-0.9117842,0.27902845,0.9552689
2026_9_20_18-41-41-normal-115200.npz,1,0,normal,115200,20260920-184058-normal-11520,simultaneous_recording_user_confirmed_not_window_time_aligned,2,,,4000,-0.07763653,0.34869984,0.09019965,-0.04995118,0.16145895,0.16066848,-0.9104935,0.27935517,0.95504755
2026_9_20_18-41-41-normal-115200.npz,2,0,normal,115200,20260920-184058-normal-11520,simultaneous_recording_user_confirmed_not_window_time_aligned,3,,,4000,-0.07807128,0.34957802,0.0907047,-0.04963597,0.16500342,0.15324739,-0.90966606,0.28506765,0.95319575
2026_9_20_18-41-41-normal-115200.npz,3,0,normal,115200,20260920-184058-normal-11520,simultaneous_recording_user_confirmed_not_window_time_aligned,4,,,4000,-0.077341124,0.35191482,0.08809029,-0.049951762,0.16325873,0.15770409,-0.9111011,0.2854904,0.9532045
2026_9_20_18-41-41-normal-115200.npz,4,0,normal,115200,20260920-184058-normal-11520,simultaneous_recording_user_confirmed_not_window_time_aligned,5,,,4000,-0.07731651,0.34912127,0.089326985,-0.04956001,0.16128415,0.15884824,-0.90964174,0.28194463,0.9541666
2026_9_20_18-41-41-normal-115200.npz,5,0,normal,115200,20260920-184058-normal-11520,simultaneous_recording_user_confirmed_not_window_time_aligned,6,,,4000,-0.07743488,0.34821987,0.089998916,-0.049567662,0.16279697,0.15641063,-0.91000825,0.27903438,0.9551004
2026_9_20_18-41-41-normal-115200.npz,6,0,normal,115200,20260920-184058-normal-11520,simultaneous_recording_user_confirmed_not_window_time_aligned,7,,,4000,-0.07708926,0.35860613,0.0846041,-0.0495243,0.1708968,0.14380416,-0.91114235,0.28534538,0.95325345
2026_9_20_18-48-45-normal-460800.npz,0,0,normal,460800,20260920-184857-normal-460800,simultaneous_recording_user_confirmed_not_window_time_aligned,1,,,4000,-0.07740783,0.37605047,0.07812332,-0.0503147,0.16578944,0.1555528,-0.90943825,0.28833842,0.9521443
2026_9_20_18-48-45-normal-460800.npz,1,0,normal,460800,20260920-184857-normal-460800,simultaneous_recording_user_confirmed_not_window_time_aligned,2,,,4000,-0.078608125,0.3795662,0.07900361,-0.050894994,0.16975172,0.15238741,-0.9097737,0.28829587,0.9521918
2026_9_20_18-48-45-normal-460800.npz,2,0,normal,460800,20260920-184857-normal-460800,simultaneous_recording_user_confirmed_not_window_time_aligned,3,,,4000,-0.07816178,0.37300178,0.08073072,-0.049917158,0.17022984,0.14673702,-0.90851605,0.28907225,0.9518195
2026_9_20_18-48-45-normal-460800.npz,3,0,normal,460800,20260920-184857-normal-460800,simultaneous_recording_user_confirmed_not_window_time_aligned,4,,,4000,-0.07797947,0.3796348,0.07781726,-0.05043499,0.16714722,0.15404353,-0.9101902,0.28607655,0.9529313
2026_9_20_18-48-45-normal-460800.npz,4,0,normal,460800,20260920-184857-normal-460800,simultaneous_recording_user_confirmed_not_window_time_aligned,5,,,4000,-0.07811513,0.3784418,0.078521386,-0.050558582,0.16926786,0.15141432,-0.90951675,0.28911075,0.9519079
2026_9_20_18-48-45-normal-460800.npz,5,0,normal,460800,20260920-184857-normal-460800,simultaneous_recording_user_confirmed_not_window_time_aligned,6,,,4000,-0.077379875,0.3750244,0.07846576,-0.049742002,0.16455138,0.15451792,-0.9096053,0.2898661,0.95167774
2026_9_20_19-05-05-outBroken-115200.npz,0,2,outBroken,115200,20260920-190512-outBroken-115200,simultaneous_recording_user_confirmed_not_window_time_aligned,1,,,4000,-0.07643479,0.37981212,0.07492887,-0.050070565,0.18688421,0.12554242,-0.91022974,0.29627505,0.9496919
2026_9_20_19-05-05-outBroken-115200.npz,1,2,outBroken,115200,20260920-190512-outBroken-115200,simultaneous_recording_user_confirmed_not_window_time_aligned,2,,,4000,-0.07754646,0.37986732,0.07693464,-0.049046107,0.21411708,0.09497266,-0.9094783,0.29020748,0.9515562
2026_9_20_19-05-05-outBroken-115200.npz,2,2,outBroken,115200,20260920-190512-outBroken-115200,simultaneous_recording_user_confirmed_not_window_time_aligned,3,,,4000,-0.076150894,0.38605535,0.07219996,-0.049653336,0.18326168,0.1280234,-0.90954316,0.29625604,0.94962573
2026_9_20_19-05-05-outBroken-115200.npz,3,2,outBroken,115200,20260920-190512-outBroken-115200,simultaneous_recording_user_confirmed_not_window_time_aligned,4,,,4000,-0.07577384,0.38112277,0.07326467,-0.051550068,0.18442886,0.13513866,-0.9124325,0.29912806,0.9490021
2026_9_20_19-05-05-outBroken-115200.npz,4,2,outBroken,115200,20260920-190512-outBroken-115200,simultaneous_recording_user_confirmed_not_window_time_aligned,5,,,4000,-0.07634028,0.37942836,0.07489749,-0.047546994,0.18878067,0.112586826,-0.9083681,0.29473957,0.9499918
2026_9_20_19-05-05-outBroken-115200.npz,5,2,outBroken,115200,20260920-190512-outBroken-115200,simultaneous_recording_user_confirmed_not_window_time_aligned,6,,,4000,-0.077120595,0.3836599,0.074770145,-0.049712297,0.18682116,0.124046974,-0.9109918,0.2949505,0.95019716
2026_9_20_19-05-05-outBroken-115200.npz,6,2,outBroken,115200,20260920-190512-outBroken-115200,simultaneous_recording_user_confirmed_not_window_time_aligned,7,,,4000,-0.0753074,0.380687,0.07258423,-0.05115494,0.20425488,0.11146402,-0.9134981,0.29909807,0.94912475
2026_9_20_19-05-05-outBroken-115200.npz,7,2,outBroken,115200,20260920-190512-outBroken-115200,simultaneous_recording_user_confirmed_not_window_time_aligned,8,,,4000,-0.07836628,0.38205296,0.0776165,-0.049447436,0.20868014,0.100956716,-0.90985507,0.30282107,0.9475207
2026_9_20_19-09-18-outBroken-460800.npz,0,2,outBroken,460800,20260920-190913-outBroken-460800,simultaneous_recording_user_confirmed_not_window_time_aligned,1,,,4000,-0.076387554,0.3815065,0.07422891,-0.0499967,0.19380522,0.11746633,-0.90998375,0.29987714,0.9484976
2026_9_20_19-09-18-outBroken-460800.npz,1,2,outBroken,460800,20260920-190913-outBroken-460800,simultaneous_recording_user_confirmed_not_window_time_aligned,2,,,4000,-0.075963445,0.38325158,0.072848715,-0.05361109,0.18273093,0.14686933,-0.9145319,0.2952046,0.95048225
2026_9_20_19-09-18-outBroken-460800.npz,2,2,outBroken,460800,20260920-190913-outBroken-460800,simultaneous_recording_user_confirmed_not_window_time_aligned,3,,,4000,-0.07847527,0.38680404,0.07606022,-0.050337676,0.20105083,0.11140571,-0.90851074,0.29855192,0.9487717
2026_9_20_19-09-18-outBroken-460800.npz,3,2,outBroken,460800,20260920-190913-outBroken-460800,simultaneous_recording_user_confirmed_not_window_time_aligned,35,,,4000,-0.0768409,0.3820264,0.0748577,-0.049252525,0.20381097,0.104582146,-0.9086112,0.30463526,0.94678575
2026_9_20_19-09-18-outBroken-460800.npz,4,2,outBroken,460800,20260920-190913-outBroken-460800,simultaneous_recording_user_confirmed_not_window_time_aligned,36,,,4000,-0.07504523,0.3797788,0.07243667,-0.0521186,0.19285335,0.12745325,-0.9121558,0.29987982,0.94872946
2026_9_20_19-09-18-outBroken-460800.npz,5,2,outBroken,460800,20260920-190913-outBroken-460800,simultaneous_recording_user_confirmed_not_window_time_aligned,38,,,4000,-0.07576662,0.38083467,0.073354505,-0.052757364,0.19326033,0.12971035,-0.9127023,0.2971503,0.94966906
2026_9_20_19-09-18-outBroken-460800.npz,6,2,outBroken,460800,20260920-190913-outBroken-460800,simultaneous_recording_user_confirmed_not_window_time_aligned,39,,,4000,-0.07935382,0.3789884,0.08061405,-0.04922608,0.1909154,0.11736006,-0.9058637,0.29680738,0.9490568
2026_9_20_19-09-18-outBroken-460800.npz,7,2,outBroken,460800,20260920-190913-outBroken-460800,simultaneous_recording_user_confirmed_not_window_time_aligned,40,,,4000,-0.07865501,0.37956637,0.0790906,-0.049896717,0.19393162,0.11691718,-0.9064814,0.29710388,0.9490263
2026_9_20_19-09-18-outBroken-460800.npz,8,2,outBroken,460800,20260920-190913-outBroken-460800,simultaneous_recording_user_confirmed_not_window_time_aligned,41,,,4000,-0.07683351,0.38051072,0.07539665,-0.04999497,0.1954589,0.115708955,-0.9097163,0.3000775,0.94840384
2026_9_20_19-09-18-outBroken-460800.npz,9,2,outBroken,460800,20260920-190913-outBroken-460800,simultaneous_recording_user_confirmed_not_window_time_aligned,42,,,4000,-0.07791582,0.38114905,0.07713143,-0.051757794,0.1927785,0.12600122,-0.9111364,0.29541895,0.95006186
2026_9_20_19-22-20-inBroken-115200.npz,0,1,inBroken,115200,20260920-192216-inBroken-115200,simultaneous_recording_user_confirmed_not_window_time_aligned,1,,,4000,-0.07615123,0.38604978,0.072202146,-0.050125945,0.17694043,0.13830963,-0.91109383,0.3388916,0.9352986
2026_9_20_19-22-20-inBroken-115200.npz,1,1,inBroken,115200,20260920-192216-inBroken-115200,simultaneous_recording_user_confirmed_not_window_time_aligned,2,,,4000,-0.07635331,0.38726315,0.0721367,-0.05035161,0.17195988,0.14637531,-0.9100142,0.33973238,0.9348533
2026_9_20_19-22-20-inBroken-115200.npz,2,1,inBroken,115200,20260920-192216-inBroken-115200,simultaneous_recording_user_confirmed_not_window_time_aligned,3,,,4000,-0.07669214,0.39223278,0.07103064,-0.051233605,0.1817927,0.13707526,-0.9091615,0.34176248,0.9340086
2026_9_20_19-22-20-inBroken-115200.npz,3,1,inBroken,115200,20260920-192216-inBroken-115200,simultaneous_recording_user_confirmed_not_window_time_aligned,4,,,4000,-0.07700856,0.39797136,0.06966941,-0.05097677,0.17757027,0.14150465,-0.9098514,0.34853554,0.9316447
2026_9_20_19-22-20-inBroken-115200.npz,4,1,inBroken,115200,20260920-192216-inBroken-115200,simultaneous_recording_user_confirmed_not_window_time_aligned,5,,,4000,-0.07687216,0.40296295,0.067846015,-0.0509721,0.17869909,0.13995,-0.91062486,0.35278144,0.9301965
2026_9_20_19-22-20-inBroken-115200.npz,5,1,inBroken,115200,20260920-192216-inBroken-115200,simultaneous_recording_user_confirmed_not_window_time_aligned,6,,,4000,-0.07622377,0.4043082,0.06636859,-0.050232943,0.17766175,0.13784881,-0.91058946,0.3488747,0.9316241
2026_9_20_19-22-20-inBroken-115200.npz,6,1,inBroken,115200,20260920-192216-inBroken-115200,simultaneous_recording_user_confirmed_not_window_time_aligned,7,,,4000,-0.07598157,0.40885007,0.06461176,-0.050571263,0.1791458,0.1374675,-0.9104109,0.35299212,0.9300881
2026_9_20_19-22-20-inBroken-115200.npz,7,1,inBroken,115200,20260920-192216-inBroken-115200,simultaneous_recording_user_confirmed_not_window_time_aligned,8,,,4000,-0.07634889,0.41167685,0.064362004,-0.05052106,0.17987545,0.13627231,-0.9094673,0.35219708,0.9302466
2026_9_20_19-26-17-inBroken-460800.npz,0,1,inBroken,460800,20260920-192610-inBroken-460800,simultaneous_recording_user_confirmed_not_window_time_aligned,1,,,4000,-0.07673033,0.4353211,0.058501303,-0.050355613,0.1883518,0.12507196,-0.9099965,0.37263927,0.9226427
2026_9_20_19-26-17-inBroken-460800.npz,1,1,inBroken,460800,20260920-192610-inBroken-460800,simultaneous_recording_user_confirmed_not_window_time_aligned,2,,,4000,-0.07557686,0.43478066,0.0569882,-0.05055174,0.18810107,0.12621856,-0.9122653,0.3722636,0.9231407
2026_9_20_19-26-17-inBroken-460800.npz,2,1,inBroken,460800,20260920-192610-inBroken-460800,simultaneous_recording_user_confirmed_not_window_time_aligned,3,,,4000,-0.07550547,0.43568602,0.05666397,-0.049962383,0.18752252,0.12432351,-0.9115655,0.37125883,0.923415
2026_9_20_19-26-17-inBroken-460800.npz,3,1,inBroken,460800,20260920-192610-inBroken-460800,simultaneous_recording_user_confirmed_not_window_time_aligned,30,,,4000,-0.076444976,0.44517702,0.055689834,-0.05040153,0.18861455,0.1249659,-0.9109208,0.37820026,0.9206503
2026_9_20_19-26-17-inBroken-460800.npz,4,1,inBroken,460800,20260920-192610-inBroken-460800,simultaneous_recording_user_confirmed_not_window_time_aligned,31,,,4000,-0.07641782,0.4472829,0.055158604,-0.050522637,0.18922257,0.124787174,-0.9098172,0.3803112,0.9196543
2026_9_20_19-26-17-inBroken-460800.npz,5,1,inBroken,460800,20260920-192610-inBroken-460800,simultaneous_recording_user_confirmed_not_window_time_aligned,32,,,4000,-0.07664479,0.4482089,0.055252317,-0.050477695,0.19151369,0.121991515,-0.9105355,0.38256514,0.9188937
2026_9_20_19-26-17-inBroken-460800.npz,6,1,inBroken,460800,20260920-192610-inBroken-460800,simultaneous_recording_user_confirmed_not_window_time_aligned,33,,,4000,-0.07683028,0.4515848,0.05472365,-0.050547495,0.19070211,0.12320225,-0.90997565,0.3830351,0.9186189
2026_9_20_19-37-24-roll-115200.npz,0,3,roll,115200,20260920-193718-roll-115200,simultaneous_recording_user_confirmed_not_window_time_aligned,1,,,4000,-0.07522958,0.53168744,0.038498588,-0.052136265,0.2869097,0.061950397,-0.9097504,0.4820593,0.87689555
2026_9_20_19-37-24-roll-115200.npz,1,3,roll,115200,20260920-193718-roll-115200,simultaneous_recording_user_confirmed_not_window_time_aligned,2,,,4000,-0.07685663,0.515145,0.04262034,-0.05045019,0.25035962,0.07511326,-0.90965134,0.43215322,0.89859504
2026_9_20_19-37-24-roll-115200.npz,2,3,roll,115200,20260920-193718-roll-115200,simultaneous_recording_user_confirmed_not_window_time_aligned,3,,,4000,-0.076649986,0.5246665,0.04093864,-0.050830543,0.24956083,0.076614134,-0.91137636,0.44465554,0.8936384
2026_9_20_19-37-24-roll-115200.npz,3,3,roll,115200,20260920-193718-roll-115200,simultaneous_recording_user_confirmed_not_window_time_aligned,4,,,4000,-0.076563254,0.52054673,0.041471925,-0.050589874,0.2515626,0.07483206,-0.91184,0.4420126,0.8948619
2026_9_20_19-37-24-roll-115200.npz,4,3,roll,115200,20260920-193718-roll-115200,simultaneous_recording_user_confirmed_not_window_time_aligned,5,,,4000,-0.07600255,0.52185374,0.0406955,-0.04990052,0.2529504,0.07221319,-0.9127981,0.4397832,0.89600617
2026_9_20_19-37-24-roll-115200.npz,5,3,roll,115200,20260920-193718-roll-115200,simultaneous_recording_user_confirmed_not_window_time_aligned,6,,,4000,-0.076292776,0.5309011,0.039663576,-0.049078185,0.26004723,0.06649956,-0.9125346,0.4473751,0.8927173
2026_9_20_19-37-24-roll-115200.npz,6,3,roll,115200,20260920-193718-roll-115200,simultaneous_recording_user_confirmed_not_window_time_aligned,7,,,4000,-0.07644793,0.5262317,0.04049971,-0.049802966,0.25343716,0.07169528,-0.9124908,0.43893158,0.896304
2026_9_20_19-37-24-roll-115200.npz,7,3,roll,115200,20260920-193718-roll-115200,simultaneous_recording_user_confirmed_not_window_time_aligned,8,,,4000,-0.076429725,0.5242514,0.040775083,-0.05018687,0.25011075,0.0745263,-0.9124249,0.44375867,0.8942396
2026_9_20_19-37-24-roll-115200.npz,8,3,roll,115200,20260920-193718-roll-115200,simultaneous_recording_user_confirmed_not_window_time_aligned,9,,,4000,-0.07627096,0.5299284,0.039781768,-0.05010965,0.24403323,0.07777045,-0.9114885,0.4470634,0.89263135
2026_9_20_19-41-02-roll-460800.npz,0,3,roll,460800,20260920-194108-roll-460800,simultaneous_recording_user_confirmed_not_window_time_aligned,1,,,4000,-0.075005986,0.5339501,0.03796736,-0.049930785,0.27059135,0.06375681,-0.91074103,0.43528122,0.8974934
2026_9_20_19-41-02-roll-460800.npz,1,3,roll,460800,20260920-194108-roll-460800,simultaneous_recording_user_confirmed_not_window_time_aligned,2,,,4000,-0.07538834,0.5332066,0.038443502,-0.050294023,0.26398623,0.067680836,-0.9127985,0.43183565,0.89935595
2026_9_20_19-41-02-roll-460800.npz,2,3,roll,460800,20260920-194108-roll-460800,simultaneous_recording_user_confirmed_not_window_time_aligned,3,,,4000,-0.07591944,0.5274711,0.03978395,-0.04979353,0.26672184,0.06516193,-0.9115741,0.4253833,0.9018112
2026_9_20_19-54-31-keep-115200.npz,0,-1,keep,115200,20260920-195424-keep-115200,simultaneous_recording_user_confirmed_not_window_time_aligned,1,,,4000,-0.07528905,0.5314732,0.03858695,-0.049945768,0.29765022,0.05331182,-0.9128224,0.44540936,0.8936178
2026_9_20_19-54-31-keep-115200.npz,1,-1,keep,115200,20260920-195424-keep-115200,simultaneous_recording_user_confirmed_not_window_time_aligned,2,,,4000,-0.07650635,0.56686556,0.03514994,-0.050745945,0.30283207,0.05317404,-0.91261095,0.46722046,0.8841329
2026_9_20_19-54-31-keep-115200.npz,2,-1,keep,115200,20260920-195424-keep-115200,simultaneous_recording_user_confirmed_not_window_time_aligned,3,,,4000,-0.07557667,0.579588,0.032888487,-0.049545046,0.3253747,0.044317607,-0.91072476,0.47748026,0.87916905
2026_9_20_19-54-31-keep-115200.npz,3,-1,keep,115200,20260920-195424-keep-115200,simultaneous_recording_user_confirmed_not_window_time_aligned,4,,,4000,-0.0765951,0.57958347,0.033751324,-0.050032493,0.30430856,0.051290717,-0.9122461,0.47967836,0.87854594
2026_9_20_19-54-31-keep-115200.npz,4,-1,keep,115200,20260920-195424-keep-115200,simultaneous_recording_user_confirmed_not_window_time_aligned,5,,,4000,-0.075825475,0.5944168,0.031518754,-0.049586225,0.28335476,0.057712976,-0.910279,0.49146777,0.87279
2026_9_20_19-54-31-keep-115200.npz,5,-1,keep,115200,20260920-195424-keep-115200,simultaneous_recording_user_confirmed_not_window_time_aligned,6,,,4000,-0.074824214,0.60494804,0.029688517,-0.049786087,0.30416745,0.05085707,-0.91114295,0.4888839,0.8741652
2026_9_20_19-54-31-keep-115200.npz,6,-1,keep,115200,20260920-195424-keep-115200,simultaneous_recording_user_confirmed_not_window_time_aligned,7,,,4000,-0.07576106,0.5502814,0.036525212,-0.049679454,0.31517214,0.047339696,-0.9133225,0.45841545,0.88812965
2026_9_20_19-54-31-keep-115200.npz,7,-1,keep,115200,20260920-195424-keep-115200,simultaneous_recording_user_confirmed_not_window_time_aligned,8,,,4000,-0.07596018,0.57287955,0.03396781,-0.050238855,0.269808,0.06484596,-0.91201746,0.46611413,0.8844849
2026_9_20_19-58-01-keep-460800.npz,0,-1,keep,460800,20260920-195753-keep-460800,simultaneous_recording_user_confirmed_not_window_time_aligned,1,,,4000,-0.074823216,0.58491695,0.031690408,-0.049065087,0.32664838,0.04317634,-0.91320145,0.477462,0.8797528
2026_9_20_19-58-01-keep-460800.npz,1,-1,keep,460800,20260920-195753-keep-460800,simultaneous_recording_user_confirmed_not_window_time_aligned,2,,,4000,-0.07539487,0.5638568,0.034523733,-0.049666923,0.31162614,0.048347667,-0.9138886,0.49148965,0.8736567
2026_9_20_19-58-01-keep-460800.npz,2,-1,keep,460800,20260920-195753-keep-460800,simultaneous_recording_user_confirmed_not_window_time_aligned,3,,,4000,-0.07614409,0.5960542,0.0316069,-0.04934711,0.31328577,0.047275823,-0.91186637,0.4839313,0.8765595
2026_9_20_19-58-01-keep-460800.npz,3,-1,keep,460800,20260920-195753-keep-460800,simultaneous_recording_user_confirmed_not_window_time_aligned,6,,,4000,-0.07497671,0.56143665,0.034439847,-0.04963772,0.27320394,0.061931845,-0.9154936,0.45252904,0.8911333
2026_9_20_19-58-01-keep-460800.npz,4,-1,keep,460800,20260920-195753-keep-460800,simultaneous_recording_user_confirmed_not_window_time_aligned,7,,,4000,-0.074715085,0.56367505,0.033946097,-0.04949348,0.27312636,0.061627146,-0.9137666,0.47775346,0.8797547
2026_9_20_19-58-01-keep-460800.npz,5,-1,keep,460800,20260920-195753-keep-460800,simultaneous_recording_user_confirmed_not_window_time_aligned,29,,,4000,-0.07448646,0.5813587,0.031788222,-0.049389552,0.31614694,0.04653972,-0.9131835,0.4825463,0.87748945
2026_9_20_19-58-01-keep-460800.npz,6,-1,keep,460800,20260920-195753-keep-460800,simultaneous_recording_user_confirmed_not_window_time_aligned,30,,,4000,-0.07581734,0.59435487,0.031518564,-0.04990865,0.34433532,0.040322244,-0.9124937,0.4745365,0.8808843
2026_9_20_19-58-01-keep-460800.npz,7,-1,keep,460800,20260920-195753-keep-460800,simultaneous_recording_user_confirmed_not_window_time_aligned,31,,,4000,-0.07637018,0.5847451,0.032989495,-0.04978938,0.31646204,0.04717088,-0.91211814,0.47747356,0.8794967
2026_9_20_19-58-01-keep-460800.npz,8,-1,keep,460800,20260920-195753-keep-460800,simultaneous_recording_user_confirmed_not_window_time_aligned,32,,,4000,-0.0761671,0.5578724,0.035941754,-0.050564952,0.29220915,0.0565042,-0.9112831,0.45519125,0.8890839
2026_9_20_19-58-01-keep-460800.npz,9,-1,keep,460800,20260920-195753-keep-460800,simultaneous_recording_user_confirmed_not_window_time_aligned,33,,,4000,-0.07547056,0.5429306,0.037207346,-0.049696837,0.31600982,0.047132347,-0.9118853,0.43900105,0.8961516
2026_9_20_20-17-49-bigNormal-115200.npz,0,-1,bigNormal,115200,20260920-201757-bigNormal-115200,simultaneous_recording_user_confirmed_not_window_time_aligned,1,,,4000,-0.09977919,0.66711503,0.042825263,-0.0498728,0.51676536,0.01828758,-0.7855496,1.0137645,0.5456376
2026_9_20_20-17-49-bigNormal-115200.npz,1,-1,bigNormal,115200,20260920-201757-bigNormal-115200,simultaneous_recording_user_confirmed_not_window_time_aligned,2,,,4000,-0.10578179,0.6786581,0.046338793,-0.055577006,0.5289057,0.021606183,-0.7816947,1.0277728,0.5363825
2026_9_20_20-17-49-bigNormal-115200.npz,2,-1,bigNormal,115200,20260920-201757-bigNormal-115200,simultaneous_recording_user_confirmed_not_window_time_aligned,3,,,4000,-0.10251793,0.5706647,0.060631897,-0.049566533,0.46622548,0.022105794,-0.8167201,0.9365885,0.60330343
2026_9_20_20-17-49-bigNormal-115200.npz,3,-1,bigNormal,115200,20260920-201757-bigNormal-115200,simultaneous_recording_user_confirmed_not_window_time_aligned,4,,,4000,-0.102117,0.5958524,0.055483073,-0.052028343,0.48031816,0.022928644,-0.8145702,0.9668491,0.5867106
2026_9_20_20-17-49-bigNormal-115200.npz,4,-1,bigNormal,115200,20260920-201757-bigNormal-115200,simultaneous_recording_user_confirmed_not_window_time_aligned,5,,,4000,-0.10594727,0.6598475,0.04903285,-0.05536642,0.5189196,0.022261089,-0.791216,1.0085429,0.5517564
2026_9_20_20-17-49-bigNormal-115200.npz,5,-1,bigNormal,115200,20260920-201757-bigNormal-115200,simultaneous_recording_user_confirmed_not_window_time_aligned,6,,,4000,-0.10168492,0.59207135,0.05570614,-0.053985223,0.47969514,0.024705026,-0.81062186,0.9763821,0.57958084
2026_9_20_20-17-49-bigNormal-115200.npz,6,-1,bigNormal,115200,20260920-201757-bigNormal-115200,simultaneous_recording_user_confirmed_not_window_time_aligned,7,,,4000,-0.104393296,0.7007421,0.042500783,-0.052661605,0.566984,0.01696082,-0.76673496,1.0875108,0.49853775
2026_9_20_20-17-49-bigNormal-115200.npz,7,-1,bigNormal,115200,20260920-201757-bigNormal-115200,simultaneous_recording_user_confirmed_not_window_time_aligned,8,,,4000,-0.10374645,0.6170422,0.053513158,-0.048512474,0.4793791,0.020071197,-0.8072418,0.9706304,0.5804229
2026_9_20_20-21-22-bigNormal-460800.npz,0,-1,bigNormal,460800,20260920-202115-bigNormal-460800,simultaneous_recording_user_confirmed_not_window_time_aligned,1,,,4000,-0.10720814,0.66677123,0.049163025,-0.059098557,0.5262069,0.024606464,-0.78017193,1.0232371,0.53761214
2026_9_20_20-21-22-bigNormal-460800.npz,1,-1,bigNormal,460800,20260920-202115-bigNormal-460800,simultaneous_recording_user_confirmed_not_window_time_aligned,2,,,4000,-0.09914571,0.663766,0.042715833,-0.046918113,0.5433356,0.014694136,-0.78201485,1.0197605,0.5404725
2026_9_20_20-21-22-bigNormal-460800.npz,2,-1,bigNormal,460800,20260920-202115-bigNormal-460800,simultaneous_recording_user_confirmed_not_window_time_aligned,3,,,4000,-0.09697307,0.5685685,0.054980136,-0.048464596,0.44300655,0.023376815,-0.8224757,0.9305969,0.6097216
2026_9_20_20-21-22-bigNormal-460800.npz,3,-1,bigNormal,460800,20260920-202115-bigNormal-460800,simultaneous_recording_user_confirmed_not_window_time_aligned,4,,,4000,-0.09882089,0.59581816,0.052148473,-0.04711623,0.47187653,0.019549739,-0.80260503,0.9698704,0.5779958
