id,bag_id,method,task,fold,direction,seed,modality,true_label,p0,p1,p2,p3
radar_inference_20260920-184058-normal-11520,20260920-184058-normal-11520,radar_only_saved_model,interface_control,inference_no_labels,no_evaluation,42,radar,-1,0.9920555983701056,0.0027534238452376,0.0022107005066759,0.0029802772779806
radar_inference_20260920-184857-normal-460800,20260920-184857-normal-460800,radar_only_saved_model,interface_control,inference_no_labels,no_evaluation,42,radar,-1,0.9863202018293332,0.0057621768618019,0.0045921544778476,0.0033254668310172
radar_inference_20260920-190512-outBroken-115200,20260920-190512-outBroken-115200,radar_only_saved_model,interface_control,inference_no_labels,no_evaluation,42,radar,-1,0.0029641379261518,1.334067357238366e-05,0.9921735545385212,0.0048489668617545
radar_inference_20260920-190913-outBroken-460800,20260920-190913-outBroken-460800,radar_only_saved_model,interface_control,inference_no_labels,no_evaluation,42,radar,-1,0.0016463779372646,2.6336248812096208e-05,0.9938606336455312,0.004466652168392
radar_inference_20260920-192216-inBroken-115200,20260920-192216-inBroken-115200,radar_only_saved_model,interface_control,inference_no_labels,no_evaluation,42,radar,-1,0.0066510585004412,0.9871056166111468,0.0002354614943159,0.0060078633940959
radar_inference_20260920-192610-inBroken-460800,20260920-192610-inBroken-460800,radar_only_saved_model,interface_control,inference_no_labels,no_evaluation,42,radar,-1,0.0025875144465572,0.991261612308543,8.575288539668734e-05,0.0060651203595029
radar_inference_20260920-193718-roll-115200,20260920-193718-roll-115200,radar_only_saved_model,interface_control,inference_no_labels,no_evaluation,42,radar,-1,0.005751510339344,0.0095807534586021,0.0061487362773757,0.978518999924678
radar_inference_20260920-194108-roll-460800,20260920-194108-roll-460800,radar_only_saved_model,interface_control,inference_no_labels,no_evaluation,42,radar,-1,0.0005730434786112,0.0029354807522527,0.0021051929169979,0.994386282852138
radar_inference_20260920-195424-keep-115200,20260920-195424-keep-115200,radar_only_saved_model,interface_control,inference_no_labels,no_evaluation,42,radar,-1,0.0796030517953717,0.0007729963898178,0.8792256918521574,0.040398259962653
radar_inference_20260920-195753-keep-460800,20260920-195753-keep-460800,radar_only_saved_model,interface_control,inference_no_labels,no_evaluation,42,radar,-1,0.0364870734377433,0.0003489396590591,0.9373429241106352,0.0258210627925621
radar_inference_20260920-201757-bigNormal-115200,20260920-201757-bigNormal-115200,radar_only_saved_model,interface_control,inference_no_labels,no_evaluation,42,radar,-1,0.0321947152000766,0.059234075494276,0.3692729421932446,0.5392982671124026
radar_inference_20260920-202115-bigNormal-460800,20260920-202115-bigNormal-460800,radar_only_saved_model,interface_control,inference_no_labels,no_evaluation,42,radar,-1,0.0387481536313126,0.0489991439558239,0.5514184221755771,0.3608342802372863
