task,fold,bag_id,role,label,state,prediction,p0,p1,p2,p3
four_class_provisional_roi,115200_to_460800,20260920-184058-normal-11520,train,0,normal,3,0.14298537373542786,0.045735932886600494,0.3289308547973633,0.48234790563583374
four_class_provisional_roi,115200_to_460800,20260920-184857-normal-460800,test,0,normal,3,0.07107789069414139,0.15104328095912933,0.33844998478889465,0.43942883610725403
four_class_provisional_roi,115200_to_460800,20260920-190512-outBroken-115200,train,2,outBroken,3,0.020567383617162704,0.2604086399078369,0.09655968844890594,0.6224642992019653
four_class_provisional_roi,115200_to_460800,20260920-190913-outBroken-460800,test,2,outBroken,3,0.02067369595170021,0.25270065665245056,0.10850648581981659,0.6181191205978394
four_class_provisional_roi,115200_to_460800,20260920-192216-inBroken-115200,train,1,inBroken,2,0.028346288949251175,0.1038774698972702,0.7584215402603149,0.10935471951961517
four_class_provisional_roi,115200_to_460800,20260920-192610-inBroken-460800,test,1,inBroken,2,0.01221983227878809,0.15660372376441956,0.7297354340553284,0.10144098848104477
four_class_provisional_roi,115200_to_460800,20260920-193718-roll-115200,train,3,roll,2,0.029115743935108185,0.1003418117761612,0.45888805389404297,0.41165441274642944
four_class_provisional_roi,115200_to_460800,20260920-194108-roll-460800,test,3,roll,3,0.020968200638890266,0.16355596482753754,0.29814156889915466,0.5173342823982239
four_class_provisional_roi,460800_to_115200,20260920-184058-normal-11520,test,0,normal,3,0.14298537373542786,0.045735932886600494,0.3289308547973633,0.48234790563583374
four_class_provisional_roi,460800_to_115200,20260920-184857-normal-460800,train,0,normal,3,0.07107789069414139,0.15104328095912933,0.33844998478889465,0.43942883610725403
four_class_provisional_roi,460800_to_115200,20260920-190512-outBroken-115200,test,2,outBroken,3,0.020567383617162704,0.2604086399078369,0.09655968844890594,0.6224642992019653
four_class_provisional_roi,460800_to_115200,20260920-190913-outBroken-460800,train,2,outBroken,3,0.02067369595170021,0.25270065665245056,0.10850648581981659,0.6181191205978394
four_class_provisional_roi,460800_to_115200,20260920-192216-inBroken-115200,test,1,inBroken,2,0.028346288949251175,0.1038774698972702,0.7584215402603149,0.10935471951961517
four_class_provisional_roi,460800_to_115200,20260920-192610-inBroken-460800,train,1,inBroken,2,0.01221983227878809,0.15660372376441956,0.7297354340553284,0.10144098848104477
four_class_provisional_roi,460800_to_115200,20260920-193718-roll-115200,test,3,roll,2,0.029115743935108185,0.1003418117761612,0.45888805389404297,0.41165441274642944
four_class_provisional_roi,460800_to_115200,20260920-194108-roll-460800,train,3,roll,3,0.020968200638890266,0.16355596482753754,0.29814156889915466,0.5173342823982239
four_class_provisional_roi,all_known,20260920-184058-normal-11520,train,0,normal,3,0.14298537373542786,0.045735932886600494,0.3289308547973633,0.48234790563583374
four_class_provisional_roi,all_known,20260920-184857-normal-460800,train,0,normal,3,0.07107789069414139,0.15104328095912933,0.33844998478889465,0.43942883610725403
four_class_provisional_roi,all_known,20260920-190512-outBroken-115200,train,2,outBroken,3,0.020567383617162704,0.2604086399078369,0.09655968844890594,0.6224642992019653
four_class_provisional_roi,all_known,20260920-190913-outBroken-460800,train,2,outBroken,3,0.02067369595170021,0.25270065665245056,0.10850648581981659,0.6181191205978394
four_class_provisional_roi,all_known,20260920-192216-inBroken-115200,train,1,inBroken,2,0.028346288949251175,0.1038774698972702,0.7584215402603149,0.10935471951961517
four_class_provisional_roi,all_known,20260920-192610-inBroken-460800,train,1,inBroken,2,0.01221983227878809,0.15660372376441956,0.7297354340553284,0.10144098848104477
four_class_provisional_roi,all_known,20260920-193718-roll-115200,train,3,roll,2,0.029115743935108185,0.1003418117761612,0.45888805389404297,0.41165441274642944
four_class_provisional_roi,all_known,20260920-194108-roll-460800,train,3,roll,3,0.020968200638890266,0.16355596482753754,0.29814156889915466,0.5173342823982239
four_class_provisional_roi,all_known,20260920-195424-keep-115200,external,-1,keep,1,0.003816200653091073,0.622756838798523,0.3408359885215759,0.032590944319963455
four_class_provisional_roi,all_known,20260920-195753-keep-460800,external,-1,keep,1,0.00341526186093688,0.5618951320648193,0.3943145275115967,0.04037510231137276
four_class_provisional_roi,all_known,20260920-201757-bigNormal-115200,external,-1,bigNormal,2,6.156413920321846e-12,9.917484931065701e-06,0.9999901056289673,3.4463588233224485e-11
four_class_provisional_roi,all_known,20260920-202115-bigNormal-460800,external,-1,bigNormal,2,5.819187362879341e-13,2.6896758598127235e-08,1.0,1.2855845945083932e-12
three_class_geometry_compatible,115200_to_460800,20260920-184058-normal-11520,train,0,normal,3,0.14298537373542786,0.045735932886600494,0.3289308547973633,0.48234790563583374
three_class_geometry_compatible,115200_to_460800,20260920-184857-normal-460800,test,0,normal,3,0.07107789069414139,0.15104328095912933,0.33844998478889465,0.43942883610725403
three_class_geometry_compatible,115200_to_460800,20260920-192216-inBroken-115200,train,1,inBroken,2,0.028346288949251175,0.1038774698972702,0.7584215402603149,0.10935471951961517
three_class_geometry_compatible,115200_to_460800,20260920-192610-inBroken-460800,test,1,inBroken,2,0.01221983227878809,0.15660372376441956,0.7297354340553284,0.10144098848104477
three_class_geometry_compatible,115200_to_460800,20260920-193718-roll-115200,train,3,roll,2,0.029115743935108185,0.1003418117761612,0.45888805389404297,0.41165441274642944
three_class_geometry_compatible,115200_to_460800,20260920-194108-roll-460800,test,3,roll,3,0.020968200638890266,0.16355596482753754,0.29814156889915466,0.5173342823982239
three_class_geometry_compatible,460800_to_115200,20260920-184058-normal-11520,test,0,normal,3,0.14298537373542786,0.045735932886600494,0.3289308547973633,0.48234790563583374
three_class_geometry_compatible,460800_to_115200,20260920-184857-normal-460800,train,0,normal,3,0.07107789069414139,0.15104328095912933,0.33844998478889465,0.43942883610725403
three_class_geometry_compatible,460800_to_115200,20260920-192216-inBroken-115200,test,1,inBroken,2,0.028346288949251175,0.1038774698972702,0.7584215402603149,0.10935471951961517
three_class_geometry_compatible,460800_to_115200,20260920-192610-inBroken-460800,train,1,inBroken,2,0.01221983227878809,0.15660372376441956,0.7297354340553284,0.10144098848104477
three_class_geometry_compatible,460800_to_115200,20260920-193718-roll-115200,test,3,roll,2,0.029115743935108185,0.1003418117761612,0.45888805389404297,0.41165441274642944
three_class_geometry_compatible,460800_to_115200,20260920-194108-roll-460800,train,3,roll,3,0.020968200638890266,0.16355596482753754,0.29814156889915466,0.5173342823982239
three_class_geometry_compatible,all_known,20260920-184058-normal-11520,train,0,normal,3,0.14298537373542786,0.045735932886600494,0.3289308547973633,0.48234790563583374
three_class_geometry_compatible,all_known,20260920-184857-normal-460800,train,0,normal,3,0.07107789069414139,0.15104328095912933,0.33844998478889465,0.43942883610725403
three_class_geometry_compatible,all_known,20260920-192216-inBroken-115200,train,1,inBroken,2,0.028346288949251175,0.1038774698972702,0.7584215402603149,0.10935471951961517
three_class_geometry_compatible,all_known,20260920-192610-inBroken-460800,train,1,inBroken,2,0.01221983227878809,0.15660372376441956,0.7297354340553284,0.10144098848104477
three_class_geometry_compatible,all_known,20260920-193718-roll-115200,train,3,roll,2,0.029115743935108185,0.1003418117761612,0.45888805389404297,0.41165441274642944
three_class_geometry_compatible,all_known,20260920-194108-roll-460800,train,3,roll,3,0.020968200638890266,0.16355596482753754,0.29814156889915466,0.5173342823982239
three_class_geometry_compatible,all_known,20260920-195424-keep-115200,external,-1,keep,1,0.003816200653091073,0.622756838798523,0.3408359885215759,0.032590944319963455
three_class_geometry_compatible,all_known,20260920-195753-keep-460800,external,-1,keep,1,0.00341526186093688,0.5618951320648193,0.3943145275115967,0.04037510231137276
three_class_geometry_compatible,all_known,20260920-201757-bigNormal-115200,external,-1,bigNormal,2,6.156413920321846e-12,9.917484931065701e-06,0.9999901056289673,3.4463588233224485e-11
three_class_geometry_compatible,all_known,20260920-202115-bigNormal-460800,external,-1,bigNormal,2,5.819187362879341e-13,2.6896758598127235e-08,1.0,1.2855845945083932e-12
