metric,pooled_correct_median,pooled_wrong_median,mixed_recordings,median_within_recording_difference,positive_difference_recordings,negative_difference_recordings
ac_vector_rms,0.5254493667377433,0.5437214135569283,5,0.0008749195994156578,4,1
dc_vector_norm,0.915151312835468,0.9146662333869682,5,-0.0006298179506305512,1,4
raw_abs_max,1.854216992855072,1.9019800424575806,5,0.0,2,2
max_axis_crest,3.4079337745886504,3.559721708866502,5,-0.035260214254021705,2,3
median_axis_kurtosis,2.4175665601431966,2.4079146829554032,5,-0.014413176834740415,2,3
endpoint_fraction_any_axis,0.0,0.0,5,0.0,1,0
endpoint_run_max,0.0,0.0,5,0.0,0,0
subwindow_rms_cv_mean,0.023255673761547777,0.028972062337457142,5,0.0009820969333645766,3,2
dominant_peak_hz,33.0,33.0,5,0.0,0,0
quarter_peak_span_hz,0.0,34.0,5,0.0,0,2
energy_100_800_fraction,0.8782992759724229,0.8844196058966802,5,-0.0005575289493664481,2,3
energy_800_1800_fraction,0.11421707193374453,0.10057291507045549,5,0.001260548799429051,3,2
energy_1800_2000_fraction,0.005564770940541703,0.007322669536096633,5,-0.0002413325528889572,1,4
spectral_entropy,0.34283242092705946,0.3546021884744124,5,-0.003635632303820968,2,3
within_recording_js_distance,0.1294690141472571,0.1505868188637296,5,-0.0020323328273984254,2,3
