bag_id,state,baud,metric,correct_n,wrong_n,correct_median,wrong_median,within_recording_wrong_minus_correct
20260920-184857-normal-460800,normal,460800,ac_vector_rms,5,1,0.5020352344187589,0.5038856259457017,0.001850391526942885
20260920-184857-normal-460800,normal,460800,dc_vector_norm,5,1,0.9142453340228743,0.9149147802835146,0.0006694462606402496
20260920-184857-normal-460800,normal,460800,raw_abs_max,5,1,1.8140180110931396,1.8240220546722412,0.010004043579101562
20260920-184857-normal-460800,normal,460800,max_axis_crest,5,1,3.949002092518058,3.6367746302702177,-0.31222746224784004
20260920-184857-normal-460800,normal,460800,median_axis_kurtosis,5,1,2.429207870397447,2.414417663312846,-0.014790207084601104
20260920-184857-normal-460800,normal,460800,endpoint_fraction_any_axis,5,1,0.0,0.0,0.0
20260920-184857-normal-460800,normal,460800,endpoint_run_max,5,1,0.0,0.0,0.0
20260920-184857-normal-460800,normal,460800,subwindow_rms_cv_mean,5,1,0.025493204304826215,0.02266835029102392,-0.0028248540138022943
20260920-184857-normal-460800,normal,460800,dominant_peak_hz,5,1,33.0,33.0,0.0
20260920-184857-normal-460800,normal,460800,quarter_peak_span_hz,5,1,0.0,0.0,0.0
20260920-184857-normal-460800,normal,460800,energy_100_800_fraction,5,1,0.8721407873042304,0.8595291101717858,-0.012611677132444599
20260920-184857-normal-460800,normal,460800,energy_800_1800_fraction,5,1,0.12045177361181307,0.13273673627601162,0.012284962664198554
20260920-184857-normal-460800,normal,460800,energy_1800_2000_fraction,5,1,0.005804625691253044,0.005563293138364087,-0.0002413325528889572
20260920-184857-normal-460800,normal,460800,spectral_entropy,5,1,0.3443638658065996,0.3466592626644977,0.002295396857898091
20260920-184857-normal-460800,normal,460800,within_recording_js_distance,5,1,0.13130405219396438,0.14166153899624506,0.010357486802280685
20260920-190512-outBroken-115200,outBroken,115200,ac_vector_rms,4,4,0.5193664876964182,0.5202414072958339,0.0008749195994156578
20260920-190512-outBroken-115200,outBroken,115200,dc_vector_norm,4,4,0.915080216313163,0.9144503983625325,-0.0006298179506305512
20260920-190512-outBroken-115200,outBroken,115200,raw_abs_max,4,4,1.9508410096168518,1.8458905220031738,-0.10495048761367798
20260920-190512-outBroken-115200,outBroken,115200,max_axis_crest,4,4,3.593345785128423,3.6662426917904787,0.07289690666205573
20260920-190512-outBroken-115200,outBroken,115200,median_axis_kurtosis,4,4,2.4492030168248715,2.4250104966510175,-0.024192520173853982
20260920-190512-outBroken-115200,outBroken,115200,endpoint_fraction_any_axis,4,4,0.0,0.0,0.0
20260920-190512-outBroken-115200,outBroken,115200,endpoint_run_max,4,4,0.0,0.0,0.0
20260920-190512-outBroken-115200,outBroken,115200,subwindow_rms_cv_mean,4,4,0.026914964451486882,0.025651147676306774,-0.0012638167751801085
20260920-190512-outBroken-115200,outBroken,115200,dominant_peak_hz,4,4,33.0,33.0,0.0
20260920-190512-outBroken-115200,outBroken,115200,quarter_peak_span_hz,4,4,68.0,52.0,-16.0
20260920-190512-outBroken-115200,outBroken,115200,energy_100_800_fraction,4,4,0.8810214802036082,0.8898742124065979,0.008852732202989766
20260920-190512-outBroken-115200,outBroken,115200,energy_800_1800_fraction,4,4,0.10111682051517094,0.09330703759034975,-0.007809782924821193
20260920-190512-outBroken-115200,outBroken,115200,energy_1800_2000_fraction,4,4,0.012303338951857081,0.010643282814956821,-0.0016600561369002603
20260920-190512-outBroken-115200,outBroken,115200,spectral_entropy,4,4,0.37838526135304756,0.3747496290492266,-0.003635632303820968
20260920-190512-outBroken-115200,outBroken,115200,within_recording_js_distance,4,4,0.1751295011730395,0.16903004728471813,-0.006099453888321366
20260920-190913-outBroken-460800,outBroken,460800,ac_vector_rms,9,1,0.520271784310093,0.5294202120665509,0.009148427756457855
20260920-190913-outBroken-460800,outBroken,460800,dc_vector_norm,9,1,0.9145510182213414,0.9131832763714615,-0.0013677418498799776
20260920-190913-outBroken-460800,outBroken,460800,raw_abs_max,9,1,1.9011260271072388,1.8892920017242432,-0.011834025382995605
20260920-190913-outBroken-460800,outBroken,460800,max_axis_crest,9,1,3.747912826789862,3.71265261253584,-0.035260214254021705
20260920-190913-outBroken-460800,outBroken,460800,median_axis_kurtosis,9,1,2.5201967868520554,2.548797511477579,0.028600724625523544
20260920-190913-outBroken-460800,outBroken,460800,endpoint_fraction_any_axis,9,1,0.0,0.0,0.0
20260920-190913-outBroken-460800,outBroken,460800,endpoint_run_max,9,1,0.0,0.0,0.0
20260920-190913-outBroken-460800,outBroken,460800,subwindow_rms_cv_mean,9,1,0.02755092841113971,0.03974948684869955,0.012198558437559837
20260920-190913-outBroken-460800,outBroken,460800,dominant_peak_hz,9,1,33.0,33.0,0.0
20260920-190913-outBroken-460800,outBroken,460800,quarter_peak_span_hz,9,1,68.0,52.0,-16.0
20260920-190913-outBroken-460800,outBroken,460800,energy_100_800_fraction,9,1,0.8854970178619507,0.8849394889125842,-0.0005575289493664481
20260920-190913-outBroken-460800,outBroken,460800,energy_800_1800_fraction,9,1,0.09725054962612273,0.09851109842555178,0.001260548799429051
20260920-190913-outBroken-460800,outBroken,460800,energy_1800_2000_fraction,9,1,0.01002703475522691,0.009198257949707528,-0.0008287768055193819
20260920-190913-outBroken-460800,outBroken,460800,spectral_entropy,9,1,0.3874796532069673,0.3817256436816866,-0.005754009525280712
20260920-190913-outBroken-460800,outBroken,460800,within_recording_js_distance,9,1,0.15482428596234465,0.15279195313494623,-0.0020323328273984254
20260920-192216-inBroken-115200,inBroken,115200,ac_vector_rms,7,1,0.5627986310500485,0.5580226150473057,-0.0047760160027428
20260920-192216-inBroken-115200,inBroken,115200,dc_vector_norm,7,1,0.9149730100161764,0.9145272102527777,-0.0004457997633986466
20260920-192216-inBroken-115200,inBroken,115200,raw_abs_max,7,1,1.8073079586029053,1.896185040473938,0.08887708187103271
20260920-192216-inBroken-115200,inBroken,115200,max_axis_crest,7,1,2.979770096706315,2.829935589571947,-0.14983450713436808
20260920-192216-inBroken-115200,inBroken,115200,median_axis_kurtosis,7,1,2.203853262912869,2.209953830434947,0.006100567522078215
20260920-192216-inBroken-115200,inBroken,115200,endpoint_fraction_any_axis,7,1,0.0,0.0,0.0
20260920-192216-inBroken-115200,inBroken,115200,endpoint_run_max,7,1,0.0,0.0,0.0
20260920-192216-inBroken-115200,inBroken,115200,subwindow_rms_cv_mean,7,1,0.011102976349331856,0.012085073282696432,0.0009820969333645766
20260920-192216-inBroken-115200,inBroken,115200,dominant_peak_hz,7,1,33.0,33.0,0.0
20260920-192216-inBroken-115200,inBroken,115200,quarter_peak_span_hz,7,1,0.0,0.0,0.0
20260920-192216-inBroken-115200,inBroken,115200,energy_100_800_fraction,7,1,0.8546927724491514,0.8489244323908208,-0.005768340058330601
20260920-192216-inBroken-115200,inBroken,115200,energy_800_1800_fraction,7,1,0.13917998472295035,0.14513805820707684,0.005958073484126497
20260920-192216-inBroken-115200,inBroken,115200,energy_1800_2000_fraction,7,1,0.004919137553492865,0.00477889371423768,-0.00014024383925518528
20260920-192216-inBroken-115200,inBroken,115200,spectral_entropy,7,1,0.26542982800715,0.2682422601410497,0.0028124321338997005
20260920-192216-inBroken-115200,inBroken,115200,within_recording_js_distance,7,1,0.07080642125542333,0.06334371266306829,-0.0074627085923550385
20260920-193718-roll-115200,roll,115200,ac_vector_rms,4,5,0.730796818887297,0.7316241929531511,0.0008273740658540918
20260920-193718-roll-115200,roll,115200,dc_vector_norm,4,5,0.9167198918075383,0.9160042021833814,-0.0007156896241569122
20260920-193718-roll-115200,roll,115200,raw_abs_max,4,5,1.9986040592193604,1.9986040592193604,0.0
20260920-193718-roll-115200,roll,115200,max_axis_crest,4,5,3.003925532659186,3.1633345199436347,0.15940898728444886
20260920-193718-roll-115200,roll,115200,median_axis_kurtosis,4,5,2.1085949919993743,2.094181815164634,-0.014413176834740415
20260920-193718-roll-115200,roll,115200,endpoint_fraction_any_axis,4,5,0.000375,0.0005,0.000125
20260920-193718-roll-115200,roll,115200,endpoint_run_max,4,5,1.0,1.0,0.0
20260920-193718-roll-115200,roll,115200,subwindow_rms_cv_mean,4,5,0.019066043716285824,0.02971667971198354,0.010650635995697717
20260920-193718-roll-115200,roll,115200,dominant_peak_hz,4,5,66.0,66.0,0.0
20260920-193718-roll-115200,roll,115200,quarter_peak_span_hz,4,5,0.0,0.0,0.0
20260920-193718-roll-115200,roll,115200,energy_100_800_fraction,4,5,0.8900630936673587,0.8942695229797838,0.004206429312425097
20260920-193718-roll-115200,roll,115200,energy_800_1800_fraction,4,5,0.10651163650555029,0.10249808526505354,-0.004013551240496752
20260920-193718-roll-115200,roll,115200,energy_1800_2000_fraction,4,5,0.0016679701447992385,0.0017639495270732634,9.597938227402488e-05
20260920-193718-roll-115200,roll,115200,spectral_entropy,4,5,0.2577419830009997,0.24382162270305005,-0.013920360297949658
20260920-193718-roll-115200,roll,115200,within_recording_js_distance,4,5,0.13215196324125117,0.13437188331706476,0.0022199200758135917
