query_id,reference_id,reference_query_split,self_reference
0,1,train,False
0,0,train,True
0,4,train,False
2,1,train,False
2,8,val,False
2,1,train,False
4,0,train,False
4,1,train,False
4,3,train,False
6,0,train,False
6,8,val,False
6,3,train,False
3894,3899,val,False
3894,3894,train,True
3894,3896,train,False
3897,3898,train,False
3897,3901,test,False
3897,3898,train,False
3903,3911,test,False
3903,3909,val,False
3903,3910,val,False
3906,3907,train,False
3906,3903,train,False
3906,3906,train,True
3907,3908,train,False
3907,3904,train,False
3907,3909,val,False
3912,3914,train,False
3912,3920,val,False
3912,3920,val,False
3917,3913,train,False
3917,3913,train,False
3917,3919,val,False
3923,3928,train,False
3923,3927,train,False
3923,3929,val,False
3926,3927,train,False
3926,3922,train,False
3926,3931,test,False
3927,3930,val,False
3927,3925,train,False
3927,3931,test,False
3928,3925,train,False
3928,3922,train,False
3928,3923,train,False
3962,3971,test,False
3962,3962,train,True
3962,3971,test,False
3964,3971,test,False
3964,3970,val,False
3964,3967,train,False
4018,4016,train,False
4018,4020,val,False
4018,4016,train,False
4128,4129,val,False
4128,4123,train,False
4128,4122,train,False
4142,4151,test,False
4142,4142,train,True
4142,4151,test,False
4155,4154,train,False
4155,4156,train,False
4155,4161,test,False
4157,4153,train,False
4157,4159,val,False
4157,4156,train,False
4193,4193,train,True
4193,4196,train,False
4193,4198,train,False
4196,4201,test,False
4196,4201,test,False
4196,4199,val,False
4214,4212,train,False
4214,4221,test,False
4214,4213,train,False
4228,4222,train,False
4228,4229,val,False
4228,4226,train,False
4712,4716,train,False
4712,4712,train,True
4712,4715,train,False
4774,4775,train,False
4774,4777,train,False
4774,4780,val,False
4808,4804,train,False
4808,4808,train,True
4808,4807,train,False
4845,4844,train,False
4845,4847,train,False
4845,4850,val,False
11408,11264,train,False
11408,11280,val,False
11408,11252,train,False
11584,11456,train,False
11584,11432,train,False
11584,11432,train,False
11685,11646,train,False
11685,11662,train,False
11685,11646,train,False
11726,11614,train,False
11726,11631,test,False
11726,11618,train,False
11823,11859,val,False
11823,11797,train,False
11823,11832,train,False
11888,11805,train,False
11888,11808,train,False
11888,11815,train,False
12107,12006,train,False
12107,11984,train,False
12107,12004,train,False
12493,12367,train,False
12493,12342,train,False
12493,12394,train,False
12494,12392,train,False
12494,12384,train,False
12494,12374,train,False
12572,12541,test,False
12572,12741,test,False
12572,12638,train,False
12808,12602,train,False
12808,12543,train,False
12808,12524,train,False
12883,12560,val,False
12883,12704,train,False
12883,12633,train,False
12957,12637,train,False
12957,12707,train,False
12957,12612,train,False
12983,12653,train,False
12983,12561,test,False
12983,12680,val,False
13022,12670,val,False
13022,12624,train,False
13022,12707,train,False
13058,12549,val,False
13058,12549,val,False
13058,12632,train,False
13603,13273,train,False
13603,13261,test,False
13603,13306,train,False
13608,13277,train,False
13608,13301,test,False
13608,13170,val,False
13615,13145,train,False
13615,13155,train,False
13615,13253,train,False
13626,13149,val,False
13626,13293,train,False
13626,13333,train,False
13735,13248,train,False
13735,13125,train,False
13735,13163,train,False
13747,13808,train,False
13747,13746,train,False
13747,13770,val,False
13973,13750,val,False
13973,13927,train,False
13973,13771,test,False
14152,13869,val,False
14152,13931,test,False
14152,13821,test,False
14186,13775,train,False
14186,13938,train,False
14186,13831,test,False
14192,13893,train,False
14192,13900,val,False
14192,13836,train,False
14618,14559,val,False
14618,14469,val,False
14618,14476,train,False
14667,14444,train,False
14667,14526,train,False
14667,14380,val,False
14734,14456,train,False
14734,14494,train,False
14734,14532,train,False
14825,14368,train,False
14825,14452,train,False
14825,14455,train,False
14948,14520,val,False
14948,14429,val,False
14948,14453,train,False
15152,15092,train,False
15152,15317,train,False
15152,15185,train,False
15453,15257,train,False
15453,15180,val,False
15453,15017,train,False
15592,15141,test,False
15592,15144,train,False
15592,15118,train,False
15856,15127,train,False
15856,15156,train,False
15856,15116,train,False
15882,15226,train,False
15882,15006,train,False
15882,15299,val,False
15906,16156,train,False
15906,16164,train,False
15906,15987,train,False
16205,15910,val,False
16205,16229,val,False
16205,16225,train,False
16273,15998,train,False
16273,16284,train,False
16273,16187,train,False
16365,16282,train,False
16365,16103,train,False
16365,16051,test,False
16424,16084,train,False
16424,16221,test,False
16424,16174,train,False
16478,16053,train,False
16478,16136,train,False
16478,16157,train,False
16505,16220,val,False
16505,16068,train,False
16505,15989,val,False
16517,15997,train,False
16517,16032,train,False
16517,15922,train,False
16557,16071,test,False
16557,16060,val,False
16557,15906,train,False
16646,16117,train,False
16646,15935,train,False
16646,16202,train,False
16722,16137,train,False
16722,15986,train,False
16722,15912,train,False
17043,16912,train,False
17043,17136,train,False
17043,17104,train,False
17155,17025,train,False
17155,16989,val,False
17155,17042,train,False
17226,17214,train,False
17226,16897,train,False
17226,17050,val,False
17568,16939,val,False
17568,16867,train,False
17568,17101,test,False
17786,17937,train,False
17786,18088,train,False
17786,18069,val,False
17802,17787,train,False
17802,18069,val,False
17802,17920,val,False
17904,18139,val,False
17904,17895,train,False
17904,17951,test,False
18238,17835,train,False
18238,18072,train,False
18238,17899,val,False
18245,18139,val,False
18245,17804,train,False
18245,17786,train,False
18356,17880,val,False
18356,17881,test,False
18356,17925,train,False
18374,18071,test,False
18374,18162,train,False
18374,17984,train,False
18443,18117,train,False
18443,17797,train,False
18443,17944,train,False
18648,17885,train,False
18648,18054,train,False
18648,17924,train,False
18656,18136,train,False
18656,18010,val,False
18656,18104,train,False
18782,18718,train,False
18782,18732,train,False
18782,18730,val,False
18784,18705,train,False
18784,18706,train,False
18784,18739,val,False
19136,19064,train,False
19136,19079,val,False
19136,19098,train,False
19146,19068,train,False
19146,19085,train,False
19146,19097,train,False
19148,19089,val,False
19148,19072,train,False
19148,19092,train,False
19313,19245,train,False
19313,19249,val,False
19313,19268,train,False
19506,19442,train,False
19506,19442,train,False
19506,19451,test,False
19536,19540,val,False
19536,19515,train,False
19536,19530,val,False
19537,19547,train,False
19537,19547,train,False
19537,19539,val,False
19572,19548,train,False
19572,19515,train,False
19572,19518,train,False
19575,19526,train,False
19575,19542,train,False
19575,19516,train,False
20128,20057,train,False
20128,20062,train,False
20128,20085,train,False
20142,20070,val,False
20142,20086,train,False
20142,20081,test,False
20464,20447,train,False
20464,20439,val,False
20464,20440,val,False
20637,20576,train,False
20637,20588,train,False
20637,20583,train,False
20695,20660,val,False
20695,20654,train,False
20695,20663,train,False
22358,21463,train,False
22358,21196,train,False
22358,21560,val,False
23162,23787,train,False
23162,23962,train,False
23162,23682,train,False
25815,25527,train,False
25815,26240,val,False
25815,26328,train,False
28553,28884,train,False
28553,29096,train,False
28553,28379,val,False
29396,30544,train,False
29396,30804,train,False
29396,30086,train,False
31098,30371,test,False
31098,29505,train,False
31098,30484,train,False
31126,30298,train,False
31126,30916,train,False
31126,30351,test,False
31165,30265,train,False
31165,30249,val,False
31165,30703,train,False
31197,29664,train,False
31197,30549,val,False
31197,30688,train,False
31215,30351,test,False
31215,29979,val,False
31215,31084,train,False
31233,29679,val,False
31233,30490,val,False
31233,30705,train,False
31254,29528,train,False
31254,30314,train,False
31254,29831,test,False
31293,30063,train,False
31293,30849,val,False
31293,30894,train,False
31295,29911,test,False
31295,29424,train,False
31295,30119,val,False
31297,30574,train,False
31297,30800,val,False
31297,29871,test,False
31352,30360,val,False
31352,29528,train,False
31352,30892,train,False
31358,30134,train,False
31358,30465,train,False
31358,29673,train,False
31373,29858,train,False
31373,29557,train,False
31373,29945,train,False
31432,29665,train,False
31432,30347,train,False
31432,30938,train,False
31435,29687,train,False
31435,29989,val,False
31435,29521,test,False
31456,30454,train,False
31456,30015,train,False
31456,29647,train,False
31483,30774,train,False
31483,29621,test,False
31483,30499,val,False
31496,29449,val,False
31496,29435,train,False
31496,30301,test,False
31497,29524,train,False
31497,30573,train,False
31497,31007,train,False
33054,31664,train,False
33054,31804,train,False
33054,31987,train,False
33127,32980,val,False
33127,31594,train,False
33127,33049,val,False
33254,31757,train,False
33254,33153,train,False
33254,31601,test,False
33264,31893,train,False
33264,32158,train,False
33264,32630,val,False
33266,32899,val,False
33266,31651,test,False
33266,31622,train,False
33278,31913,train,False
33278,31842,train,False
33278,32539,val,False
33296,32937,train,False
33296,32194,train,False
33296,32621,test,False
33302,32238,train,False
33302,33216,train,False
33302,32596,train,False
33348,32762,train,False
33348,33110,val,False
33348,32450,val,False
33382,33023,train,False
33382,33243,train,False
33382,31907,train,False
33413,33014,train,False
33413,33007,train,False
33413,32089,val,False
33416,33041,test,False
33416,32798,train,False
33416,32480,val,False
33423,32837,train,False
33423,31674,train,False
33423,32690,val,False
33427,33200,val,False
33427,33176,train,False
33427,31793,train,False
33458,32499,val,False
33458,32802,train,False
33458,33085,train,False
33464,32978,train,False
33464,31913,train,False
33464,33193,train,False
33474,33046,train,False
33474,33183,train,False
33474,33036,train,False
33477,31745,train,False
33477,32043,train,False
33477,31734,train,False
33527,32301,test,False
33527,32072,train,False
33527,32473,train,False
33554,32293,train,False
33554,32705,train,False
33554,33107,train,False
33556,32925,train,False
33556,32391,test,False
33556,31781,test,False
33586,32034,train,False
33586,32435,train,False
33586,33051,test,False
33597,33151,test,False
33597,32374,train,False
33597,32999,val,False
33603,31523,train,False
33603,31537,train,False
33603,33118,train,False
33632,32315,train,False
33632,32338,train,False
33632,31875,train,False
33652,32159,val,False
33652,32114,train,False
33652,32459,val,False
35215,33800,val,False
35215,34368,train,False
35215,35070,val,False
35235,34510,val,False
35235,33774,train,False
35235,33677,train,False
35247,34184,train,False
35247,33759,val,False
35247,35073,train,False
35257,33888,train,False
35257,34397,train,False
35257,34787,train,False
35288,33976,train,False
35288,33973,train,False
35288,34250,val,False
35304,34216,train,False
35304,34555,train,False
35304,33761,test,False
35312,34178,train,False
35312,34919,val,False
35312,34101,test,False
35328,35113,train,False
35328,34885,train,False
35328,34761,test,False
35363,34605,train,False
35363,34508,train,False
35363,35113,train,False
35393,33924,train,False
35393,34420,val,False
35393,34211,test,False
35427,34484,train,False
35427,34097,train,False
35427,33843,train,False
35435,33895,train,False
35435,33927,train,False
35435,33736,train,False
35436,34527,train,False
35436,35034,train,False
35436,34464,train,False
35442,34846,train,False
35442,33854,train,False
35442,34940,val,False
35466,34514,train,False
35466,34619,val,False
35466,33779,val,False
35487,34679,val,False
35487,35075,train,False
35487,34434,train,False
35514,34936,train,False
35514,34935,train,False
35514,34147,train,False
35532,34140,val,False
35532,33703,train,False
35532,34870,val,False
35534,34310,val,False
35534,34395,train,False
35534,33975,train,False
35546,34943,train,False
35546,34121,test,False
35546,33876,train,False
35553,33911,test,False
35553,34088,train,False
35553,34414,train,False
35562,33751,test,False
35562,34887,train,False
35562,34992,train,False
35616,34252,train,False
35616,34282,train,False
35616,35007,train,False
35622,33756,train,False
35622,34645,train,False
35622,33744,train,False
35637,33791,test,False
35637,34747,train,False
35637,33879,val,False
35645,35004,train,False
35645,34631,test,False
35645,34135,train,False
35647,34524,train,False
35647,34383,train,False
35647,34917,train,False
35656,34064,train,False
35656,34079,val,False
35656,34054,train,False
35657,34251,test,False
35657,34121,test,False
35657,33838,train,False
35662,34682,train,False
35662,34693,train,False
35662,34385,train,False
35666,34335,train,False
35666,34722,train,False
35666,34311,test,False
35667,33967,train,False
35667,34436,train,False
35667,34081,test,False
35678,34010,val,False
35678,34618,train,False
35678,33993,train,False
35692,34209,val,False
35692,34085,train,False
35692,34876,train,False
35693,34194,train,False
35693,34541,test,False
35693,34133,train,False
35705,34761,test,False
35705,33708,train,False
35705,34561,test,False
35724,34188,train,False
35724,35129,val,False
35724,34682,train,False
35725,34241,test,False
35725,33732,train,False
35725,33687,train,False
35727,33663,train,False
35727,35059,val,False
35727,34878,train,False
35728,34837,train,False
35728,34651,test,False
35728,34865,train,False
35736,34815,train,False
35736,34039,val,False
35736,34666,train,False
35746,34136,train,False
35746,35088,train,False
35746,34154,train,False
35748,33877,train,False
35748,34043,train,False
35748,34483,train,False
35752,33962,train,False
35752,35121,test,False
35752,35103,train,False
35757,34020,val,False
35757,33952,train,False
35757,34975,train,False
35762,34794,train,False
35762,33679,val,False
35762,34422,train,False
35764,34637,train,False
35764,34243,train,False
35764,34026,train,False
35765,33671,test,False
35765,33714,train,False
35765,33917,train,False
35773,35131,test,False
35773,34600,val,False
35773,34020,val,False
35775,33977,train,False
35775,34752,train,False
35775,34786,train,False
35782,33965,train,False
35782,33680,val,False
35782,34648,train,False
35783,33936,train,False
35783,33831,test,False
35783,34306,train,False
35797,34397,train,False
35797,34324,train,False
35797,34406,train,False
35802,33929,val,False
35802,35003,train,False
35802,33918,train,False
35804,35127,train,False
35804,34869,val,False
35804,33904,train,False
35805,34106,train,False
35805,33736,train,False
35805,34942,train,False
35806,34441,test,False
35806,33862,train,False
35806,33656,train,False
37334,36670,val,False
37334,36529,val,False
37334,37128,train,False
37346,37101,test,False
37346,37147,train,False
37346,36688,train,False
37375,37150,val,False
37375,37144,train,False
37375,36283,train,False
37432,35946,train,False
37432,37177,train,False
37432,37287,train,False
37463,36995,train,False
37463,37059,val,False
37463,36269,val,False
37465,37130,val,False
37465,36953,train,False
37465,36739,val,False
37475,37274,train,False
37475,35925,train,False
37475,36640,val,False
37502,36034,train,False
37502,36864,train,False
37502,36790,val,False
37504,36801,test,False
37504,36021,test,False
37504,36811,test,False
37588,36360,val,False
37588,36302,train,False
37588,36390,val,False
37656,36431,test,False
37656,36281,test,False
37656,36381,test,False
37695,35904,train,False
37695,36683,train,False
37695,36962,train,False
37715,36328,train,False
37715,37090,val,False
37715,37232,train,False
37764,35826,train,False
37764,36998,train,False
37764,36500,val,False
37784,35947,train,False
37784,35827,train,False
37784,36774,train,False
37803,36955,train,False
37803,36502,train,False
37803,36239,val,False
37814,37257,train,False
37814,36277,train,False
37814,35864,train,False
37815,36519,val,False
37815,36416,train,False
37815,35936,train,False
37818,36377,train,False
37818,36859,val,False
37818,36100,val,False
37822,36319,val,False
37822,35887,train,False
37822,35939,val,False
37825,35960,val,False
37825,35999,val,False
37825,36783,train,False
37832,36021,test,False
37832,37234,train,False
37832,37000,val,False
37843,36493,train,False
37843,37030,val,False
37843,36416,train,False
37857,36920,val,False
37857,35973,train,False
37857,36450,val,False
37862,36326,train,False
37862,36186,train,False
37862,36129,val,False
37863,36557,train,False
37863,36569,val,False
37863,36975,train,False
37868,37185,train,False
37868,36028,train,False
37868,36413,train,False
37882,36774,train,False
37882,36108,train,False
37882,35967,train,False
37883,36564,train,False
37883,37233,train,False
37883,35989,val,False
37884,36903,train,False
37884,36353,train,False
37884,37135,train,False
37887,36462,train,False
37887,36331,test,False
37887,37219,val,False
37893,36150,val,False
37893,36420,val,False
37893,37111,test,False
37897,36239,val,False
37897,36435,train,False
37897,36797,train,False
37902,37303,train,False
37902,36780,val,False
37902,36785,train,False
37904,36134,train,False
37904,37123,train,False
37904,36654,train,False
37907,36306,train,False
37907,36516,train,False
37907,36061,test,False
37912,36842,train,False
37912,36555,train,False
37912,36539,val,False
37913,36528,train,False
37913,36920,val,False
37913,36836,train,False
37917,36360,val,False
37917,36778,train,False
37917,36752,train,False
37922,36065,train,False
37922,35955,train,False
37922,36268,train,False
37925,36026,train,False
37925,36686,train,False
37925,36019,val,False
37932,37114,train,False
37932,36320,val,False
37932,36259,val,False
37934,36479,val,False
37934,36101,test,False
37934,37149,val,False
37938,37165,train,False
37938,37150,val,False
37938,36914,train,False
37942,36315,train,False
37942,36950,val,False
37942,35920,val,False
37946,36456,train,False
37946,36239,val,False
37946,37086,train,False
37954,36105,train,False
37954,35842,train,False
37954,36554,train,False
37956,36885,train,False
37956,36553,train,False
37956,35917,train,False
37962,36788,train,False
37962,36151,test,False
37962,36662,train,False
37967,36111,test,False
37967,36737,train,False
37967,36085,train,False
38456,38430,val,False
38456,38290,val,False
38456,38106,train,False
38472,38201,test,False
38472,38264,train,False
38472,38426,train,False
38486,38228,train,False
38486,38186,train,False
38486,38283,train,False
38495,38013,train,False
38495,38441,test,False
38495,38178,train,False
38498,38294,train,False
38498,38099,val,False
38498,38147,train,False
38503,38465,train,False
38503,38449,val,False
38503,38146,train,False
38518,38309,val,False
38518,37981,test,False
38518,38397,train,False
38547,37974,train,False
38547,38064,train,False
38547,38128,train,False
38567,38147,train,False
38567,38142,train,False
38567,38447,train,False
38584,38174,train,False
38584,38215,train,False
38584,38038,train,False
38637,38141,test,False
38637,38460,val,False
38637,38286,train,False
38664,38092,train,False
38664,38227,train,False
38664,38016,train,False
38668,38372,train,False
38668,38298,train,False
38668,38278,train,False
38672,38371,test,False
38672,38399,val,False
38672,38238,train,False
38678,38427,train,False
38678,38209,val,False
38678,38295,train,False
38682,38035,train,False
38682,38321,test,False
38682,38363,train,False
38694,38375,train,False
38694,37998,train,False
38694,38315,train,False
38707,38064,train,False
38707,38425,train,False
38707,38039,val,False
38715,38306,train,False
38715,38209,val,False
38715,38050,val,False
38764,38232,train,False
38764,38216,train,False
38764,38413,train,False
38766,38426,train,False
38766,38252,train,False
38766,38011,test,False
38777,38069,val,False
38777,37980,val,False
38777,38322,train,False
38783,38436,train,False
38783,38176,train,False
38783,38387,train,False
38856,37983,train,False
38856,38170,val,False
38856,38371,test,False
38868,38290,val,False
38868,38065,train,False
38868,38175,train,False
38872,38214,train,False
38872,38208,train,False
38872,38438,train,False
38876,38341,test,False
38876,37995,train,False
38876,38045,train,False
38877,38288,train,False
38877,38453,train,False
38877,38205,train,False
38878,38254,train,False
38878,38165,train,False
38878,38460,val,False
38882,38412,train,False
38882,38023,train,False
38882,38103,train,False
38883,38435,train,False
38883,38013,train,False
38883,38084,train,False
38885,37985,train,False
38885,38066,train,False
38885,38320,val,False
38886,38397,train,False
38886,38278,train,False
38886,38198,train,False
38887,38236,train,False
38887,38466,train,False
38887,38401,test,False
38888,38128,train,False
38888,38009,val,False
38888,38121,test,False
38895,38246,train,False
38895,38131,test,False
38895,38057,train,False
38897,38445,train,False
38897,38361,test,False
38897,38296,train,False
38898,38454,train,False
38898,38126,train,False
38898,38442,train,False
38902,38112,train,False
38902,38267,train,False
38902,38457,train,False
38903,38309,val,False
38903,38357,train,False
38903,38212,train,False
38905,38415,train,False
38905,38123,train,False
38905,37972,train,False
38907,38006,train,False
38907,38392,train,False
38907,37999,val,False
38914,38019,val,False
38914,38282,train,False
38914,38240,val,False
38915,38167,train,False
38915,38357,train,False
38915,38163,train,False
38923,38012,train,False
38923,37988,train,False
38923,38208,train,False
38924,38195,train,False
38924,38202,train,False
38924,38065,train,False
38927,38103,train,False
38927,38008,train,False
38927,38106,train,False
38933,38057,train,False
38933,38202,train,False
38933,38353,train,False
38935,38279,val,False
38935,38401,test,False
38935,38318,train,False
38938,38047,train,False
38938,37968,train,False
38938,38456,train,False
38947,38018,train,False
38947,38035,train,False
38947,38371,test,False
44812,46203,train,False
44812,47970,val,False
44812,44898,train,False
46995,42611,test,False
46995,42718,train,False
46995,43947,train,False
48062,45946,train,False
48062,47512,train,False
48062,42845,train,False
48063,43987,train,False
48063,46610,val,False
48063,42544,train,False
48066,42630,val,False
48066,44887,train,False
48066,47270,val,False
48077,46903,train,False
48077,42733,train,False
48077,47074,train,False
48085,47547,train,False
48085,42212,train,False
48085,42329,val,False
48097,45132,train,False
48097,46400,val,False
48097,42335,train,False
48118,42526,train,False
48118,42779,val,False
48118,44627,train,False
48122,44195,train,False
48122,46433,train,False
48122,45814,train,False
48127,42863,train,False
48127,44281,test,False
48127,43769,val,False
48132,44405,train,False
48132,44105,train,False
48132,46246,train,False
48157,44576,train,False
48157,44133,train,False
48157,47226,train,False
48178,45102,train,False
48178,44714,train,False
48178,45588,train,False
48183,43178,train,False
48183,47985,train,False
48183,47738,train,False
48192,43782,train,False
48192,47885,train,False
48192,43401,test,False
48223,46361,test,False
48223,46421,test,False
48223,44144,train,False
54388,53965,train,False
54388,49043,train,False
54388,49322,train,False
54407,51596,train,False
54407,52560,val,False
54407,51690,val,False
54424,49099,val,False
54424,51344,train,False
54424,50702,train,False
54445,53367,train,False
54445,50390,val,False
54445,50009,val,False
54447,48830,val,False
54447,49313,train,False
54447,51672,train,False
54462,51296,train,False
54462,52530,val,False
54462,51836,train,False
54468,48597,train,False
54468,53722,train,False
54468,50993,train,False
54484,51394,train,False
54484,49792,train,False
54484,54161,test,False
54498,51837,train,False
54498,53243,train,False
54498,48514,train,False
54505,50132,train,False
54505,53707,train,False
54505,48624,train,False
54545,48858,train,False
54545,49659,val,False
54545,53864,train,False
56597,58608,train,False
56597,56271,test,False
56597,58693,train,False
57793,58825,train,False
57793,55973,train,False
57793,58810,val,False
60216,60101,test,False
60216,59451,test,False
60216,55953,train,False
60706,60119,val,False
60706,59235,train,False
60706,60660,val,False
60764,59287,train,False
60764,55109,val,False
60764,56545,train,False
60783,57693,train,False
60783,60638,train,False
60783,55697,train,False
60787,58320,val,False
60787,55922,train,False
60787,55671,test,False
60804,58233,train,False
60804,58777,train,False
60804,58153,train,False
60805,54567,train,False
60805,56879,val,False
60805,56699,val,False
60806,60420,val,False
60806,58936,train,False
60806,59730,val,False
60807,57619,val,False
60807,57622,train,False
60807,59614,train,False
60808,60313,train,False
60808,58033,train,False
60808,60007,train,False
60812,59532,train,False
60812,59667,train,False
60812,55528,train,False
60814,54803,train,False
60814,56304,train,False
60814,55304,train,False
60815,57572,train,False
60815,58811,test,False
60815,57084,train,False
60818,59444,train,False
60818,56363,train,False
60818,59083,train,False
60822,54853,train,False
60822,55296,train,False
60822,57208,train,False
60823,59389,val,False
60823,58864,train,False
60823,54954,train,False
60824,60295,train,False
60824,59887,train,False
60824,58255,train,False
60826,59851,test,False
60826,60008,train,False
60826,57015,train,False
60827,58223,train,False
60827,58830,val,False
60827,59511,test,False
60828,57097,train,False
60828,55137,train,False
60828,54755,train,False
60832,54643,train,False
60832,60533,train,False
60832,60444,train,False
60835,60233,train,False
60835,59197,train,False
60835,59105,train,False
60836,59892,train,False
60836,55525,train,False
60836,55969,val,False
60837,57988,train,False
60837,58409,val,False
60837,57368,train,False
60842,59929,val,False
60842,60615,train,False
60842,54959,val,False
60843,58848,train,False
60843,58332,train,False
60843,58239,val,False
60844,57726,train,False
60844,58964,train,False
60844,58127,train,False
60845,57334,train,False
60845,60057,train,False
60845,60031,test,False
60846,57110,val,False
60846,58687,train,False
60846,57810,val,False
60847,57934,train,False
60847,55764,train,False
60847,59543,train,False
60848,59510,val,False
60848,58813,train,False
60848,55095,train,False
60852,55724,train,False
60852,56937,train,False
60852,56340,val,False
60853,59477,train,False
60853,60232,train,False
60853,56412,train,False
60854,57120,val,False
60854,59379,val,False
60854,56990,val,False
60857,56245,train,False
60857,60045,train,False
60857,59703,train,False
60858,58440,val,False
60858,58577,train,False
60858,58250,val,False
60863,56390,val,False
60863,56487,train,False
60863,54712,train,False
60864,59989,val,False
60864,60444,train,False
60864,59401,test,False
60865,56104,train,False
60865,56368,train,False
60865,57492,train,False
60868,55053,train,False
60868,59206,train,False
60868,55219,val,False
60874,60173,train,False
60874,60532,train,False
60874,59322,train,False
60875,60580,val,False
60875,56441,test,False
60875,54613,train,False
64145,61396,train,False
64145,66126,train,False
64145,64229,val,False
64173,65826,train,False
64173,62620,val,False
64173,66204,train,False
67028,63501,test,False
67028,66931,test,False
67028,63760,val,False
67042,66445,train,False
67042,64850,val,False
67042,62655,train,False
67056,62966,train,False
67056,66621,test,False
67056,66947,train,False
67057,61766,train,False
67057,61809,val,False
67057,65831,test,False
67058,64798,train,False
67058,64953,train,False
67058,61598,train,False
67064,61101,test,False
67064,65994,train,False
67064,60890,val,False
67098,61485,train,False
67098,64017,train,False
67098,62700,val,False
67116,63150,val,False
67116,62914,train,False
67116,62692,train,False
67117,61818,train,False
67117,62600,val,False
67117,61160,val,False
67127,62229,val,False
67127,64050,val,False
67127,61295,train,False
67146,63728,train,False
67146,64782,train,False
67146,63803,train,False
67153,64052,train,False
67153,65995,train,False
67153,63582,train,False
67154,66790,val,False
67154,61266,train,False
67154,65798,train,False
67482,67834,train,False
67482,68022,train,False
67482,67901,test,False
67766,67893,train,False
67766,68104,train,False
67766,67933,train,False
68236,68110,val,False
68236,67987,train,False
68236,67896,train,False
68353,67852,train,False
68353,68091,test,False
68353,67991,test,False
68618,69194,train,False
68618,69235,train,False
68618,69263,train,False
68738,69245,train,False
68738,69290,val,False
68738,69114,train,False
69547,69193,train,False
69547,69275,train,False
69547,69114,train,False
69733,70568,train,False
69733,70543,train,False
69733,70528,train,False
69833,70362,train,False
69833,70393,train,False
69833,70311,test,False
69915,70515,train,False
69915,70311,test,False
69915,70525,train,False
70037,70509,val,False
70037,70510,val,False
70037,70420,val,False
70547,70373,train,False
70547,70536,train,False
70547,70292,train,False
70893,71701,test,False
70893,71807,train,False
70893,71690,val,False
72513,72762,train,False
72513,72912,train,False
72513,72966,train,False
72598,72775,train,False
72598,72853,train,False
72598,72807,train,False
73074,73048,train,False
73074,72799,val,False
73074,72853,train,False
73085,72780,val,False
73085,72842,train,False
73085,72798,train,False
73554,74033,train,False
73554,74057,train,False
73554,74105,train,False
74506,74014,train,False
74506,74013,train,False
74506,73977,train,False
74705,75391,test,False
74705,75340,val,False
74705,75273,train,False
74836,75496,train,False
74836,75392,train,False
74836,75429,val,False
75052,75299,val,False
75052,75212,train,False
75052,75204,train,False
75096,75398,train,False
75096,75238,train,False
75096,75478,train,False
75365,75282,train,False
75365,75357,train,False
75365,75444,train,False
75935,76635,train,False
75935,76630,val,False
75935,76547,train,False
76772,76587,train,False
76772,76488,train,False
76772,76523,train,False
76812,76433,train,False
76812,76548,train,False
76812,76421,test,False
76936,76480,val,False
76936,76509,val,False
76936,76691,test,False
77595,77747,train,False
77595,77767,train,False
77595,77743,train,False
78316,78926,train,False
78316,79134,train,False
78316,78869,val,False
79572,80103,train,False
79572,80265,train,False
79572,80372,train,False
79805,80212,train,False
79805,80357,train,False
79805,80335,train,False
79828,80106,train,False
79828,80117,train,False
79828,80126,train,False
79968,80216,train,False
79968,80152,train,False
79968,80298,train,False
80048,80365,train,False
80048,80214,train,False
80048,80224,train,False
80566,80228,train,False
80566,80210,val,False
80566,80366,train,False
80933,81347,train,False
80933,81310,val,False
80933,81379,val,False
80958,81488,train,False
80958,81514,train,False
80958,81415,train,False
81138,81598,train,False
81138,81452,train,False
81138,81323,train,False
81377,81509,val,False
81377,81519,val,False
81377,81404,train,False
83425,84017,train,False
83425,83794,train,False
83425,83914,train,False
84065,84008,train,False
84065,83864,train,False
84065,83981,test,False
84443,85124,train,False
84443,85070,val,False
84443,85121,test,False
84475,85132,train,False
84475,85039,val,False
84475,85211,test,False
84603,85022,train,False
84603,84953,train,False
84603,85183,train,False
84626,85208,train,False
84626,85100,val,False
84626,85095,train,False
84817,84958,train,False
84817,85133,train,False
84817,85160,val,False
85798,86370,val,False
85798,86282,train,False
85798,86178,train,False
85817,86310,val,False
85817,86438,train,False
85817,86209,val,False
86544,86345,train,False
86544,86169,val,False
86544,86286,train,False
86723,86452,train,False
86723,86226,train,False
86723,86350,val,False
86844,87576,train,False
86844,87577,train,False
86844,87410,val,False
87527,87573,train,False
87527,87677,train,False
87527,87604,train,False
87627,87429,val,False
87627,87627,train,True
87627,87541,test,False
88246,88856,train,False
88246,88743,train,False
88246,88713,train,False
88263,88778,train,False
88263,88680,val,False
88263,88793,train,False
88512,88655,train,False
88512,88704,train,False
88512,88670,val,False
88815,88797,train,False
88815,88893,train,False
88815,88630,val,False
89444,89951,test,False
89444,90100,val,False
89444,90122,train,False
89445,89919,val,False
89445,89904,train,False
89445,89835,train,False
90474,91080,val,False
90474,91178,train,False
90474,91256,train,False
90728,91350,val,False
90728,91086,train,False
90728,91199,val,False
91717,92572,train,False
91717,92571,test,False
91717,92555,train,False
91777,92386,train,False
91777,92425,train,False
91777,92541,test,False
92033,92402,train,False
92033,92377,train,False
92033,92504,train,False
92165,92571,test,False
92165,92437,train,False
92165,92361,test,False
92247,92538,train,False
92247,92303,train,False
92247,92564,train,False
92638,92560,val,False
92638,92483,train,False
92638,92373,train,False
94564,94741,test,False
94564,94898,train,False
94564,94749,val,False
94622,94851,test,False
94622,94782,train,False
94622,94971,test,False
95478,96108,train,False
95478,96161,test,False
95478,96077,train,False
95674,96231,test,False
95674,96181,test,False
95674,96252,train,False
97288,97296,train,False
97288,97415,train,False
97288,97318,train,False
97552,97346,train,False
97552,97242,train,False
97552,97233,train,False
98085,98567,train,False
98085,98568,train,False
98085,98654,train,False
99273,99738,train,False
99273,99755,train,False
99273,99856,train,False
99438,99630,val,False
99438,99871,test,False
99438,99880,val,False
99553,99713,train,False
99553,99722,train,False
99553,99811,test,False
99904,99716,train,False
99904,99732,train,False
99904,99750,val,False
100126,99815,train,False
100126,99903,train,False
100126,99891,test,False
100264,100910,val,False
100264,100982,train,False
100264,101103,train,False
101074,101067,train,False
101074,100971,test,False
101074,100849,val,False
101184,100934,train,False
101184,101098,train,False
101184,100937,train,False
101928,102108,train,False
101928,102274,train,False
101928,102273,train,False
102093,102192,train,False
102093,102210,val,False
102093,102192,train,False
102325,102254,train,False
102325,102306,train,False
102325,102076,train,False
102667,103334,train,False
102667,103435,train,False
102667,103376,train,False
102827,103446,train,False
102827,103481,test,False
102827,103474,train,False
102868,103402,train,False
102868,103396,train,False
102868,103384,train,False
103125,103484,train,False
103125,103271,test,False
103125,103368,train,False
104073,104578,train,False
104073,104724,train,False
104073,104477,train,False
104224,104600,val,False
104224,104525,train,False
104224,104673,train,False
104227,104573,train,False
104227,104779,val,False
104227,104573,train,False
104328,104557,train,False
104328,104780,val,False
104328,104570,val,False
104534,104709,val,False
104534,104504,train,False
104534,104750,val,False
104545,104661,test,False
104545,104730,val,False
104545,104769,val,False
104848,104534,train,False
104848,104556,train,False
104848,104517,train,False
104968,104754,train,False
104968,104672,train,False
104968,104588,train,False
105048,104713,train,False
105048,104553,train,False
105048,104563,train,False
105254,105745,train,False
105254,105826,train,False
105254,105821,test,False
105312,105751,test,False
105312,105973,train,False
105312,105741,test,False
105396,105722,train,False
105396,105786,train,False
105396,105838,train,False
105447,105846,train,False
105447,105811,test,False
105447,105818,train,False
105642,105729,val,False
105642,105698,train,False
105642,105924,train,False
105694,105817,train,False
105694,105904,train,False
105694,105846,train,False
105756,105860,val,False
105756,105795,train,False
105756,105999,val,False
106325,107197,train,False
106325,107058,train,False
106325,107052,train,False
106626,107118,train,False
106626,107103,train,False
106626,107003,train,False
108015,108436,train,False
108015,108201,test,False
108015,108216,train,False
108522,108178,train,False
108522,108282,train,False
108522,108304,train,False
108593,108314,train,False
108593,108145,train,False
108593,108245,train,False
108804,109512,train,False
108804,109489,val,False
108804,109435,train,False
109042,109581,test,False
109042,109363,train,False
109042,109646,train,False
109058,109638,train,False
109058,109470,val,False
109058,109423,train,False
109278,109516,train,False
109278,109649,val,False
109278,109649,val,False
109336,109603,train,False
109336,109605,train,False
109336,109468,train,False
111067,110573,train,False
111067,110735,train,False
111067,110751,test,False
111186,111198,train,False
111186,111188,train,False
111186,111192,train,False
111187,111203,train,False
111187,111198,train,False
111187,111203,train,False
111188,111188,train,True
111188,111194,train,False
111188,111201,test,False
111192,111197,train,False
111192,111202,train,False
111192,111191,test,False
111193,111193,train,True
111193,111202,train,False
111193,111195,train,False
111194,111187,train,False
111194,111201,test,False
111194,111198,train,False
111195,111200,val,False
111195,111190,val,False
111195,111201,test,False
111196,111191,test,False
111196,111201,test,False
111196,111202,train,False
111197,111196,train,False
111197,111202,train,False
111197,111186,train,False
111198,111193,train,False
111198,111195,train,False
111198,111202,train,False
111202,111202,train,True
111202,111200,val,False
111202,111195,train,False
111203,111188,train,False
111203,111189,val,False
111203,111192,train,False
111204,111191,test,False
111204,111203,train,False
111204,111191,test,False
111205,111193,train,False
111205,111188,train,False
111205,111190,val,False
111206,111192,train,False
111206,111199,val,False
111206,111197,train,False
111207,111196,train,False
111207,111191,test,False
111207,111201,test,False
111208,111201,test,False
111208,111202,train,False
111208,111188,train,False
111212,111201,test,False
111212,111200,val,False
111212,111194,train,False
111213,111190,val,False
111213,111192,train,False
111213,111202,train,False
111214,111200,val,False
111214,111188,train,False
111214,111196,train,False
111215,111193,train,False
111215,111195,train,False
111215,111188,train,False
111216,111190,val,False
111216,111190,val,False
111216,111191,test,False
111217,111196,train,False
111217,111187,train,False
111217,111197,train,False
111218,111193,train,False
111218,111199,val,False
111218,111199,val,False
114174,114174,train,True
114174,114178,train,False
114174,114178,train,False
114178,114164,train,False
114178,114180,train,False
114178,114176,train,False
114289,114288,train,False
114289,114288,train,False
114289,114285,train,False
114327,114340,train,False
114327,114340,train,False
114327,114332,val,False
114349,114348,train,False
114349,114354,train,False
114349,114350,train,False
114380,114372,val,False
114380,114378,train,False
114380,114376,train,False
114420,114418,train,False
114420,114406,train,False
114420,114418,train,False
114470,114481,val,False
114470,114466,train,False
114470,114480,train,False
114504,114509,train,False
114504,114511,val,False
114504,114507,train,False
114516,114504,train,False
114516,114512,val,False
114516,114521,val,False
114719,114712,val,False
114719,114718,train,False
114719,114718,train,False
114740,114724,train,False
114740,114733,test,False
114740,114725,train,False
114774,114776,train,False
114774,114774,train,True
114774,114775,train,False
114784,114803,test,False
114784,114800,train,False
114784,114791,val,False
114944,115167,train,False
114944,114967,train,False
114944,115211,val,False
114947,115240,train,False
114947,114953,test,False
114947,115183,test,False
115275,115191,val,False
115275,115154,train,False
115275,115111,val,False
115388,115339,train,False
115388,115090,train,False
115388,115316,train,False
115485,114913,test,False
115485,114967,train,False
115485,114888,train,False
115549,115056,train,False
115549,115265,train,False
115549,115036,train,False
115644,114932,val,False
115644,115173,test,False
115644,115198,train,False
115648,115202,val,False
115648,115039,train,False
115648,115194,train,False
115679,114881,val,False
115679,115311,val,False
115679,114936,train,False
115790,114999,train,False
115790,115041,val,False
115790,114906,train,False
115796,115212,val,False
115796,114895,train,False
115796,115188,train,False
115834,115018,train,False
115834,115231,val,False
115834,115202,val,False
115907,115276,train,False
115907,114960,train,False
115907,115238,train,False
115975,115156,train,False
115975,115133,test,False
115975,115235,train,False
115988,114969,train,False
115988,114879,train,False
115988,115246,train,False
116014,115034,train,False
116014,115225,train,False
116014,115310,train,False
116024,115242,val,False
116024,115322,val,False
116024,114997,train,False
116027,115316,train,False
116027,114962,val,False
116027,114952,val,False
116120,115226,train,False
116120,115206,train,False
116120,115263,test,False
116140,115144,train,False
116140,115285,train,False
116140,115059,train,False
116196,115215,train,False
116196,114995,train,False
116196,114892,val,False
116265,114987,train,False
116265,115164,train,False
116265,115260,train,False
116279,115190,train,False
116279,114905,train,False
116279,115272,val,False
116307,115008,train,False
116307,115165,train,False
116307,115051,val,False
116308,115178,train,False
116308,115068,train,False
116308,114965,train,False
116326,115148,train,False
116326,114870,train,False
116326,115100,train,False
116337,115269,train,False
116337,115287,train,False
116337,115190,train,False
116447,114995,train,False
116447,115304,train,False
116447,115229,train,False
116448,114909,train,False
116448,114868,train,False
116448,115190,train,False
116525,114912,val,False
116525,115215,train,False
116525,115084,train,False
116529,115221,val,False
116529,115331,val,False
116529,115196,train,False
116555,114957,train,False
116555,115071,val,False
116555,114865,train,False
116579,115125,train,False
116579,114908,train,False
116579,114986,train,False
116588,114915,train,False
116588,114929,train,False
116588,115185,train,False
116637,114933,test,False
116637,115186,train,False
116637,115094,train,False
116650,115180,train,False
116650,115166,train,False
116650,115076,train,False
116688,115280,train,False
116688,114932,val,False
116688,115264,train,False
116847,116703,test,False
116847,116863,test,False
116847,116901,val,False
116857,117138,train,False
116857,116948,train,False
116857,117044,train,False
116920,117033,test,False
116920,116868,train,False
116920,116888,train,False
116959,116964,train,False
116959,117127,train,False
116959,117021,val,False
117070,117012,val,False
117070,117132,val,False
117070,116726,train,False
117230,116793,test,False
117230,117145,train,False
117230,117004,train,False
117256,117151,val,False
117256,117020,train,False
117256,116699,train,False
117277,116922,val,False
117277,116705,train,False
117277,117163,test,False
117350,117093,test,False
117350,116845,train,False
117350,116791,val,False
117360,116951,val,False
117360,116914,train,False
117360,116708,train,False
117367,116772,val,False
117367,117163,test,False
117367,117160,train,False
117624,117107,train,False
117624,116749,train,False
117624,116928,train,False
117690,116972,val,False
117690,116854,train,False
117690,117092,val,False
117758,117141,val,False
117758,117040,train,False
117758,116701,val,False
117766,117072,val,False
117766,116719,train,False
117766,116908,train,False
117840,117014,train,False
117840,116723,test,False
117840,116701,val,False
117907,116730,train,False
117907,117058,train,False
117907,117010,train,False
117976,116812,val,False
117976,116861,val,False
117976,116788,train,False
118030,117081,val,False
118030,117167,train,False
118030,117012,val,False
118065,116798,train,False
118065,116898,train,False
118065,116990,train,False
118127,116933,test,False
118127,117037,train,False
118127,117158,train,False
118137,116865,train,False
118137,116781,val,False
118137,117028,train,False
118144,116768,train,False
118144,116747,train,False
118144,116901,val,False
118154,116761,val,False
118154,116844,train,False
118154,116978,train,False
118166,116806,train,False
118166,117068,train,False
118166,116870,train,False
118196,116798,train,False
118196,116856,train,False
118196,117134,train,False
118200,117078,train,False
118200,116968,train,False
118200,116929,train,False
118240,116824,train,False
118240,117145,train,False
118240,116830,train,False
118294,116867,train,False
118294,117003,test,False
118294,116798,train,False
118340,116993,test,False
118340,116701,val,False
118340,116727,train,False
118358,117125,train,False
118358,116759,train,False
118358,116731,val,False
118369,116744,train,False
118369,116799,train,False
118369,116949,train,False
118394,116704,train,False
118394,117016,train,False
118394,116947,train,False
118395,117150,train,False
118395,117115,train,False
118395,116914,train,False
118416,116923,test,False
118416,116929,train,False
118416,116968,train,False
118424,117024,train,False
118424,117031,val,False
118424,116882,val,False
118447,117161,val,False
118447,117104,train,False
118447,116770,train,False
118464,116886,train,False
118464,116863,test,False
118464,116723,test,False
118475,116819,train,False
118475,117014,train,False
118475,117166,train,False
118484,116770,train,False
118484,116762,val,False
118484,117060,train,False
118486,117109,train,False
118486,117162,val,False
118486,116715,train,False
118496,116767,train,False
118496,116853,test,False
118496,116742,val,False
118497,116989,train,False
118497,117034,train,False
118497,117096,train,False
118526,118552,val,False
118526,118674,train,False
118526,118965,train,False
119020,118662,val,False
119020,118817,train,False
119020,118729,train,False
119034,118671,val,False
119034,118984,train,False
119034,118767,train,False
119057,118668,train,False
119057,118748,train,False
119057,118851,val,False
119265,118751,val,False
119265,118852,val,False
119265,118682,val,False
119285,118780,train,False
119285,118814,train,False
119285,118572,val,False
119405,118760,train,False
119405,118903,test,False
119405,118609,train,False
119559,118747,train,False
119559,118529,train,False
119559,118520,train,False
119679,118533,test,False
119679,118767,train,False
119679,118892,val,False
119825,118933,test,False
119825,118915,train,False
119825,118690,train,False
119855,118875,train,False
119855,118762,val,False
119855,118651,val,False
119966,118637,train,False
119966,118911,val,False
119966,118720,train,False
119990,118702,val,False
119990,118671,val,False
119990,118592,val,False
120010,118802,val,False
120010,118700,train,False
120010,118533,test,False
120018,118694,train,False
120018,118645,train,False
120018,118973,test,False
120019,118765,train,False
120019,118618,train,False
120019,118839,train,False
120037,118777,train,False
120037,118962,val,False
120037,118883,test,False
120045,118722,val,False
120045,118595,train,False
120045,118669,train,False
120047,118689,train,False
120047,118583,test,False
120047,118971,val,False
120048,118993,test,False
120048,118860,train,False
120048,118766,train,False
120049,118578,train,False
120049,118730,train,False
120049,118756,train,False
120080,118766,train,False
120080,118742,val,False
120080,118597,train,False
120114,118946,train,False
120114,118955,train,False
120114,118714,train,False
120120,118734,train,False
120120,118626,train,False
120120,118805,train,False
120126,118629,train,False
120126,118759,train,False
120126,118828,train,False
120155,118895,train,False
120155,118601,val,False
120155,118837,train,False
120157,118808,train,False
120157,118554,train,False
120157,118536,train,False
120238,118852,val,False
120238,118525,train,False
120238,118678,train,False
120239,118680,train,False
120239,118977,train,False
120239,118572,val,False
120247,118844,train,False
120247,118686,train,False
120247,118797,train,False
120254,118573,test,False
120254,118973,test,False
120254,118888,train,False
120258,118750,train,False
120258,118669,train,False
120258,118912,val,False
120276,118565,train,False
120276,118991,val,False
120276,118701,val,False
120285,118963,test,False
120285,118716,train,False
120285,118879,train,False
120297,118777,train,False
120297,118804,train,False
120297,118986,train,False
120327,118526,train,False
120327,118617,train,False
120327,118934,train,False
120328,118594,train,False
120328,118788,train,False
120328,118854,train,False
120337,118765,train,False
120337,118869,train,False
120337,118917,train,False
120445,120561,val,False
120445,120452,val,False
120445,120531,val,False
120446,120424,train,False
120446,120515,train,False
120446,120497,train,False
120474,120802,val,False
120474,120510,train,False
120474,120756,train,False
120644,120698,train,False
120644,120349,train,False
120644,120814,train,False
120649,120775,train,False
120649,120782,val,False
120649,120740,train,False
120864,120511,val,False
120864,120437,train,False
120864,120764,train,False
120888,120690,train,False
120888,120647,train,False
120888,120404,train,False
120909,120719,train,False
120909,120775,train,False
120909,120657,train,False
121020,120643,test,False
121020,120780,train,False
121020,120495,train,False
121075,120442,val,False
121075,120630,train,False
121075,120564,train,False
121118,120553,test,False
121118,120746,train,False
121118,120513,test,False
121164,120823,test,False
121164,120803,test,False
121164,120538,train,False
121175,120448,train,False
121175,120636,train,False
121175,120554,train,False
121208,120637,train,False
121208,120468,train,False
121208,120739,train,False
121238,120500,train,False
121238,120715,train,False
121238,120472,val,False
121266,120619,train,False
121266,120477,train,False
121266,120536,train,False
121334,120607,train,False
121334,120774,train,False
121334,120605,train,False
121367,120803,test,False
121367,120357,train,False
121367,120592,val,False
121377,120574,train,False
121377,120787,train,False
121377,120571,val,False
121424,120673,test,False
121424,120822,val,False
121424,120779,train,False
121454,120593,test,False
121454,120547,train,False
121454,120500,train,False
121519,120371,val,False
121519,120718,train,False
121519,120680,train,False
121590,120556,train,False
121590,120635,train,False
121590,120423,test,False
121688,120689,train,False
121688,120519,train,False
121688,120735,train,False
121740,120715,train,False
121740,120588,train,False
121740,120739,train,False
121758,120692,val,False
121758,120489,train,False
121758,120507,train,False
121794,120823,test,False
121794,120679,train,False
121794,120637,train,False
121826,120414,train,False
121826,120725,train,False
121826,120399,train,False
121834,120741,val,False
121834,120812,val,False
121834,120414,train,False
121868,120703,test,False
121868,120420,train,False
121868,120406,train,False
121876,120546,train,False
121876,120477,train,False
121876,120821,val,False
121908,120620,train,False
121908,120718,train,False
121908,120424,train,False
121949,120620,train,False
121949,120672,val,False
121949,120447,train,False
122017,120567,train,False
122017,120783,test,False
122017,120421,val,False
122034,120681,val,False
122034,120752,val,False
122034,120486,train,False
122044,120821,val,False
122044,120358,train,False
122044,120746,train,False
122054,120572,val,False
122054,120364,train,False
122054,120543,test,False
122055,120438,train,False
122055,120387,train,False
122055,120773,test,False
122079,120805,train,False
122079,120494,train,False
122079,120656,train,False
122124,120565,train,False
122124,120474,train,False
122124,120389,train,False
122159,120689,train,False
122159,120823,test,False
122159,120498,train,False
122165,120583,test,False
122165,120744,train,False
122165,120641,val,False
122190,122722,val,False
122190,122691,val,False
122190,122639,train,False
122205,122257,train,False
122205,122568,train,False
122205,122252,val,False
122284,122229,train,False
122284,122740,train,False
122284,122539,train,False
122290,122704,train,False
122290,122729,train,False
122290,122702,val,False
122317,122535,train,False
122317,122544,train,False
122317,122643,test,False
122356,122709,train,False
122356,122245,train,False
122356,122248,train,False
122367,122208,train,False
122367,122261,val,False
122367,122690,train,False
122406,122237,train,False
122406,122326,train,False
122406,122673,test,False
122410,122553,test,False
122410,122709,train,False
122410,122181,val,False
122427,122396,train,False
122427,122732,val,False
122427,122689,train,False
122435,122655,train,False
122435,122404,train,False
122435,122569,train,False
122438,122713,test,False
122438,122567,train,False
122438,122542,val,False
122458,122697,train,False
122458,122270,train,False
122458,122266,train,False
122459,122212,val,False
122459,122555,train,False
122459,122260,train,False
122467,122591,val,False
122467,122224,train,False
122467,122264,train,False
122469,122260,train,False
122469,122272,val,False
122469,122539,train,False
122470,122548,train,False
122470,122227,train,False
122470,122587,train,False
122494,122579,train,False
122494,122234,train,False
122494,122236,train,False
122606,122224,train,False
122606,122681,val,False
122606,122244,train,False
122607,122580,train,False
122607,122720,train,False
122607,122734,train,False
122608,122234,train,False
122608,122553,test,False
122608,122275,train,False
122614,122181,val,False
122614,122731,val,False
122614,122628,train,False
122616,122723,test,False
122616,122712,val,False
122616,122702,val,False
122854,123304,train,False
122854,122806,train,False
122854,123246,train,False
122877,123112,val,False
122877,122868,train,False
122877,122960,train,False
122900,123163,test,False
122900,122967,train,False
122900,123209,train,False
122908,123276,train,False
122908,123251,val,False
122908,123249,train,False
122927,122943,test,False
122927,123098,train,False
122927,122833,test,False
122928,123307,train,False
122928,123101,val,False
122928,123281,val,False
122985,123202,val,False
122985,123166,train,False
122985,123220,train,False
122988,122944,train,False
122988,123306,train,False
122988,122940,train,False
122989,123227,train,False
122989,123100,train,False
122989,123252,val,False
123034,123189,train,False
123034,123147,train,False
123034,122800,train,False
123035,123114,train,False
123035,122824,train,False
123035,123214,train,False
123039,122937,train,False
123039,123300,train,False
123039,123269,train,False
123046,123155,train,False
123046,122744,train,False
123046,123195,train,False
123174,123249,train,False
123174,123109,train,False
123174,123098,train,False
123704,123623,test,False
123704,123502,val,False
123704,124293,test,False
123705,123399,train,False
123705,124835,train,False
123705,124063,test,False
123706,124826,train,False
123706,124014,train,False
123706,124607,train,False
123707,124847,train,False
123707,123871,val,False
123707,124837,train,False
123709,124113,test,False
123709,123571,val,False
123709,123916,train,False
123710,124126,train,False
123710,123451,val,False
123710,123978,train,False
123714,124126,train,False
123714,123664,train,False
123714,124118,train,False
123715,124037,train,False
123715,124058,train,False
123715,123597,train,False
123716,123646,train,False
123716,124060,train,False
123716,123680,train,False
123717,123635,train,False
123717,123488,train,False
123717,123381,val,False
123720,124543,test,False
123720,124464,train,False
123720,123789,train,False
123724,124106,train,False
123724,124608,train,False
123724,124544,train,False
123725,123659,train,False
123725,123882,val,False
123725,124827,train,False
123726,124485,train,False
123726,123879,train,False
123726,123518,train,False
123728,123613,test,False
123728,124178,train,False
123728,123536,train,False
123734,124138,train,False
123734,124008,train,False
123734,123531,val,False
123735,124087,train,False
123735,123569,train,False
123735,123523,test,False
123736,123424,train,False
123736,124185,train,False
123736,124555,train,False
123737,123880,train,False
123737,123669,train,False
123737,123424,train,False
123738,124600,train,False
123738,123346,train,False
123738,123580,train,False
123739,124161,val,False
123739,123510,train,False
123739,123447,train,False
123740,123412,val,False
123740,123439,train,False
123740,124100,train,False
123808,124562,val,False
123808,123364,train,False
123808,124593,test,False
123826,123872,val,False
123826,124508,train,False
123826,124022,val,False
123828,123874,train,False
123828,123386,train,False
123828,123761,val,False
123839,123540,train,False
123839,124579,train,False
123839,123513,test,False
123910,124513,test,False
123910,124092,val,False
123910,124123,test,False
123915,123960,train,False
123915,124151,val,False
123915,124081,val,False
123929,123556,train,False
123929,123938,train,False
123929,124015,train,False
123940,123602,val,False
123940,123645,train,False
123940,124070,train,False
123947,123587,train,False
123947,123533,test,False
123947,123776,train,False
123956,124051,val,False
123956,124095,train,False
123956,124580,train,False
124146,124069,train,False
124146,124848,train,False
124146,123502,val,False
124187,124446,train,False
124187,124508,train,False
124187,123875,train,False
124189,124555,train,False
124189,124553,test,False
124189,123431,val,False
124190,123788,train,False
124190,123311,val,False
124190,124680,train,False
124200,123328,train,False
124200,123538,train,False
124200,123982,val,False
124204,123540,train,False
124204,124834,train,False
124204,123644,train,False
124206,124830,train,False
124206,123350,train,False
124206,124658,train,False
124207,124503,test,False
124207,123772,val,False
124207,124563,test,False
124208,124088,train,False
124208,124021,val,False
124208,123796,train,False
124209,123589,train,False
124209,124042,val,False
124209,123506,train,False
124210,124821,val,False
124210,123883,test,False
124210,123585,train,False
124214,123564,train,False
124214,124541,val,False
124214,123979,train,False
124215,123541,val,False
124215,123973,test,False
124215,123613,test,False
124217,123981,val,False
124217,124084,train,False
124217,124065,train,False
124218,124058,train,False
124218,123420,train,False
124218,124493,test,False
124219,123422,val,False
124219,124516,train,False
124219,123576,train,False
124220,123551,val,False
124220,124508,train,False
124220,123785,train,False
124224,123463,test,False
124224,124834,train,False
124224,123676,train,False
124225,124489,train,False
124225,124102,val,False
124225,124156,train,False
124226,123454,train,False
124226,123326,train,False
124226,123880,train,False
124228,123652,val,False
124228,123664,train,False
124228,124550,train,False
124229,124000,train,False
124229,123695,train,False
124229,124804,train,False
124230,123412,val,False
124230,124514,train,False
124230,123399,train,False
124234,124106,train,False
124234,123984,train,False
124234,123758,train,False
124235,124120,train,False
124235,123878,train,False
124235,124559,train,False
124236,124074,train,False
124236,124098,train,False
124236,123482,val,False
124237,123347,train,False
124237,123313,test,False
124237,123391,val,False
124239,123889,train,False
124239,123908,train,False
124239,123478,train,False
124240,123751,val,False
124240,123625,train,False
124240,124164,train,False
124244,124846,train,False
124244,123440,train,False
124244,124802,val,False
124245,124078,train,False
124245,124558,train,False
124245,123542,val,False
124247,123980,train,False
124247,123987,train,False
124247,123640,train,False
124254,123757,train,False
124254,124126,train,False
124254,124509,train,False
124255,124505,train,False
124255,123361,val,False
124255,123405,train,False
124258,124814,train,False
124258,123506,train,False
124258,123402,val,False
124265,124146,train,False
124265,124501,val,False
124265,123927,train,False
124268,123898,train,False
124268,123547,train,False
124268,123325,train,False
124270,124081,val,False
124270,124115,train,False
124270,123357,train,False
124280,123419,train,False
124280,123542,val,False
124280,124040,train,False
124288,124852,val,False
124288,123359,train,False
124288,124850,train,False
124307,124192,val,False
124307,123700,train,False
124307,123333,test,False
124308,123434,train,False
124308,123903,test,False
124308,123411,val,False
124314,123378,train,False
124314,123390,train,False
124314,123991,val,False
124319,123785,train,False
124319,123555,train,False
124319,124069,train,False
124320,123644,train,False
124320,124702,val,False
124320,124000,train,False
124329,123395,train,False
124329,123339,train,False
124329,124097,train,False
124337,123883,test,False
124337,123410,train,False
124337,124501,val,False
124339,123408,train,False
124339,123689,train,False
124339,124646,train,False
124340,123445,train,False
124340,124489,train,False
124340,123583,test,False
124346,124165,train,False
124346,123495,train,False
124346,123416,train,False
124355,123669,train,False
124355,124104,train,False
124355,124535,train,False
124359,123990,train,False
124359,124082,val,False
124359,123414,train,False
124369,124150,train,False
124369,124576,train,False
124369,123888,train,False
124370,123612,val,False
124370,124061,val,False
124370,123680,train,False
124385,123364,train,False
124385,123685,train,False
124385,124583,test,False
124390,124825,train,False
124390,123372,val,False
124390,123523,test,False
124396,123482,val,False
124396,124550,train,False
124396,124405,train,False
124398,123755,train,False
124398,123708,train,False
124398,123780,train,False
124399,124069,train,False
124399,123452,val,False
124399,124463,test,False
124406,124040,train,False
124406,124030,train,False
124406,124581,val,False
124407,124087,train,False
124407,123762,val,False
124407,124025,train,False
124408,124867,train,False
124408,123609,train,False
124408,123999,train,False
124418,123651,val,False
124418,123969,train,False
124418,124044,train,False
124425,123778,train,False
124425,124497,train,False
124425,124191,val,False
124430,124597,train,False
124430,123328,train,False
124430,124039,train,False
124436,123674,train,False
124436,124038,train,False
124436,124427,train,False
124517,123699,train,False
124517,123367,train,False
124517,124013,test,False
124519,123331,val,False
124519,124051,val,False
124519,123458,train,False
124528,123990,train,False
124528,124260,train,False
124528,123730,train,False
124614,124091,val,False
124614,123977,train,False
124614,123887,train,False
124617,123744,train,False
124617,123577,train,False
124617,123769,train,False
124618,123708,train,False
124618,123486,train,False
124618,124680,train,False
124627,124076,train,False
124627,123762,val,False
124627,124576,train,False
124659,124037,train,False
124659,123668,train,False
124659,123581,val,False
124660,123429,train,False
124660,124447,train,False
124660,123599,train,False
124678,124470,train,False
124678,123883,test,False
124678,124815,train,False
124685,123655,train,False
124685,123984,train,False
124685,123997,train,False
124689,124532,val,False
124689,123966,train,False
124689,123611,val,False
124695,124820,train,False
124695,123570,train,False
124695,124055,train,False
124716,123344,train,False
124716,123776,train,False
124716,123757,train,False
124739,123534,train,False
124739,124007,train,False
124739,123980,train,False
124759,123656,train,False
124759,123765,train,False
124759,123527,train,False
124776,124513,test,False
124776,124181,val,False
124776,124806,train,False
124786,124852,val,False
124786,124036,train,False
124786,124184,train,False
125037,126324,train,False
125037,126157,train,False
125037,125704,train,False
125269,125632,val,False
125269,126323,test,False
125269,126164,train,False
125270,126081,val,False
125270,125334,train,False
125270,124993,test,False
125275,124954,train,False
125275,125014,train,False
125275,124919,train,False
125276,125163,test,False
125276,125637,train,False
125276,125548,train,False
125277,125209,train,False
125277,124932,val,False
125277,125229,train,False
125278,125066,train,False
125278,124996,train,False
125278,126019,train,False
125279,125106,train,False
125279,126009,train,False
125279,125212,val,False
125280,125266,train,False
125280,125554,train,False
125280,125229,train,False
125286,125010,train,False
125286,126370,train,False
125286,125050,train,False
125287,125165,train,False
125287,125472,val,False
125287,125559,train,False
125288,125002,val,False
125288,126391,val,False
125288,125065,train,False
125290,125073,test,False
125290,125138,train,False
125290,125184,train,False
125294,124995,train,False
125294,125686,train,False
125294,125592,val,False
125297,126413,test,False
125297,125719,train,False
125297,125638,train,False
125298,125696,train,False
125298,125837,train,False
125298,125566,train,False
125299,126013,test,False
125299,124900,train,False
125299,125188,train,False
125300,126385,train,False
125300,126046,train,False
125300,124930,train,False
125304,125697,train,False
125304,125527,train,False
125304,125453,test,False
125305,125172,val,False
125305,125752,val,False
125305,125150,train,False
125306,125076,train,False
125306,124994,train,False
125306,125348,train,False
125308,125139,train,False
125308,126104,train,False
125308,125761,val,False
125309,124987,train,False
125309,125557,train,False
125309,125455,train,False
125367,125351,val,False
125367,125765,train,False
125367,125739,train,False
125374,125259,train,False
125374,126380,train,False
125374,126017,train,False
125378,126165,train,False
125378,125543,test,False
125378,125708,train,False
125379,125054,train,False
125379,125041,val,False
125379,125222,val,False
125386,125203,test,False
125386,126378,train,False
125386,126078,train,False
125400,125717,train,False
125400,125235,train,False
125400,125572,val,False
125408,125638,train,False
125408,124889,train,False
125408,125041,val,False
125427,125618,train,False
125427,125087,train,False
125427,126420,train,False
125429,125599,train,False
125429,125547,train,False
125429,125205,train,False
125479,124898,train,False
125479,125671,val,False
125479,125038,train,False
125480,126103,test,False
125480,124952,val,False
125480,125200,train,False
125509,126124,train,False
125509,125266,train,False
125509,125090,train,False
125510,125551,val,False
125510,126116,train,False
125510,125199,train,False
125518,125115,train,False
125518,126163,test,False
125518,126409,train,False
125524,125364,train,False
125524,126164,train,False
125524,125464,train,False
125755,125285,train,False
125755,125442,val,False
125755,126062,val,False
125756,125764,train,False
125756,125079,train,False
125756,125638,train,False
125766,125026,train,False
125766,125680,train,False
125766,125156,train,False
125767,125572,val,False
125767,125307,train,False
125767,125138,train,False
125768,125043,test,False
125768,125544,train,False
125768,125656,train,False
125769,125214,train,False
125769,126054,train,False
125769,125001,val,False
125770,126043,test,False
125770,125009,train,False
125770,125364,train,False
125774,125199,train,False
125774,125334,train,False
125774,125604,train,False
125775,125526,train,False
125775,125195,train,False
125775,125005,train,False
125776,125446,train,False
125776,125163,test,False
125776,125011,val,False
125777,124988,train,False
125777,125247,train,False
125777,126069,train,False
125778,125959,train,False
125778,125330,train,False
125778,126164,train,False
125779,125338,train,False
125779,126190,train,False
125779,125348,train,False
125780,124944,train,False
125780,125620,train,False
125780,124990,train,False
125784,125200,train,False
125784,126167,train,False
125784,125203,test,False
125785,125596,train,False
125785,124985,train,False
125785,125638,train,False
125786,125613,test,False
125786,125763,test,False
125786,125721,val,False
125787,125751,val,False
125787,125131,val,False
125787,126383,test,False
125788,126377,train,False
125788,125128,train,False
125788,125729,train,False
125789,125344,train,False
125789,125473,test,False
125789,125121,val,False
125790,125089,train,False
125790,126399,train,False
125790,125251,val,False
125794,126190,train,False
125794,125721,val,False
125794,126157,train,False
125795,125333,test,False
125795,125344,train,False
125795,126051,val,False
125796,124898,train,False
125796,125026,train,False
125796,124980,train,False
125797,125528,train,False
125797,125926,train,False
125797,125762,val,False
125798,125321,val,False
125798,126074,train,False
125798,124960,train,False
125799,125266,train,False
125799,125058,train,False
125799,125804,train,False
125800,125573,test,False
125800,125570,train,False
125800,126150,train,False
125805,126098,train,False
125805,125026,train,False
125805,125349,train,False
125806,126430,train,False
125806,126426,train,False
125806,125482,val,False
125807,126235,train,False
125807,125915,train,False
125807,125465,train,False
125808,126123,test,False
125808,125547,train,False
125808,125248,train,False
125809,125185,train,False
125809,125093,test,False
125809,126164,train,False
125810,126021,val,False
125810,125136,train,False
125810,125258,train,False
125817,125673,test,False
125817,126389,train,False
125817,125970,train,False
125825,125871,val,False
125825,125633,test,False
125825,125339,train,False
125828,125859,train,False
125828,125712,val,False
125828,125178,train,False
125829,125668,train,False
125829,126380,train,False
125829,126059,train,False
125847,126029,train,False
125847,125046,train,False
125847,125185,train,False
125855,125310,train,False
125855,125613,test,False
125855,126131,val,False
125856,126257,train,False
125856,125662,val,False
125856,125457,train,False
125866,124961,val,False
125866,126201,val,False
125866,124926,train,False
125870,125185,train,False
125870,124973,test,False
125870,125366,train,False
125879,126111,val,False
125879,125255,train,False
125879,125659,train,False
125880,125693,test,False
125880,126406,train,False
125880,124978,train,False
125898,126109,train,False
125898,125674,train,False
125898,125093,test,False
125900,125059,train,False
125900,124950,train,False
125900,126324,train,False
125914,125364,train,False
125914,125456,train,False
125914,126035,train,False
125920,125583,test,False
125920,125593,test,False
125920,124908,train,False
125927,125318,train,False
125927,126009,train,False
125927,126393,test,False
125934,125240,train,False
125934,125075,train,False
125934,124949,train,False
125939,126041,val,False
125939,125130,train,False
125939,125659,train,False
125949,125706,train,False
125949,126050,train,False
125949,125151,val,False
125950,126025,train,False
125950,125441,val,False
125950,125634,train,False
125955,126397,train,False
125955,125268,train,False
125955,125351,val,False
125956,125237,train,False
125956,125388,train,False
125956,125234,train,False
125958,124945,train,False
125958,125574,train,False
125958,125596,train,False
125966,125605,train,False
125966,125644,train,False
125966,125085,train,False
125976,125721,val,False
125976,125567,train,False
125976,125103,test,False
125977,125553,test,False
125977,124898,train,False
125977,125571,val,False
125980,125058,train,False
125980,125632,val,False
125980,125815,train,False
125987,125437,train,False
125987,125436,train,False
125987,125100,train,False
126006,125457,train,False
126006,125437,train,False
126006,125722,val,False
126076,125736,train,False
126076,125259,train,False
126076,124974,train,False
126089,126401,val,False
126089,125465,train,False
126089,125346,train,False
126178,125056,train,False
126178,126212,val,False
126178,125079,train,False
126184,125335,train,False
126184,125683,test,False
126184,125647,train,False
126186,125388,train,False
126186,126392,val,False
126186,125359,train,False
126197,125669,train,False
126197,125034,train,False
126197,125687,train,False
126199,126096,train,False
126199,125750,train,False
126199,125532,val,False
126208,125051,val,False
126208,124966,train,False
126208,125363,test,False
126239,124911,val,False
126239,125482,val,False
126239,125680,train,False
126247,126246,train,False
126247,126129,train,False
126247,124927,train,False
126250,125698,train,False
126250,125474,train,False
126250,125251,val,False
126304,126162,val,False
126304,125658,train,False
126304,125349,train,False
126328,125185,train,False
126328,125107,train,False
126328,126406,train,False
126356,124912,val,False
126356,125087,train,False
126356,125031,val,False
126364,124998,train,False
126364,126105,train,False
126364,126158,train,False
127328,127590,train,False
127328,128589,train,False
127328,126847,train,False
128007,128247,train,False
128007,128305,train,False
128007,126877,train,False
128014,130077,train,False
128014,130031,val,False
128014,126843,test,False
128015,127405,train,False
128015,127425,train,False
128015,129053,test,False
128020,128459,train,False
128020,128549,train,False
128020,129422,val,False
128025,128718,train,False
128025,127942,val,False
128025,130243,test,False
128034,127441,val,False
128034,130119,train,False
128034,129147,train,False
128065,130301,val,False
128065,130229,train,False
128065,126982,val,False
128067,127265,train,False
128067,128545,train,False
128067,126775,train,False
128068,127522,val,False
128068,129067,train,False
128068,129797,train,False
128069,126490,train,False
128069,130292,val,False
128069,128251,val,False
128087,127415,train,False
128087,127309,train,False
128087,128506,train,False
128117,130284,train,False
128117,127461,val,False
128117,130649,train,False
128125,129318,train,False
128125,130518,train,False
128125,127359,train,False
128149,126889,train,False
128149,127961,val,False
128149,129092,val,False
128164,129308,train,False
128164,130438,train,False
128164,126482,val,False
129250,130797,train,False
129250,126901,val,False
129250,127491,val,False
129254,128332,val,False
129254,129478,train,False
129254,126989,train,False
129255,130752,val,False
129255,126728,train,False
129255,130154,train,False
129258,129129,train,False
129258,130310,train,False
129258,128835,train,False
129259,128385,train,False
129259,130099,train,False
129259,127908,train,False
129264,126942,val,False
129264,127454,train,False
129264,128247,train,False
129265,127841,val,False
129265,129607,train,False
129265,130219,train,False
129266,129380,train,False
129266,127201,val,False
129266,130753,test,False
129269,128920,train,False
129269,127672,val,False
129269,126765,train,False
129270,128798,train,False
129270,128459,train,False
129270,127526,train,False
129274,130404,train,False
129274,128447,train,False
129274,126879,train,False
129276,130671,val,False
129276,129806,train,False
129276,128547,train,False
129277,130508,train,False
129277,129561,val,False
129277,130142,val,False
129279,128908,train,False
129279,128797,train,False
129279,129061,val,False
129280,126831,val,False
129280,129687,train,False
129280,128725,train,False
129818,129773,test,False
129818,130737,train,False
129818,127496,train,False
129819,127801,val,False
129819,130585,train,False
129819,129108,train,False
129820,130582,val,False
129820,128614,train,False
129820,127800,train,False
129824,130253,test,False
129824,127326,train,False
129824,129156,train,False
129825,130490,train,False
129825,129521,val,False
129825,129734,train,False
129826,129702,val,False
129826,130344,train,False
129826,130155,train,False
129827,128437,train,False
129827,130631,val,False
129827,128162,val,False
129829,129487,train,False
129829,126441,val,False
129829,127185,train,False
129830,130669,train,False
129830,130301,val,False
129830,126451,val,False
129834,126827,train,False
129834,126604,train,False
129834,130700,train,False
129835,128662,val,False
129835,129968,train,False
129835,127467,train,False
129836,127306,train,False
129836,127426,train,False
129836,130039,train,False
129837,130483,test,False
129837,129661,val,False
129837,129980,train,False
129838,128484,train,False
129838,130831,val,False
129838,127076,train,False
129840,130577,train,False
129840,128723,test,False
129840,127026,train,False
129844,129674,train,False
129844,130041,val,False
129844,127588,train,False
129845,130934,train,False
129845,130692,val,False
129845,127984,train,False
129847,129402,val,False
129847,130838,train,False
129847,129575,train,False
129854,129984,train,False
129854,129828,train,False
129854,129933,test,False
129855,130144,train,False
129855,127976,train,False
129855,129674,train,False
129856,129091,val,False
129856,129032,val,False
129856,130510,train,False
129857,129163,test,False
129857,126674,train,False
129857,129470,train,False
129858,128514,train,False
129858,128228,train,False
129858,127983,test,False
129859,128183,test,False
129859,128684,train,False
129859,130247,train,False
129860,126809,train,False
129860,128814,train,False
129860,130106,train,False
129865,129611,val,False
129865,130055,train,False
129865,127329,train,False
129866,127575,train,False
129866,127465,train,False
129866,127318,train,False
129867,128344,train,False
129867,129006,train,False
129867,126589,train,False
129869,128708,train,False
129869,130061,val,False
129869,129732,val,False
129870,129051,val,False
129870,128287,train,False
129870,129134,train,False
129875,129038,train,False
129875,130297,train,False
129875,128829,train,False
129877,128632,val,False
129877,129976,train,False
129877,129145,train,False
129878,130158,train,False
129878,130570,train,False
129878,126490,train,False
129879,127582,val,False
129879,127704,train,False
129879,126938,train,False
129880,126781,val,False
129880,128906,train,False
129880,128947,train,False
129884,130534,train,False
129884,127857,train,False
129884,129954,train,False
129885,130334,train,False
129885,128827,train,False
129885,130777,train,False
129887,130613,test,False
129887,130308,train,False
129887,128232,val,False
129888,130366,train,False
129888,128420,train,False
129888,126478,train,False
129889,130514,train,False
129889,128643,test,False
129889,127788,train,False
129890,126837,train,False
129890,130220,train,False
129890,127114,train,False
129896,127677,train,False
129896,127320,train,False
129896,130279,train,False
129897,130574,train,False
129897,130202,val,False
129897,128979,train,False
129898,127586,train,False
129898,128854,train,False
129898,128491,val,False
129899,130812,val,False
129899,127233,test,False
129899,130155,train,False
129900,127587,train,False
129900,127418,train,False
129900,129444,train,False
129904,127560,train,False
129904,129384,train,False
129904,126822,val,False
129907,128483,test,False
129907,130081,val,False
129907,127737,train,False
129909,127516,train,False
129909,128335,train,False
129909,130784,train,False
129910,127002,val,False
129910,130716,train,False
129910,128661,val,False
129914,127415,train,False
129914,130356,train,False
129914,128367,train,False
129915,126595,train,False
129915,128558,train,False
129915,128260,train,False
129916,127499,train,False
129916,128625,train,False
129916,128304,train,False
129918,130692,val,False
129918,130368,train,False
129918,127629,train,False
129920,126480,train,False
129920,129930,train,False
129920,127814,train,False
129948,128742,val,False
129948,130281,val,False
129948,130522,val,False
130798,127075,train,False
130798,129655,train,False
130798,129182,val,False
130870,130048,train,False
130870,126801,val,False
130870,127354,train,False
130889,127714,train,False
130889,130831,val,False
130889,130629,train,False
130906,130124,train,False
130906,130490,train,False
130906,130636,train,False
130957,126583,test,False
130957,129386,train,False
130957,129738,train,False
130974,126839,train,False
130974,130541,val,False
130974,126965,train,False
131365,133642,val,False
131365,133554,train,False
131365,135037,train,False
131619,131919,train,False
131619,132477,train,False
131619,134491,val,False
132554,135241,val,False
132554,132009,train,False
132554,134940,train,False
132559,132494,train,False
132559,131679,train,False
132559,134142,val,False
132560,131896,train,False
132560,135341,val,False
132560,132499,train,False
132575,131497,train,False
132575,131597,train,False
132575,131337,train,False
132585,132777,train,False
132585,131860,train,False
132585,133179,train,False
132596,131872,val,False
132596,133213,test,False
132596,131987,train,False
132607,133423,test,False
132607,134950,train,False
132607,134062,val,False
132669,133925,train,False
132669,135152,val,False
132669,133444,train,False
132699,134826,train,False
132699,133590,train,False
132699,132752,val,False
133755,135121,val,False
133755,131008,train,False
133755,131868,train,False
133787,133430,train,False
133787,131885,train,False
133787,133282,val,False
133788,133686,train,False
133788,132825,train,False
133788,131066,train,False
133789,133519,train,False
133789,134747,train,False
133789,131365,train,False
133795,131468,train,False
133795,135029,train,False
133795,134891,val,False
133796,132454,train,False
133796,134630,train,False
133796,131401,val,False
133797,133659,train,False
133797,132803,test,False
133797,133592,val,False
133798,135377,train,False
133798,133761,val,False
133798,134609,train,False
133799,131709,train,False
133799,134588,train,False
133799,131181,val,False
133806,133368,train,False
133806,132430,train,False
133806,133377,train,False
133807,131549,train,False
133807,131910,train,False
133807,134549,train,False
133808,131698,train,False
133808,135221,val,False
133808,134585,train,False
133809,131831,val,False
133809,133956,train,False
133809,131289,train,False
133814,131945,train,False
133814,133758,train,False
133814,135029,train,False
133815,134636,train,False
133815,133135,train,False
133815,134841,val,False
133817,133454,train,False
133817,132757,train,False
133817,131741,val,False
133818,131493,test,False
133818,134548,train,False
133818,131233,test,False
134087,132011,val,False
134087,131690,train,False
134087,131422,val,False
134356,133698,train,False
134356,131814,train,False
134356,131759,train,False
134357,134564,train,False
134357,134306,train,False
134357,132296,train,False
134358,133427,train,False
134358,133530,train,False
134358,131104,train,False
134359,132005,train,False
134359,131817,train,False
134359,132946,train,False
134360,134811,val,False
134360,134274,train,False
134360,134560,train,False
134364,133995,train,False
134364,132835,train,False
134364,131796,train,False
134365,132352,val,False
134365,131988,train,False
134365,132149,train,False
134367,133086,train,False
134367,135138,train,False
134367,133372,val,False
134368,135359,train,False
134368,135090,train,False
134368,131680,train,False
134369,134060,train,False
134369,132168,train,False
134369,131041,val,False
134370,131418,train,False
134370,133116,train,False
134370,131639,train,False
134374,134486,train,False
134374,131503,test,False
134374,134476,train,False
134375,133673,test,False
134375,132314,train,False
134375,135145,train,False
134376,131796,train,False
134376,132166,train,False
134376,134714,train,False
134378,132379,train,False
134378,135190,train,False
134378,134788,train,False
134379,131202,val,False
134379,133417,train,False
134379,131286,train,False
134385,132319,train,False
134385,135201,val,False
134385,135259,train,False
134386,135186,train,False
134386,134743,test,False
134386,131595,train,False
134387,133752,val,False
134387,134160,train,False
134387,131495,train,False
134390,131734,train,False
134390,133037,train,False
134390,132510,train,False
134394,132338,train,False
134394,133842,val,False
134394,133915,train,False
134396,135265,train,False
134396,131294,train,False
134396,135366,train,False
134397,131822,val,False
134397,133786,train,False
134397,133047,train,False
134404,133337,train,False
134404,133262,val,False
134404,133984,train,False
134405,133843,test,False
134405,135401,val,False
134405,131168,train,False
134407,134008,train,False
134407,135165,train,False
134407,132302,val,False
134408,131930,train,False
134408,134936,train,False
134408,134821,val,False
134409,135352,val,False
134409,131123,test,False
134409,134254,train,False
134414,132976,train,False
134414,131932,val,False
134414,131787,train,False
134415,133019,train,False
134415,133627,train,False
134415,135150,train,False
134417,132437,train,False
134417,135313,test,False
134417,135183,test,False
134419,134844,train,False
134419,133863,test,False
134419,134557,train,False
134420,132464,train,False
134420,133280,train,False
134420,132945,train,False
134424,134979,train,False
134424,134618,train,False
134424,134388,train,False
134425,132873,test,False
134425,132703,test,False
134425,132098,train,False
134426,134794,train,False
134426,133778,train,False
134426,131879,train,False
134427,133491,val,False
134427,132231,val,False
134427,134981,val,False
134428,134995,train,False
134428,133221,val,False
134428,132380,train,False
134429,132181,val,False
134429,134852,val,False
134429,133196,train,False
134430,131495,train,False
134430,132430,train,False
134430,132177,train,False
134434,132371,val,False
134434,131670,train,False
134434,131548,train,False
134435,133478,train,False
134435,132070,train,False
134435,131962,val,False
134436,131796,train,False
134436,131508,train,False
134436,132270,train,False
134437,134868,train,False
134437,135330,train,False
134437,131976,train,False
134438,134713,test,False
134438,132458,train,False
134438,132986,train,False
134439,135390,train,False
134439,135072,val,False
134439,132085,train,False
134440,134513,test,False
134440,131849,train,False
134440,134897,train,False
134448,134095,train,False
134448,134567,train,False
134448,133501,val,False
134449,131256,train,False
134449,132723,test,False
134449,133045,train,False
134450,135207,train,False
134450,132962,val,False
134450,131252,val,False
134454,132467,train,False
134454,133407,train,False
134454,131756,train,False
134456,131918,train,False
134456,133383,test,False
134456,135266,train,False
134457,133461,val,False
134457,134120,train,False
134457,131362,val,False
134458,132579,train,False
134458,133305,train,False
134458,134832,val,False
134459,132530,train,False
134459,134148,train,False
134459,134200,train,False
134460,131258,train,False
134460,134991,val,False
134460,131925,train,False
134625,133660,train,False
134625,134328,train,False
134625,131324,train,False
135166,135134,train,False
135166,133637,train,False
135166,131123,test,False
135424,135277,train,False
135424,133096,train,False
135424,132062,val,False
135436,133574,train,False
135436,134509,train,False
135436,132698,train,False
135447,135275,train,False
135447,134271,val,False
135447,131523,test,False
135454,134465,train,False
135454,135398,train,False
135454,134584,train,False
135475,135264,train,False
135475,133671,val,False
135475,135197,train,False
135476,132334,train,False
135476,134536,train,False
135476,130984,train,False
135499,131041,val,False
135499,132505,train,False
135499,133941,val,False
135515,133956,train,False
135515,131501,val,False
135515,132412,val,False
