file,window_row,label,state,baud,bag_id,bag_pairing,packet_ordinal_observed,independent_run_id,condition_id,sample_rate_hz,pred4,pred10,p10_0,p10_1,p10_2,p10_3,p10_4,p10_5,p10_6,p10_7,p10_8,p10_9,p4_0,p4_1,p4_2,p4_3
2026_9_20_18-41-41-normal-115200.npz,0,0,normal,115200,20260920-184058-normal-11520,simultaneous_recording_user_confirmed_not_window_time_aligned,1,,,4000,0,0,0.3369753,2.808979e-06,0.000494723,1.7760636e-05,0.0005462794,0.33187863,5.3731706e-06,2.7751359e-11,0.16512696,0.16495223,0.3369753,0.0005152926,0.3300792,0.33243027
2026_9_20_18-41-41-normal-115200.npz,1,0,normal,115200,20260920-184058-normal-11520,simultaneous_recording_user_confirmed_not_window_time_aligned,2,,,4000,0,0,0.3403904,2.8986685e-07,0.00064490055,6.828543e-06,0.00019514908,0.33054265,1.5328066e-06,1.91423e-11,0.066764854,0.26145345,0.3403904,0.00065201893,0.3282183,0.33073932
2026_9_20_18-41-41-normal-115200.npz,2,0,normal,115200,20260920-184058-normal-11520,simultaneous_recording_user_confirmed_not_window_time_aligned,3,,,4000,0,0,0.4574937,1.6277253e-06,0.000121902725,1.801133e-05,0.0011695877,0.33132684,7.001126e-07,6.2894356e-11,0.00026801016,0.2095996,0.4574937,0.00014154178,0.20986761,0.33249712
2026_9_20_18-41-41-normal-115200.npz,3,0,normal,115200,20260920-184058-normal-11520,simultaneous_recording_user_confirmed_not_window_time_aligned,4,,,4000,0,0,0.44034466,3.7534086e-05,0.0030227385,2.954e-05,0.0031467828,0.3270578,1.268365e-06,1.0120479e-10,0.00083032186,0.22552936,0.44034466,0.0030898126,0.22635968,0.3302059
2026_9_20_18-41-41-normal-115200.npz,4,0,normal,115200,20260920-184058-normal-11520,simultaneous_recording_user_confirmed_not_window_time_aligned,5,,,4000,0,0,0.58940727,1.3815376e-06,0.0001274185,7.794663e-06,0.00016320495,0.33304143,1.0685617e-06,2.7488503e-11,9.033166e-05,0.07716016,0.58940727,0.00013659471,0.07725049,0.3332057
2026_9_20_18-41-41-normal-115200.npz,5,0,normal,115200,20260920-184058-normal-11520,simultaneous_recording_user_confirmed_not_window_time_aligned,6,,,4000,0,0,0.4573715,1.9447934e-05,0.00029626815,4.096342e-05,0.002398705,0.32980463,7.936721e-06,1.5670469e-10,0.00074537593,0.20931523,0.4573715,0.0003566795,0.2100606,0.33221126
2026_9_20_18-41-41-normal-115200.npz,6,0,normal,115200,20260920-184058-normal-11520,simultaneous_recording_user_confirmed_not_window_time_aligned,7,,,4000,0,0,0.41611108,1.0125795e-05,0.0054906807,7.70634e-05,0.0019072434,0.3011659,2.0203956e-05,1.8994685e-10,0.08349469,0.19172291,0.41611108,0.0055778697,0.2752176,0.30309334
2026_9_20_18-48-45-normal-460800.npz,0,0,normal,460800,20260920-184857-normal-460800,simultaneous_recording_user_confirmed_not_window_time_aligned,1,,,4000,0,0,0.5768221,6.0438947e-06,0.010069528,0.00011403133,0.004894235,0.12421832,1.3374477e-05,4.4354653e-10,0.0117632225,0.27209914,0.5768221,0.010189603,0.28386235,0.12912594
2026_9_20_18-48-45-normal-460800.npz,1,0,normal,460800,20260920-184857-normal-460800,simultaneous_recording_user_confirmed_not_window_time_aligned,2,,,4000,0,0,0.33784363,2.7059352e-06,0.005520268,6.2617655e-05,0.001976268,0.3230596,1.2498883e-05,7.723185e-11,0.15244983,0.17907254,0.33784363,0.0055855913,0.33152238,0.32504836
2026_9_20_18-48-45-normal-460800.npz,2,0,normal,460800,20260920-184857-normal-460800,simultaneous_recording_user_confirmed_not_window_time_aligned,3,,,4000,0,0,0.37623736,1.5398107e-05,0.018711207,0.00014342692,0.012000655,0.2732242,2.7222611e-06,1.369294e-10,0.011868403,0.30779663,0.37623736,0.018870033,0.31966504,0.28522757
2026_9_20_18-48-45-normal-460800.npz,3,0,normal,460800,20260920-184857-normal-460800,simultaneous_recording_user_confirmed_not_window_time_aligned,4,,,4000,0,0,0.66061276,8.707212e-06,0.0063206255,3.8855247e-05,0.0034914205,0.31936026,8.036514e-07,1.8038658e-10,1.013708e-05,0.010156456,0.66061276,0.006368188,0.010166594,0.3228525
2026_9_20_18-48-45-normal-460800.npz,4,0,normal,460800,20260920-184857-normal-460800,simultaneous_recording_user_confirmed_not_window_time_aligned,5,,,4000,0,0,0.5534086,1.3064498e-05,0.0630813,7.8207806e-05,0.007223087,0.25363588,2.86203e-06,4.6070073e-10,0.0006226779,0.12193432,0.5534086,0.06317257,0.12255699,0.26086184
2026_9_20_18-48-45-normal-460800.npz,5,0,normal,460800,20260920-184857-normal-460800,simultaneous_recording_user_confirmed_not_window_time_aligned,6,,,4000,0,0,0.3446966,1.0401411e-06,0.0068740887,4.890487e-05,0.0017030914,0.32416663,1.0266915e-05,1.1953256e-10,0.05064399,0.27185538,0.3446966,0.0069240336,0.32249936,0.32588
2026_9_20_19-05-05-outBroken-115200.npz,0,2,outBroken,115200,20260920-190512-outBroken-115200,simultaneous_recording_user_confirmed_not_window_time_aligned,1,,,4000,0,0,0.36021337,8.5583747e-07,0.0022867362,7.0467318e-06,8.295828e-05,0.33330593,4.178874e-05,2.8369229e-11,0.2547998,0.049261495,0.36021337,0.0022946387,0.3040613,0.33343068
2026_9_20_19-05-05-outBroken-115200.npz,1,2,outBroken,115200,20260920-190512-outBroken-115200,simultaneous_recording_user_confirmed_not_window_time_aligned,2,,,4000,0,0,0.50480884,1.1390182e-06,0.0012851909,2.3323933e-05,9.982302e-05,0.3334014,1.618512e-05,8.551863e-12,0.10626328,0.05410086,0.50480884,0.0013096539,0.16036414,0.33351743
2026_9_20_19-05-05-outBroken-115200.npz,2,2,outBroken,115200,20260920-190512-outBroken-115200,simultaneous_recording_user_confirmed_not_window_time_aligned,3,,,4000,0,0,0.3769336,1.3215232e-06,0.00087132165,7.982887e-06,0.00031342573,0.3351643,4.628662e-05,1.5716872e-11,0.14212319,0.1445385,0.3769336,0.0008806261,0.28666168,0.33552402
2026_9_20_19-05-05-outBroken-115200.npz,3,2,outBroken,115200,20260920-190512-outBroken-115200,simultaneous_recording_user_confirmed_not_window_time_aligned,4,,,4000,0,0,0.34042153,1.197304e-06,0.00036344116,3.715806e-06,8.937804e-05,0.33396265,9.612224e-05,2.5764916e-11,0.23825346,0.086808525,0.34042153,0.00036835426,0.32506198,0.33414814
2026_9_20_19-05-05-outBroken-115200.npz,4,2,outBroken,115200,20260920-190512-outBroken-115200,simultaneous_recording_user_confirmed_not_window_time_aligned,5,,,4000,0,0,0.39323756,9.0454745e-07,0.0018824706,1.0666009e-05,0.0001236043,0.33433458,4.871171e-05,8.4005525e-11,0.18316524,0.08719629,0.39323756,0.0018940411,0.27036154,0.33450687
2026_9_20_19-05-05-outBroken-115200.npz,5,2,outBroken,115200,20260920-190512-outBroken-115200,simultaneous_recording_user_confirmed_not_window_time_aligned,6,,,4000,0,0,0.55688196,3.6985514e-06,0.0016146484,3.0940853e-05,0.00028788895,0.33447647,4.909607e-05,1.4008801e-11,0.014697847,0.09195748,0.55688196,0.0016492878,0.10665533,0.33481345
2026_9_20_19-05-05-outBroken-115200.npz,6,2,outBroken,115200,20260920-190512-outBroken-115200,simultaneous_recording_user_confirmed_not_window_time_aligned,7,,,4000,0,0,0.64391583,9.803111e-08,5.7056026e-05,3.8688568e-06,2.076738e-05,0.33325216,1.6202968e-06,1.2504195e-12,0.004860483,0.01788815,0.64391583,6.1022914e-05,0.022748632,0.33327454
2026_9_20_19-05-05-outBroken-115200.npz,7,2,outBroken,115200,20260920-190512-outBroken-115200,simultaneous_recording_user_confirmed_not_window_time_aligned,8,,,4000,0,0,0.35152674,2.3418302e-06,0.0048284773,1.629185e-05,0.0001166785,0.3335041,6.8995134e-05,2.9153905e-11,0.26476726,0.0451691,0.35152674,0.0048471107,0.30993634,0.33368978
2026_9_20_19-09-18-outBroken-460800.npz,0,2,outBroken,460800,20260920-190913-outBroken-460800,simultaneous_recording_user_confirmed_not_window_time_aligned,1,,,4000,0,0,0.598094,2.3142616e-06,0.0013507907,9.420718e-06,0.00035809397,0.34703287,3.854985e-05,5.6655032e-12,0.025095709,0.028018257,0.598094,0.0013625256,0.053113967,0.34742954
2026_9_20_19-09-18-outBroken-460800.npz,1,2,outBroken,460800,20260920-190913-outBroken-460800,simultaneous_recording_user_confirmed_not_window_time_aligned,2,,,4000,0,0,0.46899176,8.484908e-06,0.018872647,8.1762206e-05,0.0008759191,0.3362086,0.0004567724,1.525602e-10,0.050149456,0.1243546,0.46899176,0.018962894,0.17450406,0.3375413
2026_9_20_19-09-18-outBroken-460800.npz,2,2,outBroken,460800,20260920-190913-outBroken-460800,simultaneous_recording_user_confirmed_not_window_time_aligned,3,,,4000,0,0,0.6046495,9.631125e-07,0.0003056175,6.364446e-06,0.00015921054,0.3403189,4.0371637e-05,2.3114993e-12,0.010606258,0.043912917,0.6046495,0.00031294505,0.054519176,0.34051847
2026_9_20_19-09-18-outBroken-460800.npz,3,2,outBroken,460800,20260920-190913-outBroken-460800,simultaneous_recording_user_confirmed_not_window_time_aligned,35,,,4000,3,5,0.33634713,3.049964e-07,0.000794054,2.161909e-06,0.00015898117,0.33981177,4.3892855e-05,5.7423857e-12,0.30875596,0.014085754,0.33634713,0.0007965209,0.3228417,0.34001467
2026_9_20_19-09-18-outBroken-460800.npz,4,2,outBroken,460800,20260920-190913-outBroken-460800,simultaneous_recording_user_confirmed_not_window_time_aligned,36,,,4000,0,0,0.34365097,7.3053144e-07,0.0029041572,5.8078126e-06,7.746496e-05,0.333306,5.1051513e-05,1.7080287e-11,0.1927687,0.12723513,0.34365097,0.0029106955,0.3200038,0.33343452
2026_9_20_19-09-18-outBroken-460800.npz,5,2,outBroken,460800,20260920-190913-outBroken-460800,simultaneous_recording_user_confirmed_not_window_time_aligned,38,,,4000,0,0,0.60448253,1.4283337e-06,0.00017612842,7.81777e-06,0.00010311001,0.33558366,2.7545973e-05,5.028439e-12,0.006614736,0.053003013,0.60448253,0.00018537452,0.05961775,0.3357143
2026_9_20_19-09-18-outBroken-460800.npz,6,2,outBroken,460800,20260920-190913-outBroken-460800,simultaneous_recording_user_confirmed_not_window_time_aligned,39,,,4000,0,0,0.5782736,4.898135e-06,0.0023592517,2.4228568e-05,0.00034777037,0.33118686,3.9316717e-05,6.9716646e-12,0.03152037,0.05624366,0.5782736,0.0023883784,0.08776403,0.33157393
2026_9_20_19-09-18-outBroken-460800.npz,7,2,outBroken,460800,20260920-190913-outBroken-460800,simultaneous_recording_user_confirmed_not_window_time_aligned,40,,,4000,0,0,0.39152613,9.65129e-07,0.007854049,9.498323e-06,0.0002698346,0.33655584,0.00016988422,8.40814e-12,0.03927612,0.22433768,0.39152613,0.0078645125,0.2636138,0.33699554
2026_9_20_19-09-18-outBroken-460800.npz,8,2,outBroken,460800,20260920-190913-outBroken-460800,simultaneous_recording_user_confirmed_not_window_time_aligned,41,,,4000,0,0,0.5933284,5.4938744e-07,7.567502e-05,4.0155896e-06,0.0002449827,0.34096155,9.823656e-06,3.649745e-12,0.011874233,0.053500842,0.5933284,8.0239995e-05,0.065375075,0.34121636
2026_9_20_19-09-18-outBroken-460800.npz,9,2,outBroken,460800,20260920-190913-outBroken-460800,simultaneous_recording_user_confirmed_not_window_time_aligned,42,,,4000,0,0,0.4162649,1.1674423e-06,0.000658795,1.8529126e-05,0.0003022161,0.34121624,6.403947e-05,1.9669799e-11,0.043000486,0.19847365,0.4162649,0.0006784916,0.24147414,0.3415825
2026_9_20_19-22-20-inBroken-115200.npz,0,1,inBroken,115200,20260920-192216-inBroken-115200,simultaneous_recording_user_confirmed_not_window_time_aligned,1,,,4000,0,0,0.95807314,7.5823124e-08,1.0903099e-05,5.0762546e-06,8.941243e-06,2.6165878e-06,2.3458342e-07,1.19279525e-11,4.8549107e-05,0.04185054,0.95807314,1.6055175e-05,0.04189909,1.1792415e-05
2026_9_20_19-22-20-inBroken-115200.npz,1,1,inBroken,115200,20260920-192216-inBroken-115200,simultaneous_recording_user_confirmed_not_window_time_aligned,2,,,4000,0,0,0.96645546,9.832906e-08,2.486778e-05,2.6470918e-06,3.3542205e-05,6.804364e-05,2.334192e-07,1.509889e-11,1.9259996e-05,0.033395756,0.96645546,2.7613201e-05,0.033415016,0.00010181926
2026_9_20_19-22-20-inBroken-115200.npz,2,1,inBroken,115200,20260920-192216-inBroken-115200,simultaneous_recording_user_confirmed_not_window_time_aligned,3,,,4000,0,0,0.87879777,1.9801945e-07,6.0279195e-05,5.771337e-06,6.459084e-05,0.000120063836,4.289818e-07,6.285598e-11,0.000684073,0.12026686,0.87879777,6.6248555e-05,0.12095094,0.00018508364
2026_9_20_19-22-20-inBroken-115200.npz,3,1,inBroken,115200,20260920-192216-inBroken-115200,simultaneous_recording_user_confirmed_not_window_time_aligned,4,,,4000,0,0,0.96335584,3.3669128e-08,2.110746e-05,3.7687976e-06,5.295856e-06,7.6850296e-07,3.2520937e-08,5.7608224e-12,2.8951808e-05,0.036584195,0.96335584,2.4909927e-05,0.036613148,6.09688e-06
2026_9_20_19-22-20-inBroken-115200.npz,4,1,inBroken,115200,20260920-192216-inBroken-115200,simultaneous_recording_user_confirmed_not_window_time_aligned,5,,,4000,0,0,0.98301834,8.766814e-09,2.0880063e-05,9.541227e-07,2.6851314e-06,4.5159948e-07,1.4750163e-08,2.2094828e-12,7.003367e-06,0.016949698,0.98301834,2.1842952e-05,0.016956702,3.151481e-06
2026_9_20_19-22-20-inBroken-115200.npz,5,1,inBroken,115200,20260920-192216-inBroken-115200,simultaneous_recording_user_confirmed_not_window_time_aligned,6,,,4000,0,0,0.98672867,7.10617e-08,0.000124567,1.934734e-06,8.5859036e-05,0.00029375273,3.300003e-08,1.1589853e-11,5.556549e-07,0.012764574,0.98672867,0.00012657279,0.01276513,0.00037964477
2026_9_20_19-22-20-inBroken-115200.npz,6,1,inBroken,115200,20260920-192216-inBroken-115200,simultaneous_recording_user_confirmed_not_window_time_aligned,7,,,4000,0,0,0.98805547,3.065851e-08,1.8332202e-06,1.3241698e-06,5.25087e-06,4.222052e-06,6.4456785e-08,2.5199386e-11,4.724768e-06,0.011927142,0.98805547,3.1880486e-06,0.011931866,9.537379e-06
2026_9_20_19-22-20-inBroken-115200.npz,7,1,inBroken,115200,20260920-192216-inBroken-115200,simultaneous_recording_user_confirmed_not_window_time_aligned,8,,,4000,0,0,0.9954837,2.626817e-08,2.5708923e-06,4.7132275e-07,2.0532863e-05,0.00036932228,9.468882e-09,2.6929424e-12,4.584334e-08,0.004123295,0.9954837,3.0684832e-06,0.004123341,0.0003898646
2026_9_20_19-26-17-inBroken-460800.npz,0,1,inBroken,460800,20260920-192610-inBroken-460800,simultaneous_recording_user_confirmed_not_window_time_aligned,1,,,4000,0,0,0.9983613,3.4576118e-09,4.4186424e-07,1.1098886e-07,1.1955666e-06,1.1568696e-06,1.4187926e-09,1.1692992e-12,2.7511755e-08,0.0016357523,0.9983613,5.5631074e-07,0.0016357797,2.353855e-06
2026_9_20_19-26-17-inBroken-460800.npz,1,1,inBroken,460800,20260920-192610-inBroken-460800,simultaneous_recording_user_confirmed_not_window_time_aligned,2,,,4000,0,0,0.8172288,2.9575486e-07,0.0012073362,1.1577181e-05,0.00018257613,0.0007169537,5.3287744e-07,5.0143795e-11,0.00030311992,0.18034892,0.8172288,0.0012192092,0.18065204,0.00090006273
2026_9_20_19-26-17-inBroken-460800.npz,2,1,inBroken,460800,20260920-192610-inBroken-460800,simultaneous_recording_user_confirmed_not_window_time_aligned,3,,,4000,0,0,0.90842193,1.7096544e-07,0.00021494931,7.4100462e-06,2.5468564e-05,4.694623e-06,8.564548e-07,7.433388e-11,0.0004741999,0.09085032,0.90842193,0.00022253033,0.09132452,3.101964e-05
2026_9_20_19-26-17-inBroken-460800.npz,3,1,inBroken,460800,20260920-192610-inBroken-460800,simultaneous_recording_user_confirmed_not_window_time_aligned,30,,,4000,0,0,0.9499156,4.8560935e-08,0.00013764213,5.0484823e-06,1.33710855e-05,1.1988769e-06,3.2766093e-07,3.040752e-11,0.00027288424,0.049653947,0.9499156,0.00014273917,0.049926832,1.4897623e-05
2026_9_20_19-26-17-inBroken-460800.npz,4,1,inBroken,460800,20260920-192610-inBroken-460800,simultaneous_recording_user_confirmed_not_window_time_aligned,31,,,4000,0,0,0.9903557,4.849684e-08,5.2683677e-06,7.8930566e-07,1.4253033e-05,5.5212393e-05,4.2790763e-08,1.0348492e-11,2.391359e-06,0.009566232,0.9903557,6.10617e-06,0.009568623,6.950822e-05
2026_9_20_19-26-17-inBroken-460800.npz,5,1,inBroken,460800,20260920-192610-inBroken-460800,simultaneous_recording_user_confirmed_not_window_time_aligned,32,,,4000,0,0,0.97679967,1.4499432e-08,5.5700384e-05,1.2005077e-06,5.779642e-06,2.5204336e-06,3.5293642e-08,5.3831076e-12,1.5275471e-05,0.023119865,0.97679967,5.6915393e-05,0.02313514,8.33537e-06
2026_9_20_19-26-17-inBroken-460800.npz,6,1,inBroken,460800,20260920-192610-inBroken-460800,simultaneous_recording_user_confirmed_not_window_time_aligned,33,,,4000,0,0,0.9971669,2.664292e-09,2.431802e-07,8.258852e-08,8.509315e-07,1.918608e-06,3.980857e-09,8.0866363e-13,2.9521294e-08,0.0028299978,0.9971669,3.28433e-07,0.0028300274,2.7735202e-06
2026_9_20_19-37-24-roll-115200.npz,0,3,roll,115200,20260920-193718-roll-115200,simultaneous_recording_user_confirmed_not_window_time_aligned,1,,,4000,0,0,0.37978587,2.6824043e-07,0.0025036596,2.5943382e-05,0.00060141535,0.29002696,9.026588e-06,3.56867e-11,0.05291484,0.27413204,0.37978587,0.0025298712,0.32704687,0.2906374
2026_9_20_19-37-24-roll-115200.npz,1,3,roll,115200,20260920-193718-roll-115200,simultaneous_recording_user_confirmed_not_window_time_aligned,2,,,4000,0,0,0.65832907,4.4726565e-09,9.8975115e-06,1.4703771e-07,1.1542462e-05,0.33244118,9.5114965e-09,2.3152472e-12,1.8040828e-07,0.009207947,0.65832907,1.0049022e-05,0.009208128,0.3324527
2026_9_20_19-37-24-roll-115200.npz,2,3,roll,115200,20260920-193718-roll-115200,simultaneous_recording_user_confirmed_not_window_time_aligned,3,,,4000,0,0,0.8326923,6.964652e-08,0.058452886,5.6440326e-06,0.00028030088,0.10694715,4.2161594e-09,1.8276188e-12,3.6902108e-08,0.0016216226,0.8326923,0.0584586,0.0016216595,0.10722745
2026_9_20_19-37-24-roll-115200.npz,3,3,roll,115200,20260920-193718-roll-115200,simultaneous_recording_user_confirmed_not_window_time_aligned,4,,,4000,0,0,0.8238724,1.9564483e-08,0.011665332,9.2050095e-06,0.00022893165,0.011776085,1.0822655e-07,2.2762696e-11,0.000697536,0.15175049,0.8238724,0.011674557,0.15244803,0.012005124
2026_9_20_19-37-24-roll-115200.npz,4,3,roll,115200,20260920-193718-roll-115200,simultaneous_recording_user_confirmed_not_window_time_aligned,5,,,4000,0,0,0.8777248,1.430347e-07,0.009513097,4.3135456e-06,0.00032085454,0.10612609,1.487042e-08,1.0910317e-11,5.9348446e-07,0.006310116,0.8777248,0.009517554,0.0063107098,0.10644696
2026_9_20_19-37-24-roll-115200.npz,5,3,roll,115200,20260920-193718-roll-115200,simultaneous_recording_user_confirmed_not_window_time_aligned,6,,,4000,0,0,0.6645054,2.9456162e-08,0.012094191,7.94492e-07,9.2611175e-05,0.31745446,1.8996099e-08,8.265289e-12,3.5861294e-07,0.0058521777,0.6645054,0.0120950155,0.0058525363,0.3175471
2026_9_20_19-37-24-roll-115200.npz,6,3,roll,115200,20260920-193718-roll-115200,simultaneous_recording_user_confirmed_not_window_time_aligned,7,,,4000,0,0,0.6652191,5.935424e-08,0.038628753,9.913464e-06,0.0002875819,0.086053364,3.2956078e-07,1.2265576e-10,0.0008981035,0.20890272,0.6652191,0.038638726,0.20980082,0.08634128
2026_9_20_19-37-24-roll-115200.npz,7,3,roll,115200,20260920-193718-roll-115200,simultaneous_recording_user_confirmed_not_window_time_aligned,8,,,4000,0,0,0.6290314,7.737536e-08,0.2092651,1.3025195e-05,0.00035392234,0.014161561,1.07345585e-07,3.695888e-11,0.00031210514,0.14686264,0.6290314,0.2092782,0.14717475,0.01451559
2026_9_20_19-37-24-roll-115200.npz,8,3,roll,115200,20260920-193718-roll-115200,simultaneous_recording_user_confirmed_not_window_time_aligned,9,,,4000,0,0,0.7446726,7.565161e-08,0.069537185,1.1770436e-05,0.0003885964,0.063805036,1.5987409e-07,3.4527794e-11,0.00021452569,0.121369995,0.7446726,0.06954903,0.12158452,0.06419379
2026_9_20_19-41-02-roll-460800.npz,0,3,roll,460800,20260920-194108-roll-460800,simultaneous_recording_user_confirmed_not_window_time_aligned,1,,,4000,0,0,0.80822164,1.4722136e-08,0.0888831,2.7231656e-06,7.729127e-05,0.06577389,3.5349085e-08,1.6364953e-11,9.438114e-05,0.03694698,0.80822164,0.08888584,0.03704136,0.06585122
2026_9_20_19-41-02-roll-460800.npz,1,3,roll,460800,20260920-194108-roll-460800,simultaneous_recording_user_confirmed_not_window_time_aligned,2,,,4000,0,0,0.9501591,5.4537583e-09,0.0019192299,9.689031e-07,1.3506505e-05,0.0041875658,2.7815437e-08,2.6022295e-11,9.5990246e-05,0.04362366,0.9501591,0.0019202043,0.04371965,0.0042011
2026_9_20_19-41-02-roll-460800.npz,2,3,roll,460800,20260920-194108-roll-460800,simultaneous_recording_user_confirmed_not_window_time_aligned,3,,,4000,0,0,0.8883907,9.746048e-09,0.00080410583,1.161659e-06,2.5680098e-05,0.08842903,2.5776934e-08,1.8597021e-11,4.2412285e-05,0.02230683,0.8883907,0.0008052772,0.022349242,0.08845473
2026_9_20_19-54-31-keep-115200.npz,0,-1,keep,115200,20260920-195424-keep-115200,simultaneous_recording_user_confirmed_not_window_time_aligned,1,,,4000,0,0,0.64851564,6.789995e-08,0.008672931,9.8095015e-06,4.2071373e-05,0.24052298,5.198602e-07,1.6491965e-10,0.00017787701,0.102058165,0.64851564,0.008682809,0.10223604,0.24056557
2026_9_20_19-54-31-keep-115200.npz,1,-1,keep,115200,20260920-195424-keep-115200,simultaneous_recording_user_confirmed_not_window_time_aligned,2,,,4000,0,0,0.6880066,1.7898836e-08,0.005367145,1.0307713e-06,2.5562187e-05,0.29317963,5.3296915e-08,2.5790517e-11,3.9575343e-06,0.013416079,0.6880066,0.0053681936,0.013420036,0.29320526
2026_9_20_19-54-31-keep-115200.npz,2,-1,keep,115200,20260920-195424-keep-115200,simultaneous_recording_user_confirmed_not_window_time_aligned,3,,,4000,0,0,0.60166854,3.6647673e-08,0.2526674,4.4030544e-06,4.1351304e-05,0.080376044,1.3376554e-07,6.049939e-11,3.361207e-05,0.06520845,0.60166854,0.25267184,0.06524206,0.08041753
2026_9_20_19-54-31-keep-115200.npz,3,-1,keep,115200,20260920-195424-keep-115200,simultaneous_recording_user_confirmed_not_window_time_aligned,4,,,4000,0,0,0.66045564,1.4637438e-07,0.036736105,4.534346e-07,9.7952194e-05,0.2937449,5.378516e-09,4.963013e-11,2.9533024e-07,0.008964498,0.66045564,0.036736704,0.008964793,0.29384285
2026_9_20_19-54-31-keep-115200.npz,4,-1,keep,115200,20260920-195424-keep-115200,simultaneous_recording_user_confirmed_not_window_time_aligned,5,,,4000,0,0,0.7180109,4.2668034e-08,0.2656171,8.1641883e-07,5.1081166e-05,0.0014760558,1.6549569e-08,4.5242954e-12,5.1476795e-06,0.014838834,0.7180109,0.26561794,0.014843982,0.0015271535
2026_9_20_19-54-31-keep-115200.npz,5,-1,keep,115200,20260920-195424-keep-115200,simultaneous_recording_user_confirmed_not_window_time_aligned,6,,,4000,0,0,0.5306099,2.7782224e-07,0.006720094,2.1912232e-05,6.4394895e-05,0.32588038,7.299259e-07,4.1429316e-10,5.5613422e-05,0.1366467,0.5306099,0.006742284,0.13670231,0.3259455
2026_9_20_19-54-31-keep-115200.npz,6,-1,keep,115200,20260920-195424-keep-115200,simultaneous_recording_user_confirmed_not_window_time_aligned,7,,,4000,0,0,0.6689326,1.6484358e-07,0.019258393,3.2152107e-07,5.37833e-05,0.31015712,1.3026625e-09,7.5760336e-12,4.359907e-08,0.0015976344,0.6689326,0.01925888,0.001597678,0.3102109
2026_9_20_19-54-31-keep-115200.npz,7,-1,keep,115200,20260920-195424-keep-115200,simultaneous_recording_user_confirmed_not_window_time_aligned,8,,,4000,0,0,0.9734354,1.9198062e-08,0.007935653,6.758362e-07,2.0791924e-05,0.010530324,3.2119917e-08,6.7099117e-12,3.3753888e-06,0.008073692,0.9734354,0.007936349,0.008077067,0.010551147
2026_9_20_19-58-01-keep-460800.npz,0,-1,keep,460800,20260920-195753-keep-460800,simultaneous_recording_user_confirmed_not_window_time_aligned,1,,,4000,0,0,0.5836506,2.322519e-07,0.0022448704,1.7375507e-05,8.8397916e-05,0.3311852,6.778684e-07,2.5242675e-10,7.414972e-05,0.082738526,0.5836506,0.0022624782,0.082812674,0.33127427
2026_9_20_19-58-01-keep-460800.npz,1,-1,keep,460800,20260920-195753-keep-460800,simultaneous_recording_user_confirmed_not_window_time_aligned,2,,,4000,0,0,0.46416393,1.1859701e-07,0.009228804,1.4102756e-06,7.911941e-05,0.32344893,1.3362212e-07,3.0112243e-11,2.4871063e-06,0.2030751,0.46416393,0.009230332,0.20307758,0.32352817
2026_9_20_19-58-01-keep-460800.npz,2,-1,keep,460800,20260920-195753-keep-460800,simultaneous_recording_user_confirmed_not_window_time_aligned,3,,,4000,0,0,0.95756245,1.714536e-07,0.02731213,2.0826144e-06,0.00020846726,0.01162566,6.411368e-09,1.9606546e-11,5.955129e-07,0.0032883852,0.95756245,0.027314384,0.0032889808,0.011834133
2026_9_20_19-58-01-keep-460800.npz,3,-1,keep,460800,20260920-195753-keep-460800,simultaneous_recording_user_confirmed_not_window_time_aligned,6,,,4000,0,0,0.8180936,1.1578865e-07,0.14826357,2.5006634e-06,0.0001148023,0.014603961,1.1104496e-07,6.535331e-11,2.607206e-06,0.018918728,0.8180936,0.1482662,0.018921336,0.014718874
2026_9_20_19-58-01-keep-460800.npz,4,-1,keep,460800,20260920-195753-keep-460800,simultaneous_recording_user_confirmed_not_window_time_aligned,7,,,4000,0,0,0.8414192,6.1581005e-08,0.0015020282,7.947249e-06,3.351547e-05,0.023512527,2.790073e-07,1.1270029e-11,4.915716e-05,0.13347529,0.8414192,0.001510037,0.13352445,0.023546321
2026_9_20_19-58-01-keep-460800.npz,5,-1,keep,460800,20260920-195753-keep-460800,simultaneous_recording_user_confirmed_not_window_time_aligned,29,,,4000,0,0,0.64554876,2.4761222e-08,0.0009379792,1.9787099e-06,1.5199484e-05,0.33231777,1.8431528e-07,3.2492224e-11,4.3878576e-06,0.02117371,0.64554876,0.00093998265,0.021178098,0.33233315
2026_9_20_19-58-01-keep-460800.npz,6,-1,keep,460800,20260920-195753-keep-460800,simultaneous_recording_user_confirmed_not_window_time_aligned,30,,,4000,0,0,0.57318276,3.1853578e-08,0.000109737775,5.6463064e-06,2.3264553e-05,0.33340096,5.4874266e-07,2.7350532e-11,8.852294e-05,0.093188524,0.57318276,0.00011541593,0.093277045,0.33342478
2026_9_20_19-58-01-keep-460800.npz,7,-1,keep,460800,20260920-195753-keep-460800,simultaneous_recording_user_confirmed_not_window_time_aligned,31,,,4000,0,0,0.66705054,6.2685643e-07,0.042457122,2.0541788e-06,0.00023970974,0.28619942,1.00410285e-08,2.3945996e-11,3.548364e-07,0.0040502483,0.66705054,0.0424598,0.004050603,0.28643912
2026_9_20_19-58-01-keep-460800.npz,8,-1,keep,460800,20260920-195753-keep-460800,simultaneous_recording_user_confirmed_not_window_time_aligned,32,,,4000,0,0,0.66043466,8.9072415e-08,0.12830748,1.0636196e-06,6.796087e-05,0.20263194,4.3080888e-08,2.5052913e-12,2.570883e-06,0.008554183,0.66043466,0.12830862,0.008556753,0.20269994
2026_9_20_19-58-01-keep-460800.npz,9,-1,keep,460800,20260920-195753-keep-460800,simultaneous_recording_user_confirmed_not_window_time_aligned,33,,,4000,0,0,0.6306911,3.6538586e-07,0.0028709956,8.069908e-06,0.00011196884,0.3303146,3.6868218e-07,7.225964e-11,9.437752e-05,0.035908096,0.6306911,0.0028794308,0.036002472,0.33042693
2026_9_20_20-17-49-bigNormal-115200.npz,0,-1,bigNormal,115200,20260920-201757-bigNormal-115200,simultaneous_recording_user_confirmed_not_window_time_aligned,1,,,4000,2,8,2.0256142e-11,0.007191057,0.0010502747,5.70281e-07,3.9428346e-07,2.2731145e-07,1.76617e-06,6.3406728e-12,0.99172217,3.3501452e-05,2.0256142e-11,0.008241901,0.99175566,2.3877649e-06
2026_9_20_20-17-49-bigNormal-115200.npz,1,-1,bigNormal,115200,20260920-201757-bigNormal-115200,simultaneous_recording_user_confirmed_not_window_time_aligned,2,,,4000,2,8,8.462719e-14,0.0026377356,0.00060937897,1.12247145e-08,4.5327052e-08,1.7114367e-08,3.244838e-07,4.1949563e-13,0.99675065,1.8103606e-06,8.462719e-14,0.0032471258,0.99675244,3.8692522e-07
2026_9_20_20-17-49-bigNormal-115200.npz,2,-1,bigNormal,115200,20260920-201757-bigNormal-115200,simultaneous_recording_user_confirmed_not_window_time_aligned,3,,,4000,2,8,4.6876186e-13,0.20149387,0.064850934,2.3016354e-07,1.1438842e-06,3.733783e-07,1.0408469e-05,4.0655903e-12,0.7336399,3.192441e-06,4.6876186e-13,0.26634505,0.7336431,1.1925732e-05
2026_9_20_20-17-49-bigNormal-115200.npz,3,-1,bigNormal,115200,20260920-201757-bigNormal-115200,simultaneous_recording_user_confirmed_not_window_time_aligned,4,,,4000,2,8,8.227939e-12,0.031466257,0.012146745,1.9181421e-07,6.549895e-07,1.8875168e-07,6.91151e-06,2.1676675e-12,0.9563713,7.792495e-06,8.227939e-12,0.04361319,0.9563791,7.755251e-06
2026_9_20_20-17-49-bigNormal-115200.npz,4,-1,bigNormal,115200,20260920-201757-bigNormal-115200,simultaneous_recording_user_confirmed_not_window_time_aligned,5,,,4000,2,8,1.7497447e-13,0.024620324,0.006907676,1.3143959e-07,8.001131e-07,2.266939e-07,5.3158183e-06,1.3850513e-12,0.9684603,5.261179e-06,1.7497447e-13,0.03152813,0.96846557,6.342625e-06
2026_9_20_20-17-49-bigNormal-115200.npz,5,-1,bigNormal,115200,20260920-201757-bigNormal-115200,simultaneous_recording_user_confirmed_not_window_time_aligned,6,,,4000,2,8,7.65551e-13,0.017427174,0.0038732104,2.4831309e-07,4.4139392e-07,3.3556308e-08,4.197495e-06,5.475384e-13,0.97868985,4.8408488e-06,7.65551e-13,0.021300633,0.9786947,4.6724454e-06
2026_9_20_20-17-49-bigNormal-115200.npz,6,-1,bigNormal,115200,20260920-201757-bigNormal-115200,simultaneous_recording_user_confirmed_not_window_time_aligned,7,,,4000,2,8,9.482418e-14,0.00013788212,0.00013055556,2.5514313e-09,3.9877883e-09,3.8171086e-10,1.1954715e-07,2.7560367e-14,0.9997309,5.294438e-07,9.482418e-14,0.00026844023,0.9997314,1.2391665e-07
2026_9_20_20-17-49-bigNormal-115200.npz,7,-1,bigNormal,115200,20260920-201757-bigNormal-115200,simultaneous_recording_user_confirmed_not_window_time_aligned,8,,,4000,2,8,1.5110069e-13,0.0003313515,2.3665474e-05,2.379823e-08,1.1080395e-08,2.8128613e-10,2.7873656e-07,2.5937585e-13,0.9996411,3.52807e-06,1.5110069e-13,0.00035504077,0.99964464,2.9009826e-07
2026_9_20_20-21-22-bigNormal-460800.npz,0,-1,bigNormal,460800,20260920-202115-bigNormal-460800,simultaneous_recording_user_confirmed_not_window_time_aligned,1,,,4000,2,8,5.131532e-13,0.0056612534,0.00018496449,4.4898446e-08,7.707022e-08,5.048868e-10,4.375802e-07,2.0050324e-13,0.9941516,1.5961878e-06,5.131532e-13,0.0058462624,0.9941532,5.151553e-07
2026_9_20_20-21-22-bigNormal-460800.npz,1,-1,bigNormal,460800,20260920-202115-bigNormal-460800,simultaneous_recording_user_confirmed_not_window_time_aligned,2,,,4000,2,8,9.567613e-13,9.75384e-05,1.7846737e-07,4.102679e-09,2.5009568e-09,9.2882986e-11,9.289505e-09,1.2075e-13,0.99989265,9.621996e-06,9.567613e-13,9.772097e-05,0.99990225,1.1883345e-08
2026_9_20_20-21-22-bigNormal-460800.npz,2,-1,bigNormal,460800,20260920-202115-bigNormal-460800,simultaneous_recording_user_confirmed_not_window_time_aligned,3,,,4000,2,8,8.8164415e-13,0.00012714785,5.880514e-07,6.8065096e-09,2.6348411e-08,1.1146587e-08,5.7882846e-07,1.1022683e-13,0.99986696,4.6370205e-06,8.8164415e-13,0.00012774272,0.9998716,6.1632346e-07
2026_9_20_20-21-22-bigNormal-460800.npz,3,-1,bigNormal,460800,20260920-202115-bigNormal-460800,simultaneous_recording_user_confirmed_not_window_time_aligned,4,,,4000,2,8,2.7780613e-13,0.00011932327,7.320487e-05,3.4802097e-09,7.87828e-09,1.5186506e-10,2.2447266e-07,2.1065635e-13,0.9998043,2.8625536e-06,2.7780613e-13,0.00019253162,0.9998072,2.325028e-07
