variant,fold,method,scope,accuracy,macro_f1,n
v0,115200_to_460800,original_grouped,local_train,0.25,0.1,4
v0,115200_to_460800,original_grouped,local_heldout,0.25,0.1,4
v0,115200_to_460800,local_only_residual,local_train,1.0,1.0,4
v0,115200_to_460800,local_only_residual,local_heldout,1.0,1.0,4
v0,115200_to_460800,retained_head,local_train,1.0,1.0,4
v0,115200_to_460800,retained_head,local_heldout,1.0,1.0,4
v0,460800_to_115200,original_grouped,local_train,0.25,0.1,4
v0,460800_to_115200,original_grouped,local_heldout,0.25,0.1,4
v0,460800_to_115200,local_only_residual,local_train,1.0,1.0,4
v0,460800_to_115200,local_only_residual,local_heldout,1.0,1.0,4
v0,460800_to_115200,retained_head,local_train,1.0,1.0,4
v0,460800_to_115200,retained_head,local_heldout,1.0,1.0,4
v0,all_known,original_grouped,local_train,0.25,0.1,8
v0,all_known,local_only_residual,local_train,1.0,1.0,8
v0,all_known,retained_head,local_train,1.0,1.0,8
query_no_demean,115200_to_460800,original_grouped,local_train,0.0,0.0,4
query_no_demean,115200_to_460800,original_grouped,local_heldout,0.25,0.125,4
query_no_demean,115200_to_460800,local_only_residual,local_train,1.0,1.0,4
query_no_demean,115200_to_460800,local_only_residual,local_heldout,1.0,1.0,4
query_no_demean,115200_to_460800,retained_head,local_train,1.0,1.0,4
query_no_demean,115200_to_460800,retained_head,local_heldout,1.0,1.0,4
query_no_demean,460800_to_115200,original_grouped,local_train,0.25,0.125,4
query_no_demean,460800_to_115200,original_grouped,local_heldout,0.0,0.0,4
query_no_demean,460800_to_115200,local_only_residual,local_train,1.0,1.0,4
query_no_demean,460800_to_115200,local_only_residual,local_heldout,1.0,1.0,4
query_no_demean,460800_to_115200,retained_head,local_train,1.0,1.0,4
query_no_demean,460800_to_115200,retained_head,local_heldout,1.0,1.0,4
query_no_demean,all_known,original_grouped,local_train,0.125,0.07142857142857142,8
query_no_demean,all_known,local_only_residual,local_train,1.0,1.0,8
query_no_demean,all_known,retained_head,local_train,1.0,1.0,8
query_no_demean_ref2k,115200_to_460800,original_grouped,local_train,0.5,0.3333333333333333,4
query_no_demean_ref2k,115200_to_460800,original_grouped,local_heldout,0.5,0.375,4
query_no_demean_ref2k,115200_to_460800,local_only_residual,local_train,1.0,1.0,4
query_no_demean_ref2k,115200_to_460800,local_only_residual,local_heldout,1.0,1.0,4
query_no_demean_ref2k,115200_to_460800,retained_head,local_train,1.0,1.0,4
query_no_demean_ref2k,115200_to_460800,retained_head,local_heldout,1.0,1.0,4
query_no_demean_ref2k,460800_to_115200,original_grouped,local_train,0.5,0.375,4
query_no_demean_ref2k,460800_to_115200,original_grouped,local_heldout,0.5,0.3333333333333333,4
query_no_demean_ref2k,460800_to_115200,local_only_residual,local_train,1.0,1.0,4
query_no_demean_ref2k,460800_to_115200,local_only_residual,local_heldout,0.75,0.6666666666666666,4
query_no_demean_ref2k,460800_to_115200,retained_head,local_train,1.0,1.0,4
query_no_demean_ref2k,460800_to_115200,retained_head,local_heldout,1.0,1.0,4
query_no_demean_ref2k,all_known,original_grouped,local_train,0.5,0.34285714285714286,8
query_no_demean_ref2k,all_known,local_only_residual,local_train,1.0,1.0,8
query_no_demean_ref2k,all_known,retained_head,local_train,1.0,1.0,8
