variant,fold,method,source,acc10,acc4,delta_acc10_pp,n
v0,115200_to_460800,original_grouped,CWRU,1.0,1.0,0.0,7
v0,115200_to_460800,original_grouped,DIRG,1.0,1.0,0.0,102
v0,115200_to_460800,original_grouped,HIT,0.9989626556016598,0.9989626556016598,0.0,964
v0,115200_to_460800,original_grouped,IMS,0.9954819277108434,0.9967728055077453,0.0,4648
v0,115200_to_460800,original_grouped,JUST,0.9811320754716981,0.9811320754716981,0.0,4399
v0,115200_to_460800,original_grouped,MFPT,1.0,1.0,0.0,4
v0,115200_to_460800,original_grouped,NCEPU,1.0,1.0,0.0,90
v0,115200_to_460800,original_grouped,PU,0.9890560875512996,0.9890560875512996,0.0,731
v0,115200_to_460800,original_grouped,XJTU,0.9805097451274363,0.9932533733133433,0.0,1334
v0,115200_to_460800,local_only_residual,CWRU,1.0,1.0,0.0,7
v0,115200_to_460800,local_only_residual,DIRG,0.5882352941176471,0.5882352941176471,-41.17647058823529,102
v0,115200_to_460800,local_only_residual,HIT,0.6701244813278008,0.6701244813278008,-32.8838174273859,964
v0,115200_to_460800,local_only_residual,IMS,0.8070137693631669,0.8138984509466437,-18.84681583476765,4648
v0,115200_to_460800,local_only_residual,JUST,0.415548988406456,0.4451011593543987,-56.55830870652421,4399
v0,115200_to_460800,local_only_residual,MFPT,0.5,0.5,-50.0,4
v0,115200_to_460800,local_only_residual,NCEPU,1.0,1.0,0.0,90
v0,115200_to_460800,local_only_residual,PU,0.640218878248974,0.6497948016415869,-34.883720930232556,731
v0,115200_to_460800,local_only_residual,XJTU,0.7233883058470765,0.7338830584707646,-25.712143928035978,1334
v0,115200_to_460800,retained_head,CWRU,1.0,1.0,0.0,7
v0,115200_to_460800,retained_head,DIRG,1.0,1.0,0.0,102
v0,115200_to_460800,retained_head,HIT,0.9979253112033195,0.9979253112033195,-0.10373443983402453,964
v0,115200_to_460800,retained_head,IMS,0.9954819277108434,0.9969879518072289,0.0,4648
v0,115200_to_460800,retained_head,JUST,0.9802227779040691,0.9802227779040691,-0.09092975676290305,4399
v0,115200_to_460800,retained_head,MFPT,1.0,1.0,0.0,4
v0,115200_to_460800,retained_head,NCEPU,1.0,1.0,0.0,90
v0,115200_to_460800,retained_head,PU,0.9890560875512996,0.9890560875512996,0.0,731
v0,115200_to_460800,retained_head,XJTU,0.9790104947526237,0.9917541229385307,-0.14992503748125774,1334
v0,460800_to_115200,original_grouped,CWRU,1.0,1.0,0.0,7
v0,460800_to_115200,original_grouped,DIRG,1.0,1.0,0.0,102
v0,460800_to_115200,original_grouped,HIT,0.9989626556016598,0.9989626556016598,0.0,964
v0,460800_to_115200,original_grouped,IMS,0.9954819277108434,0.9967728055077453,0.0,4648
v0,460800_to_115200,original_grouped,JUST,0.9811320754716981,0.9811320754716981,0.0,4399
v0,460800_to_115200,original_grouped,MFPT,1.0,1.0,0.0,4
v0,460800_to_115200,original_grouped,NCEPU,1.0,1.0,0.0,90
v0,460800_to_115200,original_grouped,PU,0.9890560875512996,0.9890560875512996,0.0,731
v0,460800_to_115200,original_grouped,XJTU,0.9805097451274363,0.9932533733133433,0.0,1334
v0,460800_to_115200,local_only_residual,CWRU,0.8571428571428571,0.8571428571428571,-14.28571428571429,7
v0,460800_to_115200,local_only_residual,DIRG,0.45098039215686275,0.45098039215686275,-54.90196078431373,102
v0,460800_to_115200,local_only_residual,HIT,0.6628630705394191,0.6639004149377593,-33.60995850622407,964
v0,460800_to_115200,local_only_residual,IMS,0.7383820998278829,0.7381669535283993,-25.70998278829605,4648
v0,460800_to_115200,local_only_residual,JUST,0.5469424869288475,0.5498977040236417,-43.41895885428506,4399
v0,460800_to_115200,local_only_residual,MFPT,0.5,0.5,-50.0,4
v0,460800_to_115200,local_only_residual,NCEPU,0.5,0.5,-50.0,90
v0,460800_to_115200,local_only_residual,PU,0.652530779753762,0.6593707250341997,-33.65253077975376,731
v0,460800_to_115200,local_only_residual,XJTU,0.6341829085457271,0.636431784107946,-34.63268365817092,1334
v0,460800_to_115200,retained_head,CWRU,1.0,1.0,0.0,7
v0,460800_to_115200,retained_head,DIRG,1.0,1.0,0.0,102
v0,460800_to_115200,retained_head,HIT,0.9979253112033195,0.9979253112033195,-0.10373443983402453,964
v0,460800_to_115200,retained_head,IMS,0.995697074010327,0.9969879518072289,0.021514629948360398,4648
v0,460800_to_115200,retained_head,JUST,0.9799954535121619,0.9799954535121619,-0.11366219595362326,4399
v0,460800_to_115200,retained_head,MFPT,1.0,1.0,0.0,4
v0,460800_to_115200,retained_head,NCEPU,1.0,1.0,0.0,90
v0,460800_to_115200,retained_head,PU,0.9890560875512996,0.9890560875512996,0.0,731
v0,460800_to_115200,retained_head,XJTU,0.9812593703148426,0.9932533733133433,0.07496251874062887,1334
v0,all_known,original_grouped,CWRU,1.0,1.0,0.0,7
v0,all_known,original_grouped,DIRG,1.0,1.0,0.0,102
v0,all_known,original_grouped,HIT,0.9989626556016598,0.9989626556016598,0.0,964
v0,all_known,original_grouped,IMS,0.9954819277108434,0.9967728055077453,0.0,4648
v0,all_known,original_grouped,JUST,0.9811320754716981,0.9811320754716981,0.0,4399
v0,all_known,original_grouped,MFPT,1.0,1.0,0.0,4
v0,all_known,original_grouped,NCEPU,1.0,1.0,0.0,90
v0,all_known,original_grouped,PU,0.9890560875512996,0.9890560875512996,0.0,731
v0,all_known,original_grouped,XJTU,0.9805097451274363,0.9932533733133433,0.0,1334
v0,all_known,local_only_residual,CWRU,0.8571428571428571,0.8571428571428571,-14.28571428571429,7
v0,all_known,local_only_residual,DIRG,0.5686274509803921,0.5588235294117647,-43.13725490196079,102
v0,all_known,local_only_residual,HIT,0.6753112033195021,0.6753112033195021,-32.365145228215766,964
v0,all_known,local_only_residual,IMS,0.7979776247848537,0.8009896729776248,-19.750430292598974,4648
v0,all_known,local_only_residual,JUST,0.4287338031370766,0.4419186178676972,-55.239827233462144,4399
v0,all_known,local_only_residual,MFPT,0.5,0.5,-50.0,4
v0,all_known,local_only_residual,NCEPU,0.9777777777777777,0.9777777777777777,-2.2222222222222254,90
v0,all_known,local_only_residual,PU,0.6333789329685362,0.6456908344733242,-35.56771545827634,731
v0,all_known,local_only_residual,XJTU,0.6889055472263869,0.6964017991004497,-29.160419790104942,1334
v0,all_known,retained_head,CWRU,1.0,1.0,0.0,7
v0,all_known,retained_head,DIRG,0.9901960784313726,0.9901960784313726,-0.9803921568627416,102
v0,all_known,retained_head,HIT,0.9927385892116183,0.9927385892116183,-0.6224066390041472,964
v0,all_known,retained_head,IMS,0.9959122203098106,0.9972030981067126,0.043029259896720795,4648
v0,all_known,retained_head,JUST,0.9731757217549443,0.9731757217549443,-0.795635371675385,4399
v0,all_known,retained_head,MFPT,1.0,1.0,0.0,4
v0,all_known,retained_head,NCEPU,1.0,1.0,0.0,90
v0,all_known,retained_head,PU,0.9890560875512996,0.9890560875512996,0.0,731
v0,all_known,retained_head,XJTU,0.9782608695652174,0.992503748125937,-0.2248875562218866,1334
query_no_demean,115200_to_460800,original_grouped,CWRU,1.0,1.0,0.0,7
query_no_demean,115200_to_460800,original_grouped,DIRG,1.0,1.0,0.0,102
query_no_demean,115200_to_460800,original_grouped,HIT,0.9989626556016598,0.9989626556016598,0.0,964
query_no_demean,115200_to_460800,original_grouped,IMS,0.9954819277108434,0.9967728055077453,0.0,4648
query_no_demean,115200_to_460800,original_grouped,JUST,0.9811320754716981,0.9811320754716981,0.0,4399
query_no_demean,115200_to_460800,original_grouped,MFPT,1.0,1.0,0.0,4
query_no_demean,115200_to_460800,original_grouped,NCEPU,1.0,1.0,0.0,90
query_no_demean,115200_to_460800,original_grouped,PU,0.9890560875512996,0.9890560875512996,0.0,731
query_no_demean,115200_to_460800,original_grouped,XJTU,0.9805097451274363,0.9932533733133433,0.0,1334
query_no_demean,115200_to_460800,local_only_residual,CWRU,1.0,1.0,0.0,7
query_no_demean,115200_to_460800,local_only_residual,DIRG,0.696078431372549,0.696078431372549,-30.3921568627451,102
query_no_demean,115200_to_460800,local_only_residual,HIT,0.6441908713692946,0.6732365145228216,-35.47717842323651,964
query_no_demean,115200_to_460800,local_only_residual,IMS,0.7317125645438899,0.7353700516351118,-26.376936316695353,4648
query_no_demean,115200_to_460800,local_only_residual,JUST,0.49852239145260285,0.5132984769265743,-48.26096840190953,4399
query_no_demean,115200_to_460800,local_only_residual,MFPT,0.75,0.75,-25.0,4
query_no_demean,115200_to_460800,local_only_residual,NCEPU,1.0,1.0,0.0,90
query_no_demean,115200_to_460800,local_only_residual,PU,0.6922024623803009,0.7004103967168263,-29.68536251709987,731
query_no_demean,115200_to_460800,local_only_residual,XJTU,0.6191904047976012,0.6289355322338831,-36.1319340329835,1334
query_no_demean,115200_to_460800,retained_head,CWRU,1.0,1.0,0.0,7
query_no_demean,115200_to_460800,retained_head,DIRG,1.0,1.0,0.0,102
query_no_demean,115200_to_460800,retained_head,HIT,0.9989626556016598,0.9989626556016598,0.0,964
query_no_demean,115200_to_460800,retained_head,IMS,0.9954819277108434,0.9969879518072289,0.0,4648
query_no_demean,115200_to_460800,retained_head,JUST,0.9788588315526255,0.9788588315526255,-0.22732439190725762,4399
query_no_demean,115200_to_460800,retained_head,MFPT,1.0,1.0,0.0,4
query_no_demean,115200_to_460800,retained_head,NCEPU,1.0,1.0,0.0,90
query_no_demean,115200_to_460800,retained_head,PU,0.9890560875512996,0.9890560875512996,0.0,731
query_no_demean,115200_to_460800,retained_head,XJTU,0.9805097451274363,0.992503748125937,0.0,1334
query_no_demean,460800_to_115200,original_grouped,CWRU,1.0,1.0,0.0,7
query_no_demean,460800_to_115200,original_grouped,DIRG,1.0,1.0,0.0,102
query_no_demean,460800_to_115200,original_grouped,HIT,0.9989626556016598,0.9989626556016598,0.0,964
query_no_demean,460800_to_115200,original_grouped,IMS,0.9954819277108434,0.9967728055077453,0.0,4648
query_no_demean,460800_to_115200,original_grouped,JUST,0.9811320754716981,0.9811320754716981,0.0,4399
query_no_demean,460800_to_115200,original_grouped,MFPT,1.0,1.0,0.0,4
query_no_demean,460800_to_115200,original_grouped,NCEPU,1.0,1.0,0.0,90
query_no_demean,460800_to_115200,original_grouped,PU,0.9890560875512996,0.9890560875512996,0.0,731
query_no_demean,460800_to_115200,original_grouped,XJTU,0.9805097451274363,0.9932533733133433,0.0,1334
query_no_demean,460800_to_115200,local_only_residual,CWRU,1.0,1.0,0.0,7
query_no_demean,460800_to_115200,local_only_residual,DIRG,0.8137254901960784,0.8137254901960784,-18.627450980392158,102
query_no_demean,460800_to_115200,local_only_residual,HIT,0.7697095435684648,0.7717842323651453,-22.9253112033195,964
query_no_demean,460800_to_115200,local_only_residual,IMS,0.9341652323580034,0.935671256454389,-6.131669535284001,4648
query_no_demean,460800_to_115200,local_only_residual,JUST,0.6121845874062287,0.6149124801091157,-36.89474880654694,4399
query_no_demean,460800_to_115200,local_only_residual,MFPT,0.5,0.5,-50.0,4
query_no_demean,460800_to_115200,local_only_residual,NCEPU,1.0,1.0,0.0,90
query_no_demean,460800_to_115200,local_only_residual,PU,0.7291381668946648,0.7291381668946648,-25.99179206566348,731
query_no_demean,460800_to_115200,local_only_residual,XJTU,0.8013493253373314,0.8073463268365817,-17.916041979010487,1334
query_no_demean,460800_to_115200,retained_head,CWRU,1.0,1.0,0.0,7
query_no_demean,460800_to_115200,retained_head,DIRG,1.0,1.0,0.0,102
query_no_demean,460800_to_115200,retained_head,HIT,0.9979253112033195,0.9979253112033195,-0.10373443983402453,964
query_no_demean,460800_to_115200,retained_head,IMS,0.9954819277108434,0.9969879518072289,0.0,4648
query_no_demean,460800_to_115200,retained_head,JUST,0.9795408047283474,0.9795408047283474,-0.15912707433507478,4399
query_no_demean,460800_to_115200,retained_head,MFPT,1.0,1.0,0.0,4
query_no_demean,460800_to_115200,retained_head,NCEPU,1.0,1.0,0.0,90
query_no_demean,460800_to_115200,retained_head,PU,0.9890560875512996,0.9890560875512996,0.0,731
query_no_demean,460800_to_115200,retained_head,XJTU,0.9805097451274363,0.9940029985007496,0.0,1334
query_no_demean,all_known,original_grouped,CWRU,1.0,1.0,0.0,7
query_no_demean,all_known,original_grouped,DIRG,1.0,1.0,0.0,102
query_no_demean,all_known,original_grouped,HIT,0.9989626556016598,0.9989626556016598,0.0,964
query_no_demean,all_known,original_grouped,IMS,0.9954819277108434,0.9967728055077453,0.0,4648
query_no_demean,all_known,original_grouped,JUST,0.9811320754716981,0.9811320754716981,0.0,4399
query_no_demean,all_known,original_grouped,MFPT,1.0,1.0,0.0,4
query_no_demean,all_known,original_grouped,NCEPU,1.0,1.0,0.0,90
query_no_demean,all_known,original_grouped,PU,0.9890560875512996,0.9890560875512996,0.0,731
query_no_demean,all_known,original_grouped,XJTU,0.9805097451274363,0.9932533733133433,0.0,1334
query_no_demean,all_known,local_only_residual,CWRU,1.0,1.0,0.0,7
query_no_demean,all_known,local_only_residual,DIRG,0.7352941176470589,0.7352941176470589,-26.470588235294112,102
query_no_demean,all_known,local_only_residual,HIT,0.716804979253112,0.7199170124481328,-28.21576763485477,964
query_no_demean,all_known,local_only_residual,IMS,0.6835197934595525,0.6858864027538726,-31.196213425129095,4648
query_no_demean,all_known,local_only_residual,JUST,0.5119345305751307,0.5226187769947716,-46.91975448965674,4399
query_no_demean,all_known,local_only_residual,MFPT,0.75,0.75,-25.0,4
query_no_demean,all_known,local_only_residual,NCEPU,0.9888888888888889,0.9888888888888889,-1.1111111111111072,90
query_no_demean,all_known,local_only_residual,PU,0.7770177838577291,0.7770177838577291,-21.203830369357046,731
query_no_demean,all_known,local_only_residual,XJTU,0.7143928035982009,0.7256371814092953,-26.611694152923537,1334
query_no_demean,all_known,retained_head,CWRU,1.0,1.0,0.0,7
query_no_demean,all_known,retained_head,DIRG,1.0,1.0,0.0,102
query_no_demean,all_known,retained_head,HIT,0.9937759336099585,0.9937759336099585,-0.5186721991701226,964
query_no_demean,all_known,retained_head,IMS,0.9954819277108434,0.9969879518072289,0.0,4648
query_no_demean,all_known,retained_head,JUST,0.9697658558763356,0.9697658558763356,-1.1366219595362548,4399
query_no_demean,all_known,retained_head,MFPT,1.0,1.0,0.0,4
query_no_demean,all_known,retained_head,NCEPU,1.0,1.0,0.0,90
query_no_demean,all_known,retained_head,PU,0.9890560875512996,0.9890560875512996,0.0,731
query_no_demean,all_known,retained_head,XJTU,0.9790104947526237,0.9940029985007496,-0.14992503748125774,1334
query_no_demean_ref2k,115200_to_460800,original_grouped,CWRU,1.0,1.0,0.0,7
query_no_demean_ref2k,115200_to_460800,original_grouped,DIRG,1.0,1.0,0.0,102
query_no_demean_ref2k,115200_to_460800,original_grouped,HIT,0.9989626556016598,0.9989626556016598,0.0,964
query_no_demean_ref2k,115200_to_460800,original_grouped,IMS,0.9954819277108434,0.9967728055077453,0.0,4648
query_no_demean_ref2k,115200_to_460800,original_grouped,JUST,0.9811320754716981,0.9811320754716981,0.0,4399
query_no_demean_ref2k,115200_to_460800,original_grouped,MFPT,1.0,1.0,0.0,4
query_no_demean_ref2k,115200_to_460800,original_grouped,NCEPU,1.0,1.0,0.0,90
query_no_demean_ref2k,115200_to_460800,original_grouped,PU,0.9890560875512996,0.9890560875512996,0.0,731
query_no_demean_ref2k,115200_to_460800,original_grouped,XJTU,0.9805097451274363,0.9932533733133433,0.0,1334
query_no_demean_ref2k,115200_to_460800,local_only_residual,CWRU,1.0,1.0,0.0,7
query_no_demean_ref2k,115200_to_460800,local_only_residual,DIRG,0.8725490196078431,0.8725490196078431,-12.745098039215685,102
query_no_demean_ref2k,115200_to_460800,local_only_residual,HIT,0.7095435684647303,0.745850622406639,-28.941908713692943,964
query_no_demean_ref2k,115200_to_460800,local_only_residual,IMS,0.8935025817555938,0.8982358003442341,-10.19793459552496,4648
query_no_demean_ref2k,115200_to_460800,local_only_residual,JUST,0.6290065924073653,0.6326437826778814,-35.21254830643328,4399
query_no_demean_ref2k,115200_to_460800,local_only_residual,MFPT,0.75,0.75,-25.0,4
query_no_demean_ref2k,115200_to_460800,local_only_residual,NCEPU,1.0,1.0,0.0,90
query_no_demean_ref2k,115200_to_460800,local_only_residual,PU,0.6880984952120383,0.6880984952120383,-30.095759233926135,731
query_no_demean_ref2k,115200_to_460800,local_only_residual,XJTU,0.808095952023988,0.8148425787106447,-17.24137931034483,1334
query_no_demean_ref2k,115200_to_460800,retained_head,CWRU,1.0,1.0,0.0,7
query_no_demean_ref2k,115200_to_460800,retained_head,DIRG,1.0,1.0,0.0,102
query_no_demean_ref2k,115200_to_460800,retained_head,HIT,0.9989626556016598,0.9989626556016598,0.0,964
query_no_demean_ref2k,115200_to_460800,retained_head,IMS,0.995697074010327,0.9969879518072289,0.021514629948360398,4648
query_no_demean_ref2k,115200_to_460800,retained_head,JUST,0.9781768583769038,0.9781768583769038,-0.29552170947942935,4399
query_no_demean_ref2k,115200_to_460800,retained_head,MFPT,1.0,1.0,0.0,4
query_no_demean_ref2k,115200_to_460800,retained_head,NCEPU,1.0,1.0,0.0,90
query_no_demean_ref2k,115200_to_460800,retained_head,PU,0.9890560875512996,0.9890560875512996,0.0,731
query_no_demean_ref2k,115200_to_460800,retained_head,XJTU,0.9805097451274363,0.9932533733133433,0.0,1334
query_no_demean_ref2k,460800_to_115200,original_grouped,CWRU,1.0,1.0,0.0,7
query_no_demean_ref2k,460800_to_115200,original_grouped,DIRG,1.0,1.0,0.0,102
query_no_demean_ref2k,460800_to_115200,original_grouped,HIT,0.9989626556016598,0.9989626556016598,0.0,964
query_no_demean_ref2k,460800_to_115200,original_grouped,IMS,0.9954819277108434,0.9967728055077453,0.0,4648
query_no_demean_ref2k,460800_to_115200,original_grouped,JUST,0.9811320754716981,0.9811320754716981,0.0,4399
query_no_demean_ref2k,460800_to_115200,original_grouped,MFPT,1.0,1.0,0.0,4
query_no_demean_ref2k,460800_to_115200,original_grouped,NCEPU,1.0,1.0,0.0,90
query_no_demean_ref2k,460800_to_115200,original_grouped,PU,0.9890560875512996,0.9890560875512996,0.0,731
query_no_demean_ref2k,460800_to_115200,original_grouped,XJTU,0.9805097451274363,0.9932533733133433,0.0,1334
query_no_demean_ref2k,460800_to_115200,local_only_residual,CWRU,1.0,1.0,0.0,7
query_no_demean_ref2k,460800_to_115200,local_only_residual,DIRG,0.8627450980392157,0.8627450980392157,-13.725490196078427,102
query_no_demean_ref2k,460800_to_115200,local_only_residual,HIT,0.6203319502074689,0.6265560165975104,-37.863070539419084,964
query_no_demean_ref2k,460800_to_115200,local_only_residual,IMS,0.9137263339070568,0.9139414802065404,-8.175559380378662,4648
query_no_demean_ref2k,460800_to_115200,local_only_residual,JUST,0.42714253239372585,0.4273698567856331,-55.39895430779722,4399
query_no_demean_ref2k,460800_to_115200,local_only_residual,MFPT,0.5,0.5,-50.0,4
query_no_demean_ref2k,460800_to_115200,local_only_residual,NCEPU,1.0,1.0,0.0,90
query_no_demean_ref2k,460800_to_115200,local_only_residual,PU,0.5745554035567716,0.6497948016415869,-41.4500683994528,731
query_no_demean_ref2k,460800_to_115200,local_only_residual,XJTU,0.7916041979010495,0.795352323838081,-18.890554722638676,1334
query_no_demean_ref2k,460800_to_115200,retained_head,CWRU,1.0,1.0,0.0,7
query_no_demean_ref2k,460800_to_115200,retained_head,DIRG,1.0,1.0,0.0,102
query_no_demean_ref2k,460800_to_115200,retained_head,HIT,0.9989626556016598,0.9989626556016598,0.0,964
query_no_demean_ref2k,460800_to_115200,retained_head,IMS,0.9954819277108434,0.9969879518072289,0.0,4648
query_no_demean_ref2k,460800_to_115200,retained_head,JUST,0.9788588315526255,0.9788588315526255,-0.22732439190725762,4399
query_no_demean_ref2k,460800_to_115200,retained_head,MFPT,1.0,1.0,0.0,4
query_no_demean_ref2k,460800_to_115200,retained_head,NCEPU,1.0,1.0,0.0,90
query_no_demean_ref2k,460800_to_115200,retained_head,PU,0.9890560875512996,0.9890560875512996,0.0,731
query_no_demean_ref2k,460800_to_115200,retained_head,XJTU,0.9812593703148426,0.9940029985007496,0.07496251874062887,1334
query_no_demean_ref2k,all_known,original_grouped,CWRU,1.0,1.0,0.0,7
query_no_demean_ref2k,all_known,original_grouped,DIRG,1.0,1.0,0.0,102
query_no_demean_ref2k,all_known,original_grouped,HIT,0.9989626556016598,0.9989626556016598,0.0,964
query_no_demean_ref2k,all_known,original_grouped,IMS,0.9954819277108434,0.9967728055077453,0.0,4648
query_no_demean_ref2k,all_known,original_grouped,JUST,0.9811320754716981,0.9811320754716981,0.0,4399
query_no_demean_ref2k,all_known,original_grouped,MFPT,1.0,1.0,0.0,4
query_no_demean_ref2k,all_known,original_grouped,NCEPU,1.0,1.0,0.0,90
query_no_demean_ref2k,all_known,original_grouped,PU,0.9890560875512996,0.9890560875512996,0.0,731
query_no_demean_ref2k,all_known,original_grouped,XJTU,0.9805097451274363,0.9932533733133433,0.0,1334
query_no_demean_ref2k,all_known,local_only_residual,CWRU,1.0,1.0,0.0,7
query_no_demean_ref2k,all_known,local_only_residual,DIRG,0.7647058823529411,0.7647058823529411,-23.529411764705888,102
query_no_demean_ref2k,all_known,local_only_residual,HIT,0.6742738589211619,0.7064315352697096,-32.46887966804979,964
query_no_demean_ref2k,all_known,local_only_residual,IMS,0.8965146299483648,0.8986660929432013,-9.89672977624786,4648
query_no_demean_ref2k,all_known,local_only_residual,JUST,0.7131166174130484,0.713571266196863,-26.80154580586497,4399
query_no_demean_ref2k,all_known,local_only_residual,MFPT,0.75,0.75,-25.0,4
query_no_demean_ref2k,all_known,local_only_residual,NCEPU,1.0,1.0,0.0,90
query_no_demean_ref2k,all_known,local_only_residual,PU,0.6744186046511628,0.6785225718194254,-31.463748290013683,731
query_no_demean_ref2k,all_known,local_only_residual,XJTU,0.7961019490254873,0.8050974512743628,-18.4407796101949,1334
query_no_demean_ref2k,all_known,retained_head,CWRU,1.0,1.0,0.0,7
query_no_demean_ref2k,all_known,retained_head,DIRG,1.0,1.0,0.0,102
query_no_demean_ref2k,all_known,retained_head,HIT,0.995850622406639,0.995850622406639,-0.3112033195020736,964
query_no_demean_ref2k,all_known,retained_head,IMS,0.9954819277108434,0.9969879518072289,0.0,4648
query_no_demean_ref2k,all_known,retained_head,JUST,0.9729483973630371,0.9722664241873153,-0.8183678108661052,4399
query_no_demean_ref2k,all_known,retained_head,MFPT,1.0,1.0,0.0,4
query_no_demean_ref2k,all_known,retained_head,NCEPU,1.0,1.0,0.0,90
query_no_demean_ref2k,all_known,retained_head,PU,0.987688098495212,0.987688098495212,-0.1367989056087593,731
query_no_demean_ref2k,all_known,retained_head,XJTU,0.97976011994003,0.9932533733133433,-0.07496251874062887,1334
