variant,fold,method,test_acc10,test_acc4,test_macro_f1_10,test_macro_f1_4,delta_acc10_pp,delta_acc4_pp,meets_user_global_retention,test_n
v0,115200_to_460800,original_grouped,0.9886798599234465,0.9905529766267611,0.9140602763584296,0.9872746626689144,0.0,0.0,True,12279
v0,115200_to_460800,local_only_residual,0.6366153595569671,0.6515188533268181,0.6020725948736436,0.6013927606055924,-35.206450036647944,-33.903412329994296,False,12279
v0,115200_to_460800,retained_head,0.9881097809267856,0.990064337486766,0.9106607943204741,0.9866283377069118,-0.057007899666094985,-0.0488639139995084,True,12279
v0,460800_to_115200,original_grouped,0.9886798599234465,0.9905529766267611,0.9140602763584296,0.9872746626689144,0.0,0.0,True,12279
v0,460800_to_115200,local_only_residual,0.643293427803567,0.64500366479355,0.5555733530802638,0.612155748649824,-34.53864321198795,-34.554931183321116,False,12279
v0,460800_to_115200,retained_head,0.9883541004967831,0.9901457773434319,0.9407278611145052,0.9868023977217963,-0.032575942666346336,-0.04071992833292182,True,12279
v0,all_known,original_grouped,0.9886798599234465,0.9905529766267611,0.9140602763584296,0.9872746626689144,0.0,0.0,True,12279
v0,all_known,local_only_residual,0.6337649645736624,0.6410945516735891,0.5942931417187316,0.5773805018453569,-35.49148953497841,-34.9458424953172,False,12279
v0,all_known,retained_head,0.9851779460868149,0.9872139425034612,0.9281679603413038,0.9821506654619181,-0.3501913836631676,-0.33390341232999443,True,12279
query_no_demean,115200_to_460800,original_grouped,0.9886798599234465,0.9905529766267611,0.9140602763584296,0.9872746626689144,0.0,0.0,True,12279
query_no_demean,115200_to_460800,local_only_residual,0.6285528137470479,0.6390585552569428,0.5324607307587386,0.5574541061934075,-36.01270461763987,-35.14944213698183,False,12279
query_no_demean,115200_to_460800,retained_head,0.987865461356788,0.9897385780601026,0.9127455478488834,0.9858517757391867,-0.08143985666585474,-0.08143985666585474,True,12279
query_no_demean,460800_to_115200,original_grouped,0.9886798599234465,0.9905529766267611,0.9140602763584296,0.9872746626689144,0.0,0.0,True,12279
query_no_demean,460800_to_115200,local_only_residual,0.7786464695822135,0.7810082254255233,0.6185027916985464,0.6813144472519848,-21.003339034123304,-20.95447512012378,False,12279
query_no_demean,460800_to_115200,retained_head,0.9880283410701197,0.990064337486766,0.9112007154277462,0.9862509831634778,-0.06515188533268157,-0.0488639139995084,True,12279
query_no_demean,all_known,original_grouped,0.9886798599234465,0.9905529766267611,0.9140602763584296,0.9872746626689144,0.0,0.0,True,12279
query_no_demean,all_known,local_only_residual,0.6364524798436355,0.6426419089502402,0.5290415164143708,0.5571771813910782,-35.2227380079811,-34.79110676765209,False,12279
query_no_demean,all_known,retained_head,0.984037788093493,0.986236664223471,0.8987995855436705,0.9796238453539341,-0.46420718299535757,-0.43163124032901123,True,12279
query_no_demean_ref2k,115200_to_460800,original_grouped,0.9886798599234465,0.9905529766267611,0.9140602763584296,0.9872746626689144,0.0,0.0,True,12279
query_no_demean_ref2k,115200_to_460800,local_only_residual,0.7634172163856991,0.770095284632299,0.539062013804614,0.6742001819248998,-22.52626435377474,-22.04576919944621,False,12279
query_no_demean_ref2k,115200_to_460800,retained_head,0.9877025816434563,0.989575698346771,0.9133282031380425,0.9855298546417236,-0.0977278279990279,-0.0977278279990168,True,12279
query_no_demean_ref2k,460800_to_115200,original_grouped,0.9886798599234465,0.9905529766267611,0.9140602763584296,0.9872746626689144,0.0,0.0,True,12279
query_no_demean_ref2k,460800_to_115200,local_only_residual,0.683036077856503,0.6885739881097809,0.4044027768385699,0.5487659291808444,-30.564378206694354,-30.197898851698024,False,12279
query_no_demean_ref2k,460800_to_115200,retained_head,0.9879469012134539,0.9899014577734343,0.9377108280540494,0.9859022194162639,-0.07329587099926815,-0.06515188533268157,True,12279
query_no_demean_ref2k,all_known,original_grouped,0.9886798599234465,0.9905529766267611,0.9140602763584296,0.9872746626689144,0.0,0.0,True,12279
query_no_demean_ref2k,all_known,local_only_residual,0.7889078915221109,0.7936314032087304,0.47873331787927825,0.7045956643297535,-19.97719684013356,-19.692157341803075,False,12279
query_no_demean_ref2k,all_known,retained_head,0.9853408258001466,0.9871325026467953,0.9030654480403772,0.9809783683481915,-0.33390341232999443,-0.342047397996581,True,12279
