task,fold,bag_id,role,label,state,prediction,p0,p1,p2,p3,variant
four_class_provisional_roi,115200_to_460800,20260920-184058-normal-11520,train,0,normal,0,0.7332104444503784,0.0327152945101261,0.1592826396226883,0.074791595339775,v0
four_class_provisional_roi,115200_to_460800,20260920-184857-normal-460800,test,0,normal,0,0.5038115382194519,0.1722879260778427,0.1965882033109665,0.1273123323917389,v0
four_class_provisional_roi,115200_to_460800,20260920-190512-outBroken-115200,train,2,outBroken,2,0.1222062706947326,0.1144019216299057,0.6296846866607666,0.1337070763111114,v0
four_class_provisional_roi,115200_to_460800,20260920-190913-outBroken-460800,test,2,outBroken,2,0.09505195915699,0.0664535760879516,0.6938132047653198,0.1446813195943832,v0
four_class_provisional_roi,115200_to_460800,20260920-192216-inBroken-115200,train,1,inBroken,1,0.0297908205538988,0.7249424457550049,0.1553172916173935,0.0899494737386703,v0
four_class_provisional_roi,115200_to_460800,20260920-192610-inBroken-460800,test,1,inBroken,1,0.0209104362875223,0.839252769947052,0.0646486207842826,0.0751881077885627,v0
four_class_provisional_roi,115200_to_460800,20260920-193718-roll-115200,train,3,roll,3,0.0653301030397415,0.1057285442948341,0.1154195442795753,0.7135217189788818,v0
four_class_provisional_roi,115200_to_460800,20260920-194108-roll-460800,test,3,roll,3,0.0500212162733078,0.1121045053005218,0.0351608209311962,0.8027134537696838,v0
four_class_provisional_roi,460800_to_115200,20260920-184058-normal-11520,test,0,normal,0,0.7702730298042297,0.0126395691186189,0.1996435821056366,0.0174437630921602,v0
four_class_provisional_roi,460800_to_115200,20260920-184857-normal-460800,train,0,normal,0,0.7091748118400574,0.0817936137318611,0.1743026971817016,0.0347289554774761,v0
four_class_provisional_roi,460800_to_115200,20260920-190512-outBroken-115200,test,2,outBroken,2,0.2394036799669265,0.1531765758991241,0.5282758474349976,0.0791438445448875,v0
four_class_provisional_roi,460800_to_115200,20260920-190913-outBroken-460800,train,2,outBroken,2,0.1548345685005188,0.0576871447265148,0.7440267205238342,0.0434515438973903,v0
four_class_provisional_roi,460800_to_115200,20260920-192216-inBroken-115200,test,1,inBroken,1,0.0682647228240966,0.6072869300842285,0.2759176194667816,0.0485306866466999,v0
four_class_provisional_roi,460800_to_115200,20260920-192610-inBroken-460800,train,1,inBroken,1,0.0501799881458282,0.8052831292152405,0.0952980294823646,0.0492388941347599,v0
four_class_provisional_roi,460800_to_115200,20260920-193718-roll-115200,test,3,roll,3,0.1396580785512924,0.213074505329132,0.2129110693931579,0.4343563318252563,v0
four_class_provisional_roi,460800_to_115200,20260920-194108-roll-460800,train,3,roll,3,0.0551129281520843,0.0636990442872047,0.0086932117119431,0.8724946975708008,v0
four_class_provisional_roi,all_known,20260920-184058-normal-11520,train,0,normal,0,0.9019045829772948,0.0068197441287338,0.0717487335205078,0.0195269715040922,v0
four_class_provisional_roi,all_known,20260920-184857-normal-460800,train,0,normal,0,0.79999178647995,0.0733142420649528,0.0820845738053321,0.0446093790233135,v0
four_class_provisional_roi,all_known,20260920-190512-outBroken-115200,train,2,outBroken,2,0.0666677132248878,0.040677323937416,0.811768114566803,0.0808868706226348,v0
four_class_provisional_roi,all_known,20260920-190913-outBroken-460800,train,2,outBroken,2,0.0590521618723869,0.0168805234134197,0.8591205477714539,0.0649467185139656,v0
four_class_provisional_roi,all_known,20260920-192216-inBroken-115200,train,1,inBroken,1,0.0362918488681316,0.8365636467933655,0.0663540363311767,0.0607904531061649,v0
four_class_provisional_roi,all_known,20260920-192610-inBroken-460800,train,1,inBroken,1,0.0168329365551471,0.922316551208496,0.0174421425908803,0.0434083640575408,v0
four_class_provisional_roi,all_known,20260920-193718-roll-115200,train,3,roll,3,0.0604875013232231,0.0793782547116279,0.0830376073718071,0.7770966291427612,v0
four_class_provisional_roi,all_known,20260920-194108-roll-460800,train,3,roll,3,0.0124698057770729,0.0458699874579906,0.0070419865660369,0.9346181750297546,v0
four_class_provisional_roi,all_known,20260920-195424-keep-115200,external,-1,keep,1,0.0242988858371973,0.7290878891944885,0.0922084748744964,0.1544047743082046,v0
four_class_provisional_roi,all_known,20260920-195753-keep-460800,external,-1,keep,1,0.0187137201428413,0.7941157221794128,0.049295138567686,0.1378753930330276,v0
four_class_provisional_roi,all_known,20260920-201757-bigNormal-115200,external,-1,bigNormal,2,1.492331036523353e-09,6.23489768258878e-07,0.9999993443489076,1.326698889636546e-10,v0
four_class_provisional_roi,all_known,20260920-202115-bigNormal-460800,external,-1,bigNormal,2,1.9195270373195683e-11,3.2661240823017585e-08,1.0,2.0494129397002907e-12,v0
four_class_provisional_roi,115200_to_460800,20260920-184058-normal-11520,train,0,normal,0,0.7366291880607605,0.0499035529792308,0.1089077442884445,0.1045594960451126,query_no_demean
four_class_provisional_roi,115200_to_460800,20260920-184857-normal-460800,test,0,normal,0,0.5296152234077454,0.2461197227239608,0.1119306311011314,0.1123344972729682,query_no_demean
four_class_provisional_roi,115200_to_460800,20260920-190512-outBroken-115200,train,2,outBroken,2,0.0881041139364242,0.1449262946844101,0.6132881045341492,0.1536814868450164,query_no_demean
four_class_provisional_roi,115200_to_460800,20260920-190913-outBroken-460800,test,2,outBroken,2,0.0871925204992294,0.1176002249121666,0.6089314222335815,0.1862758100032806,query_no_demean
four_class_provisional_roi,115200_to_460800,20260920-192216-inBroken-115200,train,1,inBroken,1,0.1062798127532005,0.611937403678894,0.1827295571565628,0.099053181707859,query_no_demean
four_class_provisional_roi,115200_to_460800,20260920-192610-inBroken-460800,test,1,inBroken,1,0.0316377095878124,0.7937917113304138,0.087332047522068,0.0872385129332542,query_no_demean
four_class_provisional_roi,115200_to_460800,20260920-193718-roll-115200,train,3,roll,3,0.0576467923820018,0.1404637694358825,0.1484927982091903,0.6533966660499573,query_no_demean
four_class_provisional_roi,115200_to_460800,20260920-194108-roll-460800,test,3,roll,3,0.0211392100900411,0.3527568876743316,0.0462606847286224,0.5798432230949402,query_no_demean
four_class_provisional_roi,460800_to_115200,20260920-184058-normal-11520,test,0,normal,0,0.7850750088691711,0.0177040342241525,0.1528230607509613,0.044397871941328,query_no_demean
four_class_provisional_roi,460800_to_115200,20260920-184857-normal-460800,train,0,normal,0,0.7314266562461853,0.1043926998972892,0.1258147209882736,0.0383659526705741,query_no_demean
four_class_provisional_roi,460800_to_115200,20260920-190512-outBroken-115200,test,2,outBroken,2,0.1407296061515808,0.1324311196804046,0.6112064123153687,0.1156328842043876,query_no_demean
four_class_provisional_roi,460800_to_115200,20260920-190913-outBroken-460800,train,2,outBroken,2,0.1289944946765899,0.0766033381223678,0.7232531309127808,0.0711490362882614,query_no_demean
four_class_provisional_roi,460800_to_115200,20260920-192216-inBroken-115200,test,1,inBroken,1,0.2341906577348709,0.4353128373622894,0.2758204638957977,0.0546760372817516,query_no_demean
four_class_provisional_roi,460800_to_115200,20260920-192610-inBroken-460800,train,1,inBroken,1,0.1030039265751838,0.6629000902175903,0.1317619979381561,0.102333940565586,query_no_demean
four_class_provisional_roi,460800_to_115200,20260920-193718-roll-115200,test,3,roll,3,0.1517216861248016,0.1575396060943603,0.294473648071289,0.3962650895118713,query_no_demean
four_class_provisional_roi,460800_to_115200,20260920-194108-roll-460800,train,3,roll,3,0.0335418172180652,0.1418269127607345,0.0144371232017874,0.810194194316864,query_no_demean
four_class_provisional_roi,all_known,20260920-184058-normal-11520,train,0,normal,0,0.8563140630722046,0.0222786460071802,0.0791165754199028,0.0422906540334224,query_no_demean
four_class_provisional_roi,all_known,20260920-184857-normal-460800,train,0,normal,0,0.7203454971313477,0.1493806391954422,0.0787884667515754,0.0514853745698928,query_no_demean
four_class_provisional_roi,all_known,20260920-190512-outBroken-115200,train,2,outBroken,2,0.0749310106039047,0.08807323127985,0.7389793395996094,0.0980163961648941,query_no_demean
four_class_provisional_roi,all_known,20260920-190913-outBroken-460800,train,2,outBroken,2,0.0789514482021331,0.0813024491071701,0.7501616477966309,0.089584395289421,query_no_demean
four_class_provisional_roi,all_known,20260920-192216-inBroken-115200,train,1,inBroken,1,0.1454323232173919,0.6467032432556152,0.1317438334226608,0.0761206150054931,query_no_demean
four_class_provisional_roi,all_known,20260920-192610-inBroken-460800,train,1,inBroken,1,0.0455069653689861,0.8049517273902893,0.0468150600790977,0.1027262061834335,query_no_demean
four_class_provisional_roi,all_known,20260920-193718-roll-115200,train,3,roll,3,0.0755317732691764,0.1180680617690086,0.1334932893514633,0.6729069352149963,query_no_demean
four_class_provisional_roi,all_known,20260920-194108-roll-460800,train,3,roll,3,0.0135700507089495,0.1227783560752868,0.0246361345052719,0.8390154838562012,query_no_demean
four_class_provisional_roi,all_known,20260920-195424-keep-115200,external,-1,keep,1,0.0187769327312707,0.7984499931335449,0.0773934796452522,0.1053795963525772,query_no_demean
four_class_provisional_roi,all_known,20260920-195753-keep-460800,external,-1,keep,1,0.0168938748538494,0.8180744051933289,0.0586229376494884,0.1064088717103004,query_no_demean
four_class_provisional_roi,all_known,20260920-201757-bigNormal-115200,external,-1,bigNormal,2,9.32944166365246e-10,2.257598225696711e-06,0.9999977350234984,5.9818105330178276e-12,query_no_demean
four_class_provisional_roi,all_known,20260920-202115-bigNormal-460800,external,-1,bigNormal,2,3.888733779433551e-11,5.1608886053600145e-09,1.0,1.0642411295757813e-13,query_no_demean
