recording_id,label,rpm,distance_cm,repeat,radar_path,radar_parts,contact_path,contact_id,pairing_level,paired_confirmed,session_id,bearing_id,environment,contact_fs_hz,contact_unit,cfg_path,radar_format,iq_order,aux_paths,notes
normal_1000r_20cm_rep1,normal,1000,20,1,,,,normal_1000r_session,continuous_session,,,,,4000,,,,iiqq_neg,,
normal_1000r_20cm_rep2,normal,1000,20,2,,,,normal_1000r_session,continuous_session,,,,,4000,,,,iiqq_neg,,
normal_1000r_20cm_rep3,normal,1000,20,3,,,,normal_1000r_session,continuous_session,,,,,4000,,,,iiqq_neg,,
normal_1000r_20cm_rep4,normal,1000,20,4,,,,normal_1000r_session,continuous_session,,,,,4000,,,,iiqq_neg,,
normal_1000r_40cm_rep1,normal,1000,40,1,,,,normal_1000r_session,continuous_session,,,,,4000,,,,iiqq_neg,,
normal_1000r_40cm_rep2,normal,1000,40,2,,,,normal_1000r_session,continuous_session,,,,,4000,,,,iiqq_neg,,
normal_1000r_40cm_rep3,normal,1000,40,3,,,,normal_1000r_session,continuous_session,,,,,4000,,,,iiqq_neg,,
normal_1000r_40cm_rep4,normal,1000,40,4,,,,normal_1000r_session,continuous_session,,,,,4000,,,,iiqq_neg,,
normal_1000r_80cm_rep1,normal,1000,80,1,,,,normal_1000r_session,continuous_session,,,,,4000,,,,iiqq_neg,,
normal_1000r_80cm_rep2,normal,1000,80,2,,,,normal_1000r_session,continuous_session,,,,,4000,,,,iiqq_neg,,
normal_1000r_80cm_rep3,normal,1000,80,3,,,,normal_1000r_session,continuous_session,,,,,4000,,,,iiqq_neg,,
normal_1000r_80cm_rep4,normal,1000,80,4,,,,normal_1000r_session,continuous_session,,,,,4000,,,,iiqq_neg,,
normal_2000r_20cm_rep1,normal,2000,20,1,,,,normal_2000r_session,continuous_session,,,,,4000,,,,iiqq_neg,,
normal_2000r_20cm_rep2,normal,2000,20,2,,,,normal_2000r_session,continuous_session,,,,,4000,,,,iiqq_neg,,
normal_2000r_20cm_rep3,normal,2000,20,3,,,,normal_2000r_session,continuous_session,,,,,4000,,,,iiqq_neg,,
normal_2000r_20cm_rep4,normal,2000,20,4,,,,normal_2000r_session,continuous_session,,,,,4000,,,,iiqq_neg,,
normal_2000r_40cm_rep1,normal,2000,40,1,,,,normal_2000r_session,continuous_session,,,,,4000,,,,iiqq_neg,,
normal_2000r_40cm_rep2,normal,2000,40,2,,,,normal_2000r_session,continuous_session,,,,,4000,,,,iiqq_neg,,
normal_2000r_40cm_rep3,normal,2000,40,3,,,,normal_2000r_session,continuous_session,,,,,4000,,,,iiqq_neg,,
normal_2000r_40cm_rep4,normal,2000,40,4,,,,normal_2000r_session,continuous_session,,,,,4000,,,,iiqq_neg,,
normal_2000r_80cm_rep1,normal,2000,80,1,,,,normal_2000r_session,continuous_session,,,,,4000,,,,iiqq_neg,,
normal_2000r_80cm_rep2,normal,2000,80,2,,,,normal_2000r_session,continuous_session,,,,,4000,,,,iiqq_neg,,
normal_2000r_80cm_rep3,normal,2000,80,3,,,,normal_2000r_session,continuous_session,,,,,4000,,,,iiqq_neg,,
normal_2000r_80cm_rep4,normal,2000,80,4,,,,normal_2000r_session,continuous_session,,,,,4000,,,,iiqq_neg,,
normal_3000r_20cm_rep1,normal,3000,20,1,,,,normal_3000r_session,continuous_session,,,,,4000,,,,iiqq_neg,,
normal_3000r_20cm_rep2,normal,3000,20,2,,,,normal_3000r_session,continuous_session,,,,,4000,,,,iiqq_neg,,
normal_3000r_20cm_rep3,normal,3000,20,3,,,,normal_3000r_session,continuous_session,,,,,4000,,,,iiqq_neg,,
normal_3000r_20cm_rep4,normal,3000,20,4,,,,normal_3000r_session,continuous_session,,,,,4000,,,,iiqq_neg,,
normal_3000r_40cm_rep1,normal,3000,40,1,,,,normal_3000r_session,continuous_session,,,,,4000,,,,iiqq_neg,,
normal_3000r_40cm_rep2,normal,3000,40,2,,,,normal_3000r_session,continuous_session,,,,,4000,,,,iiqq_neg,,
normal_3000r_40cm_rep3,normal,3000,40,3,,,,normal_3000r_session,continuous_session,,,,,4000,,,,iiqq_neg,,
normal_3000r_40cm_rep4,normal,3000,40,4,,,,normal_3000r_session,continuous_session,,,,,4000,,,,iiqq_neg,,
normal_3000r_80cm_rep1,normal,3000,80,1,,,,normal_3000r_session,continuous_session,,,,,4000,,,,iiqq_neg,,
normal_3000r_80cm_rep2,normal,3000,80,2,,,,normal_3000r_session,continuous_session,,,,,4000,,,,iiqq_neg,,
normal_3000r_80cm_rep3,normal,3000,80,3,,,,normal_3000r_session,continuous_session,,,,,4000,,,,iiqq_neg,,
normal_3000r_80cm_rep4,normal,3000,80,4,,,,normal_3000r_session,continuous_session,,,,,4000,,,,iiqq_neg,,
inBroken_1000r_20cm_rep1,inBroken,1000,20,1,,,,inBroken_1000r_session,continuous_session,,,,,4000,,,,iiqq_neg,,
inBroken_1000r_20cm_rep2,inBroken,1000,20,2,,,,inBroken_1000r_session,continuous_session,,,,,4000,,,,iiqq_neg,,
inBroken_1000r_20cm_rep3,inBroken,1000,20,3,,,,inBroken_1000r_session,continuous_session,,,,,4000,,,,iiqq_neg,,
inBroken_1000r_20cm_rep4,inBroken,1000,20,4,,,,inBroken_1000r_session,continuous_session,,,,,4000,,,,iiqq_neg,,
inBroken_1000r_40cm_rep1,inBroken,1000,40,1,,,,inBroken_1000r_session,continuous_session,,,,,4000,,,,iiqq_neg,,
inBroken_1000r_40cm_rep2,inBroken,1000,40,2,,,,inBroken_1000r_session,continuous_session,,,,,4000,,,,iiqq_neg,,
inBroken_1000r_40cm_rep3,inBroken,1000,40,3,,,,inBroken_1000r_session,continuous_session,,,,,4000,,,,iiqq_neg,,
inBroken_1000r_40cm_rep4,inBroken,1000,40,4,,,,inBroken_1000r_session,continuous_session,,,,,4000,,,,iiqq_neg,,
inBroken_1000r_80cm_rep1,inBroken,1000,80,1,,,,inBroken_1000r_session,continuous_session,,,,,4000,,,,iiqq_neg,,
inBroken_1000r_80cm_rep2,inBroken,1000,80,2,,,,inBroken_1000r_session,continuous_session,,,,,4000,,,,iiqq_neg,,
inBroken_1000r_80cm_rep3,inBroken,1000,80,3,,,,inBroken_1000r_session,continuous_session,,,,,4000,,,,iiqq_neg,,
inBroken_1000r_80cm_rep4,inBroken,1000,80,4,,,,inBroken_1000r_session,continuous_session,,,,,4000,,,,iiqq_neg,,
inBroken_2000r_20cm_rep1,inBroken,2000,20,1,,,,inBroken_2000r_session,continuous_session,,,,,4000,,,,iiqq_neg,,
inBroken_2000r_20cm_rep2,inBroken,2000,20,2,,,,inBroken_2000r_session,continuous_session,,,,,4000,,,,iiqq_neg,,
inBroken_2000r_20cm_rep3,inBroken,2000,20,3,,,,inBroken_2000r_session,continuous_session,,,,,4000,,,,iiqq_neg,,
inBroken_2000r_20cm_rep4,inBroken,2000,20,4,,,,inBroken_2000r_session,continuous_session,,,,,4000,,,,iiqq_neg,,
inBroken_2000r_40cm_rep1,inBroken,2000,40,1,,,,inBroken_2000r_session,continuous_session,,,,,4000,,,,iiqq_neg,,
inBroken_2000r_40cm_rep2,inBroken,2000,40,2,,,,inBroken_2000r_session,continuous_session,,,,,4000,,,,iiqq_neg,,
inBroken_2000r_40cm_rep3,inBroken,2000,40,3,,,,inBroken_2000r_session,continuous_session,,,,,4000,,,,iiqq_neg,,
inBroken_2000r_40cm_rep4,inBroken,2000,40,4,,,,inBroken_2000r_session,continuous_session,,,,,4000,,,,iiqq_neg,,
inBroken_2000r_80cm_rep1,inBroken,2000,80,1,,,,inBroken_2000r_session,continuous_session,,,,,4000,,,,iiqq_neg,,
inBroken_2000r_80cm_rep2,inBroken,2000,80,2,,,,inBroken_2000r_session,continuous_session,,,,,4000,,,,iiqq_neg,,
inBroken_2000r_80cm_rep3,inBroken,2000,80,3,,,,inBroken_2000r_session,continuous_session,,,,,4000,,,,iiqq_neg,,
inBroken_2000r_80cm_rep4,inBroken,2000,80,4,,,,inBroken_2000r_session,continuous_session,,,,,4000,,,,iiqq_neg,,
inBroken_3000r_20cm_rep1,inBroken,3000,20,1,,,,inBroken_3000r_session,continuous_session,,,,,4000,,,,iiqq_neg,,
inBroken_3000r_20cm_rep2,inBroken,3000,20,2,,,,inBroken_3000r_session,continuous_session,,,,,4000,,,,iiqq_neg,,
inBroken_3000r_20cm_rep3,inBroken,3000,20,3,,,,inBroken_3000r_session,continuous_session,,,,,4000,,,,iiqq_neg,,
inBroken_3000r_20cm_rep4,inBroken,3000,20,4,,,,inBroken_3000r_session,continuous_session,,,,,4000,,,,iiqq_neg,,
inBroken_3000r_40cm_rep1,inBroken,3000,40,1,,,,inBroken_3000r_session,continuous_session,,,,,4000,,,,iiqq_neg,,
inBroken_3000r_40cm_rep2,inBroken,3000,40,2,,,,inBroken_3000r_session,continuous_session,,,,,4000,,,,iiqq_neg,,
inBroken_3000r_40cm_rep3,inBroken,3000,40,3,,,,inBroken_3000r_session,continuous_session,,,,,4000,,,,iiqq_neg,,
inBroken_3000r_40cm_rep4,inBroken,3000,40,4,,,,inBroken_3000r_session,continuous_session,,,,,4000,,,,iiqq_neg,,
inBroken_3000r_80cm_rep1,inBroken,3000,80,1,,,,inBroken_3000r_session,continuous_session,,,,,4000,,,,iiqq_neg,,
inBroken_3000r_80cm_rep2,inBroken,3000,80,2,,,,inBroken_3000r_session,continuous_session,,,,,4000,,,,iiqq_neg,,
inBroken_3000r_80cm_rep3,inBroken,3000,80,3,,,,inBroken_3000r_session,continuous_session,,,,,4000,,,,iiqq_neg,,
inBroken_3000r_80cm_rep4,inBroken,3000,80,4,,,,inBroken_3000r_session,continuous_session,,,,,4000,,,,iiqq_neg,,
outBroken_1000r_20cm_rep1,outBroken,1000,20,1,,,,outBroken_1000r_session,continuous_session,,,,,4000,,,,iiqq_neg,,
outBroken_1000r_20cm_rep2,outBroken,1000,20,2,,,,outBroken_1000r_session,continuous_session,,,,,4000,,,,iiqq_neg,,
outBroken_1000r_20cm_rep3,outBroken,1000,20,3,,,,outBroken_1000r_session,continuous_session,,,,,4000,,,,iiqq_neg,,
outBroken_1000r_20cm_rep4,outBroken,1000,20,4,,,,outBroken_1000r_session,continuous_session,,,,,4000,,,,iiqq_neg,,
outBroken_1000r_40cm_rep1,outBroken,1000,40,1,,,,outBroken_1000r_session,continuous_session,,,,,4000,,,,iiqq_neg,,
outBroken_1000r_40cm_rep2,outBroken,1000,40,2,,,,outBroken_1000r_session,continuous_session,,,,,4000,,,,iiqq_neg,,
outBroken_1000r_40cm_rep3,outBroken,1000,40,3,,,,outBroken_1000r_session,continuous_session,,,,,4000,,,,iiqq_neg,,
outBroken_1000r_40cm_rep4,outBroken,1000,40,4,,,,outBroken_1000r_session,continuous_session,,,,,4000,,,,iiqq_neg,,
outBroken_1000r_80cm_rep1,outBroken,1000,80,1,,,,outBroken_1000r_session,continuous_session,,,,,4000,,,,iiqq_neg,,
outBroken_1000r_80cm_rep2,outBroken,1000,80,2,,,,outBroken_1000r_session,continuous_session,,,,,4000,,,,iiqq_neg,,
outBroken_1000r_80cm_rep3,outBroken,1000,80,3,,,,outBroken_1000r_session,continuous_session,,,,,4000,,,,iiqq_neg,,
outBroken_1000r_80cm_rep4,outBroken,1000,80,4,,,,outBroken_1000r_session,continuous_session,,,,,4000,,,,iiqq_neg,,
outBroken_2000r_20cm_rep1,outBroken,2000,20,1,,,,outBroken_2000r_session,continuous_session,,,,,4000,,,,iiqq_neg,,
outBroken_2000r_20cm_rep2,outBroken,2000,20,2,,,,outBroken_2000r_session,continuous_session,,,,,4000,,,,iiqq_neg,,
outBroken_2000r_20cm_rep3,outBroken,2000,20,3,,,,outBroken_2000r_session,continuous_session,,,,,4000,,,,iiqq_neg,,
outBroken_2000r_20cm_rep4,outBroken,2000,20,4,,,,outBroken_2000r_session,continuous_session,,,,,4000,,,,iiqq_neg,,
outBroken_2000r_40cm_rep1,outBroken,2000,40,1,,,,outBroken_2000r_session,continuous_session,,,,,4000,,,,iiqq_neg,,
outBroken_2000r_40cm_rep2,outBroken,2000,40,2,,,,outBroken_2000r_session,continuous_session,,,,,4000,,,,iiqq_neg,,
outBroken_2000r_40cm_rep3,outBroken,2000,40,3,,,,outBroken_2000r_session,continuous_session,,,,,4000,,,,iiqq_neg,,
outBroken_2000r_40cm_rep4,outBroken,2000,40,4,,,,outBroken_2000r_session,continuous_session,,,,,4000,,,,iiqq_neg,,
outBroken_2000r_80cm_rep1,outBroken,2000,80,1,,,,outBroken_2000r_session,continuous_session,,,,,4000,,,,iiqq_neg,,
outBroken_2000r_80cm_rep2,outBroken,2000,80,2,,,,outBroken_2000r_session,continuous_session,,,,,4000,,,,iiqq_neg,,
outBroken_2000r_80cm_rep3,outBroken,2000,80,3,,,,outBroken_2000r_session,continuous_session,,,,,4000,,,,iiqq_neg,,
outBroken_2000r_80cm_rep4,outBroken,2000,80,4,,,,outBroken_2000r_session,continuous_session,,,,,4000,,,,iiqq_neg,,
outBroken_3000r_20cm_rep1,outBroken,3000,20,1,,,,outBroken_3000r_session,continuous_session,,,,,4000,,,,iiqq_neg,,
outBroken_3000r_20cm_rep2,outBroken,3000,20,2,,,,outBroken_3000r_session,continuous_session,,,,,4000,,,,iiqq_neg,,
outBroken_3000r_20cm_rep3,outBroken,3000,20,3,,,,outBroken_3000r_session,continuous_session,,,,,4000,,,,iiqq_neg,,
outBroken_3000r_20cm_rep4,outBroken,3000,20,4,,,,outBroken_3000r_session,continuous_session,,,,,4000,,,,iiqq_neg,,
outBroken_3000r_40cm_rep1,outBroken,3000,40,1,,,,outBroken_3000r_session,continuous_session,,,,,4000,,,,iiqq_neg,,
outBroken_3000r_40cm_rep2,outBroken,3000,40,2,,,,outBroken_3000r_session,continuous_session,,,,,4000,,,,iiqq_neg,,
outBroken_3000r_40cm_rep3,outBroken,3000,40,3,,,,outBroken_3000r_session,continuous_session,,,,,4000,,,,iiqq_neg,,
outBroken_3000r_40cm_rep4,outBroken,3000,40,4,,,,outBroken_3000r_session,continuous_session,,,,,4000,,,,iiqq_neg,,
outBroken_3000r_80cm_rep1,outBroken,3000,80,1,,,,outBroken_3000r_session,continuous_session,,,,,4000,,,,iiqq_neg,,
outBroken_3000r_80cm_rep2,outBroken,3000,80,2,,,,outBroken_3000r_session,continuous_session,,,,,4000,,,,iiqq_neg,,
outBroken_3000r_80cm_rep3,outBroken,3000,80,3,,,,outBroken_3000r_session,continuous_session,,,,,4000,,,,iiqq_neg,,
outBroken_3000r_80cm_rep4,outBroken,3000,80,4,,,,outBroken_3000r_session,continuous_session,,,,,4000,,,,iiqq_neg,,
roll_1000r_20cm_rep1,roll,1000,20,1,,,,roll_1000r_session,continuous_session,,,,,4000,,,,iiqq_neg,,
roll_1000r_20cm_rep2,roll,1000,20,2,,,,roll_1000r_session,continuous_session,,,,,4000,,,,iiqq_neg,,
roll_1000r_20cm_rep3,roll,1000,20,3,,,,roll_1000r_session,continuous_session,,,,,4000,,,,iiqq_neg,,
roll_1000r_20cm_rep4,roll,1000,20,4,,,,roll_1000r_session,continuous_session,,,,,4000,,,,iiqq_neg,,
roll_1000r_40cm_rep1,roll,1000,40,1,,,,roll_1000r_session,continuous_session,,,,,4000,,,,iiqq_neg,,
roll_1000r_40cm_rep2,roll,1000,40,2,,,,roll_1000r_session,continuous_session,,,,,4000,,,,iiqq_neg,,
roll_1000r_40cm_rep3,roll,1000,40,3,,,,roll_1000r_session,continuous_session,,,,,4000,,,,iiqq_neg,,
roll_1000r_40cm_rep4,roll,1000,40,4,,,,roll_1000r_session,continuous_session,,,,,4000,,,,iiqq_neg,,
roll_1000r_80cm_rep1,roll,1000,80,1,,,,roll_1000r_session,continuous_session,,,,,4000,,,,iiqq_neg,,
roll_1000r_80cm_rep2,roll,1000,80,2,,,,roll_1000r_session,continuous_session,,,,,4000,,,,iiqq_neg,,
roll_1000r_80cm_rep3,roll,1000,80,3,,,,roll_1000r_session,continuous_session,,,,,4000,,,,iiqq_neg,,
roll_1000r_80cm_rep4,roll,1000,80,4,,,,roll_1000r_session,continuous_session,,,,,4000,,,,iiqq_neg,,
roll_2000r_20cm_rep1,roll,2000,20,1,,,,roll_2000r_session,continuous_session,,,,,4000,,,,iiqq_neg,,
roll_2000r_20cm_rep2,roll,2000,20,2,,,,roll_2000r_session,continuous_session,,,,,4000,,,,iiqq_neg,,
roll_2000r_20cm_rep3,roll,2000,20,3,,,,roll_2000r_session,continuous_session,,,,,4000,,,,iiqq_neg,,
roll_2000r_20cm_rep4,roll,2000,20,4,,,,roll_2000r_session,continuous_session,,,,,4000,,,,iiqq_neg,,
roll_2000r_40cm_rep1,roll,2000,40,1,,,,roll_2000r_session,continuous_session,,,,,4000,,,,iiqq_neg,,
roll_2000r_40cm_rep2,roll,2000,40,2,,,,roll_2000r_session,continuous_session,,,,,4000,,,,iiqq_neg,,
roll_2000r_40cm_rep3,roll,2000,40,3,,,,roll_2000r_session,continuous_session,,,,,4000,,,,iiqq_neg,,
roll_2000r_40cm_rep4,roll,2000,40,4,,,,roll_2000r_session,continuous_session,,,,,4000,,,,iiqq_neg,,
roll_2000r_80cm_rep1,roll,2000,80,1,,,,roll_2000r_session,continuous_session,,,,,4000,,,,iiqq_neg,,
roll_2000r_80cm_rep2,roll,2000,80,2,,,,roll_2000r_session,continuous_session,,,,,4000,,,,iiqq_neg,,
roll_2000r_80cm_rep3,roll,2000,80,3,,,,roll_2000r_session,continuous_session,,,,,4000,,,,iiqq_neg,,
roll_2000r_80cm_rep4,roll,2000,80,4,,,,roll_2000r_session,continuous_session,,,,,4000,,,,iiqq_neg,,
roll_3000r_20cm_rep1,roll,3000,20,1,,,,roll_3000r_session,continuous_session,,,,,4000,,,,iiqq_neg,,
roll_3000r_20cm_rep2,roll,3000,20,2,,,,roll_3000r_session,continuous_session,,,,,4000,,,,iiqq_neg,,
roll_3000r_20cm_rep3,roll,3000,20,3,,,,roll_3000r_session,continuous_session,,,,,4000,,,,iiqq_neg,,
roll_3000r_20cm_rep4,roll,3000,20,4,,,,roll_3000r_session,continuous_session,,,,,4000,,,,iiqq_neg,,
roll_3000r_40cm_rep1,roll,3000,40,1,,,,roll_3000r_session,continuous_session,,,,,4000,,,,iiqq_neg,,
roll_3000r_40cm_rep2,roll,3000,40,2,,,,roll_3000r_session,continuous_session,,,,,4000,,,,iiqq_neg,,
roll_3000r_40cm_rep3,roll,3000,40,3,,,,roll_3000r_session,continuous_session,,,,,4000,,,,iiqq_neg,,
roll_3000r_40cm_rep4,roll,3000,40,4,,,,roll_3000r_session,continuous_session,,,,,4000,,,,iiqq_neg,,
roll_3000r_80cm_rep1,roll,3000,80,1,,,,roll_3000r_session,continuous_session,,,,,4000,,,,iiqq_neg,,
roll_3000r_80cm_rep2,roll,3000,80,2,,,,roll_3000r_session,continuous_session,,,,,4000,,,,iiqq_neg,,
roll_3000r_80cm_rep3,roll,3000,80,3,,,,roll_3000r_session,continuous_session,,,,,4000,,,,iiqq_neg,,
roll_3000r_80cm_rep4,roll,3000,80,4,,,,roll_3000r_session,continuous_session,,,,,4000,,,,iiqq_neg,,
