variant,classes,condition_id,source,n,old_accuracy,new_accuracy,delta_accuracy_pp
query_no_demean,10,0,CWRU,1,1.0,1.0,0.0
query_no_demean,10,1,CWRU,1,1.0,1.0,0.0
query_no_demean,10,33,CWRU,1,1.0,1.0,0.0
query_no_demean,10,34,CWRU,1,1.0,1.0,0.0
query_no_demean,10,35,CWRU,1,1.0,1.0,0.0
query_no_demean,10,36,CWRU,1,1.0,1.0,0.0
query_no_demean,10,37,CWRU,1,1.0,1.0,0.0
query_no_demean,10,38,DIRG,1,1.0,1.0,0.0
query_no_demean,10,39,DIRG,1,1.0,1.0,0.0
query_no_demean,10,40,DIRG,1,1.0,1.0,0.0
query_no_demean,10,41,DIRG,1,1.0,1.0,0.0
query_no_demean,10,42,DIRG,1,1.0,1.0,0.0
query_no_demean,10,43,DIRG,1,1.0,1.0,0.0
query_no_demean,10,44,DIRG,1,1.0,1.0,0.0
query_no_demean,10,45,DIRG,1,1.0,1.0,0.0
query_no_demean,10,46,DIRG,1,1.0,1.0,0.0
query_no_demean,10,47,DIRG,1,1.0,1.0,0.0
query_no_demean,10,48,DIRG,1,1.0,1.0,0.0
query_no_demean,10,49,DIRG,1,1.0,1.0,0.0
query_no_demean,10,50,DIRG,1,1.0,1.0,0.0
query_no_demean,10,51,DIRG,1,1.0,1.0,0.0
query_no_demean,10,52,DIRG,1,1.0,1.0,0.0
query_no_demean,10,53,DIRG,1,1.0,1.0,0.0
query_no_demean,10,54,DIRG,1,1.0,1.0,0.0
query_no_demean,10,55,DIRG,1,1.0,1.0,0.0
query_no_demean,10,56,DIRG,1,1.0,1.0,0.0
query_no_demean,10,57,DIRG,1,1.0,1.0,0.0
query_no_demean,10,58,DIRG,1,1.0,1.0,0.0
query_no_demean,10,59,DIRG,1,1.0,1.0,0.0
query_no_demean,10,60,DIRG,1,1.0,1.0,0.0
query_no_demean,10,61,DIRG,1,1.0,1.0,0.0
query_no_demean,10,62,DIRG,1,1.0,1.0,0.0
query_no_demean,10,63,DIRG,1,1.0,1.0,0.0
query_no_demean,10,64,DIRG,1,1.0,1.0,0.0
query_no_demean,10,65,DIRG,1,1.0,1.0,0.0
query_no_demean,10,66,DIRG,1,1.0,1.0,0.0
query_no_demean,10,67,DIRG,1,1.0,1.0,0.0
query_no_demean,10,68,DIRG,1,1.0,1.0,0.0
query_no_demean,10,69,DIRG,1,1.0,1.0,0.0
query_no_demean,10,70,DIRG,1,1.0,1.0,0.0
query_no_demean,10,71,DIRG,1,1.0,1.0,0.0
query_no_demean,10,72,DIRG,1,1.0,1.0,0.0
query_no_demean,10,73,DIRG,1,1.0,1.0,0.0
query_no_demean,10,74,DIRG,1,1.0,1.0,0.0
query_no_demean,10,75,DIRG,1,1.0,1.0,0.0
query_no_demean,10,76,DIRG,1,1.0,1.0,0.0
query_no_demean,10,77,DIRG,1,1.0,1.0,0.0
query_no_demean,10,78,DIRG,1,1.0,1.0,0.0
query_no_demean,10,79,DIRG,1,1.0,1.0,0.0
query_no_demean,10,80,DIRG,1,1.0,1.0,0.0
query_no_demean,10,81,DIRG,1,1.0,1.0,0.0
query_no_demean,10,82,DIRG,1,1.0,1.0,0.0
query_no_demean,10,83,DIRG,1,1.0,1.0,0.0
query_no_demean,10,84,DIRG,1,1.0,1.0,0.0
query_no_demean,10,85,DIRG,1,1.0,1.0,0.0
query_no_demean,10,86,DIRG,1,1.0,1.0,0.0
query_no_demean,10,87,DIRG,1,1.0,1.0,0.0
query_no_demean,10,88,DIRG,1,1.0,1.0,0.0
query_no_demean,10,89,DIRG,1,1.0,1.0,0.0
query_no_demean,10,90,DIRG,1,1.0,1.0,0.0
query_no_demean,10,91,DIRG,1,1.0,1.0,0.0
query_no_demean,10,92,DIRG,1,1.0,1.0,0.0
query_no_demean,10,93,DIRG,1,1.0,1.0,0.0
query_no_demean,10,94,DIRG,1,1.0,1.0,0.0
query_no_demean,10,95,DIRG,1,1.0,1.0,0.0
query_no_demean,10,96,DIRG,1,1.0,1.0,0.0
query_no_demean,10,97,DIRG,1,1.0,1.0,0.0
query_no_demean,10,98,DIRG,1,1.0,1.0,0.0
query_no_demean,10,99,DIRG,1,1.0,1.0,0.0
query_no_demean,10,100,DIRG,1,1.0,1.0,0.0
query_no_demean,10,101,DIRG,1,1.0,1.0,0.0
query_no_demean,10,102,DIRG,1,1.0,1.0,0.0
query_no_demean,10,103,DIRG,1,1.0,1.0,0.0
query_no_demean,10,104,DIRG,1,1.0,1.0,0.0
query_no_demean,10,105,DIRG,1,1.0,1.0,0.0
query_no_demean,10,106,DIRG,1,1.0,1.0,0.0
query_no_demean,10,107,DIRG,1,1.0,1.0,0.0
query_no_demean,10,108,DIRG,1,1.0,1.0,0.0
query_no_demean,10,109,DIRG,1,1.0,1.0,0.0
query_no_demean,10,110,DIRG,1,1.0,1.0,0.0
query_no_demean,10,111,DIRG,1,1.0,1.0,0.0
query_no_demean,10,112,DIRG,1,1.0,1.0,0.0
query_no_demean,10,113,DIRG,1,1.0,1.0,0.0
query_no_demean,10,114,DIRG,1,1.0,1.0,0.0
query_no_demean,10,115,DIRG,1,1.0,1.0,0.0
query_no_demean,10,116,DIRG,1,1.0,1.0,0.0
query_no_demean,10,117,DIRG,1,1.0,1.0,0.0
query_no_demean,10,118,DIRG,1,1.0,1.0,0.0
query_no_demean,10,119,DIRG,1,1.0,1.0,0.0
query_no_demean,10,120,DIRG,1,1.0,1.0,0.0
query_no_demean,10,121,DIRG,1,1.0,1.0,0.0
query_no_demean,10,122,DIRG,1,1.0,1.0,0.0
query_no_demean,10,123,DIRG,1,1.0,1.0,0.0
query_no_demean,10,124,DIRG,1,1.0,1.0,0.0
query_no_demean,10,125,DIRG,1,1.0,1.0,0.0
query_no_demean,10,126,DIRG,1,1.0,1.0,0.0
query_no_demean,10,127,DIRG,1,1.0,1.0,0.0
query_no_demean,10,128,DIRG,1,1.0,1.0,0.0
query_no_demean,10,129,DIRG,1,1.0,1.0,0.0
query_no_demean,10,130,DIRG,1,1.0,1.0,0.0
query_no_demean,10,131,DIRG,1,1.0,1.0,0.0
query_no_demean,10,132,DIRG,1,1.0,1.0,0.0
query_no_demean,10,133,DIRG,1,1.0,1.0,0.0
query_no_demean,10,134,DIRG,1,1.0,1.0,0.0
query_no_demean,10,135,DIRG,1,1.0,1.0,0.0
query_no_demean,10,136,DIRG,1,1.0,1.0,0.0
query_no_demean,10,137,DIRG,1,1.0,1.0,0.0
query_no_demean,10,138,DIRG,1,1.0,1.0,0.0
query_no_demean,10,139,DIRG,1,1.0,1.0,0.0
query_no_demean,10,752,HIT,18,1.0,1.0,0.0
query_no_demean,10,753,HIT,18,1.0,1.0,0.0
query_no_demean,10,754,HIT,18,1.0,1.0,0.0
query_no_demean,10,755,HIT,18,1.0,1.0,0.0
query_no_demean,10,756,HIT,18,1.0,1.0,0.0
query_no_demean,10,757,HIT,18,1.0,1.0,0.0
query_no_demean,10,758,HIT,18,1.0,1.0,0.0
query_no_demean,10,759,HIT,18,1.0,1.0,0.0
query_no_demean,10,760,HIT,61,1.0,1.0,0.0
query_no_demean,10,761,HIT,61,1.0,1.0,0.0
query_no_demean,10,762,HIT,61,1.0,1.0,0.0
query_no_demean,10,763,HIT,61,1.0,1.0,0.0
query_no_demean,10,764,HIT,94,1.0,1.0,0.0
query_no_demean,10,765,HIT,94,0.9893617021276596,0.9893617021276596,0.0
query_no_demean,10,766,HIT,93,1.0,1.0,0.0
query_no_demean,10,767,HIT,94,1.0,1.0,0.0
query_no_demean,10,768,HIT,9,1.0,1.0,0.0
query_no_demean,10,769,HIT,9,1.0,1.0,0.0
query_no_demean,10,770,HIT,9,1.0,1.0,0.0
query_no_demean,10,771,HIT,9,1.0,1.0,0.0
query_no_demean,10,772,HIT,9,1.0,1.0,0.0
query_no_demean,10,773,HIT,9,1.0,1.0,0.0
query_no_demean,10,774,HIT,9,1.0,1.0,0.0
query_no_demean,10,775,HIT,9,1.0,1.0,0.0
query_no_demean,10,776,HIT,9,1.0,1.0,0.0
query_no_demean,10,777,HIT,9,1.0,1.0,0.0
query_no_demean,10,778,HIT,9,1.0,1.0,0.0
query_no_demean,10,779,HIT,9,1.0,1.0,0.0
query_no_demean,10,780,HIT,9,1.0,1.0,0.0
query_no_demean,10,781,HIT,9,1.0,1.0,0.0
query_no_demean,10,782,HIT,9,1.0,1.0,0.0
query_no_demean,10,783,HIT,9,1.0,1.0,0.0
query_no_demean,10,784,HIT,7,1.0,1.0,0.0
query_no_demean,10,785,HIT,7,1.0,1.0,0.0
query_no_demean,10,786,HIT,7,1.0,1.0,0.0
query_no_demean,10,787,HIT,8,1.0,1.0,0.0
query_no_demean,10,788,HIT,7,1.0,1.0,0.0
query_no_demean,10,789,HIT,7,1.0,1.0,0.0
query_no_demean,10,790,HIT,7,1.0,1.0,0.0
query_no_demean,10,791,HIT,7,1.0,1.0,0.0
query_no_demean,10,792,IMS,216,1.0,1.0,0.0
query_no_demean,10,793,IMS,216,1.0,1.0,0.0
query_no_demean,10,794,IMS,215,1.0,1.0,0.0
query_no_demean,10,795,IMS,216,1.0,1.0,0.0
query_no_demean,10,796,IMS,215,0.9953488372093023,0.9953488372093023,0.0
query_no_demean,10,797,IMS,216,0.9814814814814815,0.9814814814814815,0.0
query_no_demean,10,798,IMS,216,0.9907407407407407,0.9907407407407407,0.0
query_no_demean,10,799,IMS,215,1.0,0.9953488372093023,-0.46511627906976605
query_no_demean,10,800,IMS,99,0.9393939393939394,0.9393939393939394,0.0
query_no_demean,10,801,IMS,98,0.9897959183673469,1.0,1.0204081632653073
query_no_demean,10,802,IMS,98,1.0,1.0,0.0
query_no_demean,10,803,IMS,99,0.98989898989899,0.98989898989899,0.0
query_no_demean,10,804,IMS,632,0.9968354430379747,0.9968354430379747,0.0
query_no_demean,10,805,IMS,633,0.9968404423380727,0.9968404423380727,0.0
query_no_demean,10,806,IMS,632,0.9984177215189873,0.9984177215189873,0.0
query_no_demean,10,807,IMS,632,0.9984177215189873,0.9984177215189873,0.0
query_no_demean,10,808,JUST,123,1.0,1.0,0.0
query_no_demean,10,809,JUST,124,1.0,1.0,0.0
query_no_demean,10,810,JUST,123,0.975609756097561,0.975609756097561,0.0
query_no_demean,10,811,JUST,123,0.9349593495934959,0.926829268292683,-0.8130081300812941
query_no_demean,10,812,JUST,123,0.9349593495934959,0.943089430894309,0.8130081300813052
query_no_demean,10,813,JUST,123,0.991869918699187,0.991869918699187,0.0
query_no_demean,10,814,JUST,122,0.9836065573770492,0.9836065573770492,0.0
query_no_demean,10,815,JUST,122,1.0,1.0,0.0
query_no_demean,10,816,JUST,122,0.9672131147540983,0.9672131147540983,0.0
query_no_demean,10,817,JUST,122,0.9918032786885246,1.0,0.8196721311475419
query_no_demean,10,818,JUST,122,0.9836065573770492,0.9590163934426229,-2.4590163934426257
query_no_demean,10,819,JUST,123,1.0,1.0,0.0
query_no_demean,10,820,JUST,121,0.9917355371900827,0.9917355371900827,0.0
query_no_demean,10,821,JUST,122,1.0,1.0,0.0
query_no_demean,10,822,JUST,121,1.0,1.0,0.0
query_no_demean,10,823,JUST,122,0.9180327868852459,0.9180327868852459,0.0
query_no_demean,10,824,JUST,121,0.9421487603305785,0.9504132231404959,0.8264462809917439
query_no_demean,10,825,JUST,122,1.0,0.9918032786885246,-0.8196721311475419
query_no_demean,10,826,JUST,122,0.9918032786885246,0.9836065573770492,-0.8196721311475419
query_no_demean,10,827,JUST,123,1.0,1.0,0.0
query_no_demean,10,828,JUST,123,1.0,1.0,0.0
query_no_demean,10,829,JUST,122,0.9836065573770492,0.9672131147540983,-1.6393442622950838
query_no_demean,10,830,JUST,123,0.943089430894309,0.943089430894309,0.0
query_no_demean,10,831,JUST,123,0.991869918699187,0.991869918699187,0.0
query_no_demean,10,832,JUST,122,0.9836065573770492,0.9836065573770492,0.0
query_no_demean,10,833,JUST,121,1.0,1.0,0.0
query_no_demean,10,834,JUST,122,0.9918032786885246,0.9836065573770492,-0.8196721311475419
query_no_demean,10,835,JUST,122,0.9918032786885246,0.9918032786885246,0.0
query_no_demean,10,836,JUST,122,0.9754098360655737,0.9754098360655737,0.0
query_no_demean,10,837,JUST,122,1.0,1.0,0.0
query_no_demean,10,838,JUST,121,0.9917355371900827,0.9917355371900827,0.0
query_no_demean,10,839,JUST,122,0.9754098360655737,0.9672131147540983,-0.8196721311475419
query_no_demean,10,840,JUST,122,1.0,0.9836065573770492,-1.6393442622950838
query_no_demean,10,841,JUST,122,0.9508196721311475,0.9508196721311475,0.0
query_no_demean,10,842,JUST,122,0.9508196721311475,0.9672131147540983,1.6393442622950838
query_no_demean,10,843,JUST,122,0.9836065573770492,0.9836065573770492,0.0
query_no_demean,10,844,MFPT,4,1.0,1.0,0.0
query_no_demean,10,988,NCEPU,2,1.0,1.0,0.0
query_no_demean,10,989,NCEPU,2,1.0,1.0,0.0
query_no_demean,10,990,NCEPU,2,1.0,1.0,0.0
query_no_demean,10,991,NCEPU,2,1.0,1.0,0.0
query_no_demean,10,992,NCEPU,2,1.0,1.0,0.0
query_no_demean,10,993,NCEPU,2,1.0,1.0,0.0
query_no_demean,10,994,NCEPU,2,1.0,1.0,0.0
query_no_demean,10,995,NCEPU,2,1.0,1.0,0.0
query_no_demean,10,996,NCEPU,2,1.0,1.0,0.0
query_no_demean,10,997,NCEPU,2,1.0,1.0,0.0
query_no_demean,10,998,NCEPU,2,1.0,1.0,0.0
query_no_demean,10,999,NCEPU,2,1.0,1.0,0.0
query_no_demean,10,1000,NCEPU,2,1.0,1.0,0.0
query_no_demean,10,1001,NCEPU,2,1.0,1.0,0.0
query_no_demean,10,1002,NCEPU,2,1.0,1.0,0.0
query_no_demean,10,1003,NCEPU,2,1.0,1.0,0.0
query_no_demean,10,1004,NCEPU,2,1.0,1.0,0.0
query_no_demean,10,1005,NCEPU,2,1.0,1.0,0.0
query_no_demean,10,1006,NCEPU,2,1.0,1.0,0.0
query_no_demean,10,1007,NCEPU,2,1.0,1.0,0.0
query_no_demean,10,1008,NCEPU,2,1.0,1.0,0.0
query_no_demean,10,1009,NCEPU,2,1.0,1.0,0.0
query_no_demean,10,1010,NCEPU,2,1.0,1.0,0.0
query_no_demean,10,1011,NCEPU,2,1.0,1.0,0.0
query_no_demean,10,1012,NCEPU,2,1.0,1.0,0.0
query_no_demean,10,1013,NCEPU,2,1.0,1.0,0.0
query_no_demean,10,1014,NCEPU,2,1.0,1.0,0.0
query_no_demean,10,1015,NCEPU,2,1.0,1.0,0.0
query_no_demean,10,1016,NCEPU,2,1.0,1.0,0.0
query_no_demean,10,1017,NCEPU,2,1.0,1.0,0.0
query_no_demean,10,1018,NCEPU,2,1.0,1.0,0.0
query_no_demean,10,1019,NCEPU,2,1.0,1.0,0.0
query_no_demean,10,1020,NCEPU,2,1.0,1.0,0.0
query_no_demean,10,1021,NCEPU,2,1.0,1.0,0.0
query_no_demean,10,1022,NCEPU,2,1.0,1.0,0.0
query_no_demean,10,1023,NCEPU,2,1.0,1.0,0.0
query_no_demean,10,1024,NCEPU,2,1.0,1.0,0.0
query_no_demean,10,1025,NCEPU,2,1.0,1.0,0.0
query_no_demean,10,1026,NCEPU,2,1.0,1.0,0.0
query_no_demean,10,1027,NCEPU,2,1.0,1.0,0.0
query_no_demean,10,1028,NCEPU,2,1.0,1.0,0.0
query_no_demean,10,1029,NCEPU,2,1.0,1.0,0.0
query_no_demean,10,1030,NCEPU,2,1.0,1.0,0.0
query_no_demean,10,1031,NCEPU,2,1.0,1.0,0.0
query_no_demean,10,1032,NCEPU,2,1.0,1.0,0.0
query_no_demean,10,1033,PU,182,0.9615384615384616,0.9615384615384616,0.0
query_no_demean,10,1034,PU,183,1.0,1.0,0.0
query_no_demean,10,1035,PU,183,0.994535519125683,0.994535519125683,0.0
query_no_demean,10,1036,PU,183,1.0,1.0,0.0
query_no_demean,10,1037,XJTU,57,0.9473684210526315,0.9298245614035088,-1.754385964912275
query_no_demean,10,1038,XJTU,56,0.9642857142857143,0.9642857142857143,0.0
query_no_demean,10,1039,XJTU,157,0.9681528662420382,0.9617834394904459,-0.6369426751592355
query_no_demean,10,1040,XJTU,156,0.9615384615384616,0.9551282051282052,-0.6410256410256387
query_no_demean,10,1041,XJTU,454,0.9845814977973568,0.986784140969163,0.22026431718061845
query_no_demean,10,1042,XJTU,454,0.9933920704845814,0.9933920704845814,0.0
query_no_demean,4,0,CWRU,1,1.0,1.0,0.0
query_no_demean,4,1,CWRU,1,1.0,1.0,0.0
query_no_demean,4,33,CWRU,1,1.0,1.0,0.0
query_no_demean,4,34,CWRU,1,1.0,1.0,0.0
query_no_demean,4,35,CWRU,1,1.0,1.0,0.0
query_no_demean,4,36,CWRU,1,1.0,1.0,0.0
query_no_demean,4,37,CWRU,1,1.0,1.0,0.0
query_no_demean,4,38,DIRG,1,1.0,1.0,0.0
query_no_demean,4,39,DIRG,1,1.0,1.0,0.0
query_no_demean,4,40,DIRG,1,1.0,1.0,0.0
query_no_demean,4,41,DIRG,1,1.0,1.0,0.0
query_no_demean,4,42,DIRG,1,1.0,1.0,0.0
query_no_demean,4,43,DIRG,1,1.0,1.0,0.0
query_no_demean,4,44,DIRG,1,1.0,1.0,0.0
query_no_demean,4,45,DIRG,1,1.0,1.0,0.0
query_no_demean,4,46,DIRG,1,1.0,1.0,0.0
query_no_demean,4,47,DIRG,1,1.0,1.0,0.0
query_no_demean,4,48,DIRG,1,1.0,1.0,0.0
query_no_demean,4,49,DIRG,1,1.0,1.0,0.0
query_no_demean,4,50,DIRG,1,1.0,1.0,0.0
query_no_demean,4,51,DIRG,1,1.0,1.0,0.0
query_no_demean,4,52,DIRG,1,1.0,1.0,0.0
query_no_demean,4,53,DIRG,1,1.0,1.0,0.0
query_no_demean,4,54,DIRG,1,1.0,1.0,0.0
query_no_demean,4,55,DIRG,1,1.0,1.0,0.0
query_no_demean,4,56,DIRG,1,1.0,1.0,0.0
query_no_demean,4,57,DIRG,1,1.0,1.0,0.0
query_no_demean,4,58,DIRG,1,1.0,1.0,0.0
query_no_demean,4,59,DIRG,1,1.0,1.0,0.0
query_no_demean,4,60,DIRG,1,1.0,1.0,0.0
query_no_demean,4,61,DIRG,1,1.0,1.0,0.0
query_no_demean,4,62,DIRG,1,1.0,1.0,0.0
query_no_demean,4,63,DIRG,1,1.0,1.0,0.0
query_no_demean,4,64,DIRG,1,1.0,1.0,0.0
query_no_demean,4,65,DIRG,1,1.0,1.0,0.0
query_no_demean,4,66,DIRG,1,1.0,1.0,0.0
query_no_demean,4,67,DIRG,1,1.0,1.0,0.0
query_no_demean,4,68,DIRG,1,1.0,1.0,0.0
query_no_demean,4,69,DIRG,1,1.0,1.0,0.0
query_no_demean,4,70,DIRG,1,1.0,1.0,0.0
query_no_demean,4,71,DIRG,1,1.0,1.0,0.0
query_no_demean,4,72,DIRG,1,1.0,1.0,0.0
query_no_demean,4,73,DIRG,1,1.0,1.0,0.0
query_no_demean,4,74,DIRG,1,1.0,1.0,0.0
query_no_demean,4,75,DIRG,1,1.0,1.0,0.0
query_no_demean,4,76,DIRG,1,1.0,1.0,0.0
query_no_demean,4,77,DIRG,1,1.0,1.0,0.0
query_no_demean,4,78,DIRG,1,1.0,1.0,0.0
query_no_demean,4,79,DIRG,1,1.0,1.0,0.0
query_no_demean,4,80,DIRG,1,1.0,1.0,0.0
query_no_demean,4,81,DIRG,1,1.0,1.0,0.0
query_no_demean,4,82,DIRG,1,1.0,1.0,0.0
query_no_demean,4,83,DIRG,1,1.0,1.0,0.0
query_no_demean,4,84,DIRG,1,1.0,1.0,0.0
query_no_demean,4,85,DIRG,1,1.0,1.0,0.0
query_no_demean,4,86,DIRG,1,1.0,1.0,0.0
query_no_demean,4,87,DIRG,1,1.0,1.0,0.0
query_no_demean,4,88,DIRG,1,1.0,1.0,0.0
query_no_demean,4,89,DIRG,1,1.0,1.0,0.0
query_no_demean,4,90,DIRG,1,1.0,1.0,0.0
query_no_demean,4,91,DIRG,1,1.0,1.0,0.0
query_no_demean,4,92,DIRG,1,1.0,1.0,0.0
query_no_demean,4,93,DIRG,1,1.0,1.0,0.0
query_no_demean,4,94,DIRG,1,1.0,1.0,0.0
query_no_demean,4,95,DIRG,1,1.0,1.0,0.0
query_no_demean,4,96,DIRG,1,1.0,1.0,0.0
query_no_demean,4,97,DIRG,1,1.0,1.0,0.0
query_no_demean,4,98,DIRG,1,1.0,1.0,0.0
query_no_demean,4,99,DIRG,1,1.0,1.0,0.0
query_no_demean,4,100,DIRG,1,1.0,1.0,0.0
query_no_demean,4,101,DIRG,1,1.0,1.0,0.0
query_no_demean,4,102,DIRG,1,1.0,1.0,0.0
query_no_demean,4,103,DIRG,1,1.0,1.0,0.0
query_no_demean,4,104,DIRG,1,1.0,1.0,0.0
query_no_demean,4,105,DIRG,1,1.0,1.0,0.0
query_no_demean,4,106,DIRG,1,1.0,1.0,0.0
query_no_demean,4,107,DIRG,1,1.0,1.0,0.0
query_no_demean,4,108,DIRG,1,1.0,1.0,0.0
query_no_demean,4,109,DIRG,1,1.0,1.0,0.0
query_no_demean,4,110,DIRG,1,1.0,1.0,0.0
query_no_demean,4,111,DIRG,1,1.0,1.0,0.0
query_no_demean,4,112,DIRG,1,1.0,1.0,0.0
query_no_demean,4,113,DIRG,1,1.0,1.0,0.0
query_no_demean,4,114,DIRG,1,1.0,1.0,0.0
query_no_demean,4,115,DIRG,1,1.0,1.0,0.0
query_no_demean,4,116,DIRG,1,1.0,1.0,0.0
query_no_demean,4,117,DIRG,1,1.0,1.0,0.0
query_no_demean,4,118,DIRG,1,1.0,1.0,0.0
query_no_demean,4,119,DIRG,1,1.0,1.0,0.0
query_no_demean,4,120,DIRG,1,1.0,1.0,0.0
query_no_demean,4,121,DIRG,1,1.0,1.0,0.0
query_no_demean,4,122,DIRG,1,1.0,1.0,0.0
query_no_demean,4,123,DIRG,1,1.0,1.0,0.0
query_no_demean,4,124,DIRG,1,1.0,1.0,0.0
query_no_demean,4,125,DIRG,1,1.0,1.0,0.0
query_no_demean,4,126,DIRG,1,1.0,1.0,0.0
query_no_demean,4,127,DIRG,1,1.0,1.0,0.0
query_no_demean,4,128,DIRG,1,1.0,1.0,0.0
query_no_demean,4,129,DIRG,1,1.0,1.0,0.0
query_no_demean,4,130,DIRG,1,1.0,1.0,0.0
query_no_demean,4,131,DIRG,1,1.0,1.0,0.0
query_no_demean,4,132,DIRG,1,1.0,1.0,0.0
query_no_demean,4,133,DIRG,1,1.0,1.0,0.0
query_no_demean,4,134,DIRG,1,1.0,1.0,0.0
query_no_demean,4,135,DIRG,1,1.0,1.0,0.0
query_no_demean,4,136,DIRG,1,1.0,1.0,0.0
query_no_demean,4,137,DIRG,1,1.0,1.0,0.0
query_no_demean,4,138,DIRG,1,1.0,1.0,0.0
query_no_demean,4,139,DIRG,1,1.0,1.0,0.0
query_no_demean,4,752,HIT,18,1.0,1.0,0.0
query_no_demean,4,753,HIT,18,1.0,1.0,0.0
query_no_demean,4,754,HIT,18,1.0,1.0,0.0
query_no_demean,4,755,HIT,18,1.0,1.0,0.0
query_no_demean,4,756,HIT,18,1.0,1.0,0.0
query_no_demean,4,757,HIT,18,1.0,1.0,0.0
query_no_demean,4,758,HIT,18,1.0,1.0,0.0
query_no_demean,4,759,HIT,18,1.0,1.0,0.0
query_no_demean,4,760,HIT,61,1.0,1.0,0.0
query_no_demean,4,761,HIT,61,1.0,1.0,0.0
query_no_demean,4,762,HIT,61,1.0,1.0,0.0
query_no_demean,4,763,HIT,61,1.0,1.0,0.0
query_no_demean,4,764,HIT,94,1.0,1.0,0.0
query_no_demean,4,765,HIT,94,0.9893617021276596,0.9893617021276596,0.0
query_no_demean,4,766,HIT,93,1.0,1.0,0.0
query_no_demean,4,767,HIT,94,1.0,1.0,0.0
query_no_demean,4,768,HIT,9,1.0,1.0,0.0
query_no_demean,4,769,HIT,9,1.0,1.0,0.0
query_no_demean,4,770,HIT,9,1.0,1.0,0.0
query_no_demean,4,771,HIT,9,1.0,1.0,0.0
query_no_demean,4,772,HIT,9,1.0,1.0,0.0
query_no_demean,4,773,HIT,9,1.0,1.0,0.0
query_no_demean,4,774,HIT,9,1.0,1.0,0.0
query_no_demean,4,775,HIT,9,1.0,1.0,0.0
query_no_demean,4,776,HIT,9,1.0,1.0,0.0
query_no_demean,4,777,HIT,9,1.0,1.0,0.0
query_no_demean,4,778,HIT,9,1.0,1.0,0.0
query_no_demean,4,779,HIT,9,1.0,1.0,0.0
query_no_demean,4,780,HIT,9,1.0,1.0,0.0
query_no_demean,4,781,HIT,9,1.0,1.0,0.0
query_no_demean,4,782,HIT,9,1.0,1.0,0.0
query_no_demean,4,783,HIT,9,1.0,1.0,0.0
query_no_demean,4,784,HIT,7,1.0,1.0,0.0
query_no_demean,4,785,HIT,7,1.0,1.0,0.0
query_no_demean,4,786,HIT,7,1.0,1.0,0.0
query_no_demean,4,787,HIT,8,1.0,1.0,0.0
query_no_demean,4,788,HIT,7,1.0,1.0,0.0
query_no_demean,4,789,HIT,7,1.0,1.0,0.0
query_no_demean,4,790,HIT,7,1.0,1.0,0.0
query_no_demean,4,791,HIT,7,1.0,1.0,0.0
query_no_demean,4,792,IMS,216,1.0,1.0,0.0
query_no_demean,4,793,IMS,216,1.0,1.0,0.0
query_no_demean,4,794,IMS,215,1.0,1.0,0.0
query_no_demean,4,795,IMS,216,1.0,1.0,0.0
query_no_demean,4,796,IMS,215,0.9953488372093023,0.9953488372093023,0.0
query_no_demean,4,797,IMS,216,0.9814814814814815,0.9814814814814815,0.0
query_no_demean,4,798,IMS,216,0.9953703703703703,0.9953703703703703,0.0
query_no_demean,4,799,IMS,215,1.0,1.0,0.0
query_no_demean,4,800,IMS,99,0.9595959595959596,0.9595959595959596,0.0
query_no_demean,4,801,IMS,98,0.9897959183673469,1.0,1.0204081632653073
query_no_demean,4,802,IMS,98,1.0,1.0,0.0
query_no_demean,4,803,IMS,99,0.98989898989899,0.98989898989899,0.0
query_no_demean,4,804,IMS,632,0.9984177215189873,0.9984177215189873,0.0
query_no_demean,4,805,IMS,633,0.9968404423380727,0.9968404423380727,0.0
query_no_demean,4,806,IMS,632,1.0,1.0,0.0
query_no_demean,4,807,IMS,632,1.0,1.0,0.0
query_no_demean,4,808,JUST,123,1.0,1.0,0.0
query_no_demean,4,809,JUST,124,1.0,1.0,0.0
query_no_demean,4,810,JUST,123,0.975609756097561,0.975609756097561,0.0
query_no_demean,4,811,JUST,123,0.9349593495934959,0.926829268292683,-0.8130081300812941
query_no_demean,4,812,JUST,123,0.9349593495934959,0.943089430894309,0.8130081300813052
query_no_demean,4,813,JUST,123,0.991869918699187,0.991869918699187,0.0
query_no_demean,4,814,JUST,122,0.9836065573770492,0.9836065573770492,0.0
query_no_demean,4,815,JUST,122,1.0,1.0,0.0
query_no_demean,4,816,JUST,122,0.9672131147540983,0.9672131147540983,0.0
query_no_demean,4,817,JUST,122,0.9918032786885246,1.0,0.8196721311475419
query_no_demean,4,818,JUST,122,0.9836065573770492,0.9590163934426229,-2.4590163934426257
query_no_demean,4,819,JUST,123,1.0,1.0,0.0
query_no_demean,4,820,JUST,121,0.9917355371900827,0.9917355371900827,0.0
query_no_demean,4,821,JUST,122,1.0,1.0,0.0
query_no_demean,4,822,JUST,121,1.0,1.0,0.0
query_no_demean,4,823,JUST,122,0.9180327868852459,0.9180327868852459,0.0
query_no_demean,4,824,JUST,121,0.9421487603305785,0.9504132231404959,0.8264462809917439
query_no_demean,4,825,JUST,122,1.0,0.9918032786885246,-0.8196721311475419
query_no_demean,4,826,JUST,122,0.9918032786885246,0.9836065573770492,-0.8196721311475419
query_no_demean,4,827,JUST,123,1.0,1.0,0.0
query_no_demean,4,828,JUST,123,1.0,1.0,0.0
query_no_demean,4,829,JUST,122,0.9836065573770492,0.9672131147540983,-1.6393442622950838
query_no_demean,4,830,JUST,123,0.943089430894309,0.943089430894309,0.0
query_no_demean,4,831,JUST,123,0.991869918699187,0.991869918699187,0.0
query_no_demean,4,832,JUST,122,0.9836065573770492,0.9836065573770492,0.0
query_no_demean,4,833,JUST,121,1.0,1.0,0.0
query_no_demean,4,834,JUST,122,0.9918032786885246,0.9836065573770492,-0.8196721311475419
query_no_demean,4,835,JUST,122,0.9918032786885246,0.9918032786885246,0.0
query_no_demean,4,836,JUST,122,0.9754098360655737,0.9754098360655737,0.0
query_no_demean,4,837,JUST,122,1.0,1.0,0.0
query_no_demean,4,838,JUST,121,0.9917355371900827,0.9917355371900827,0.0
query_no_demean,4,839,JUST,122,0.9754098360655737,0.9672131147540983,-0.8196721311475419
query_no_demean,4,840,JUST,122,1.0,0.9836065573770492,-1.6393442622950838
query_no_demean,4,841,JUST,122,0.9508196721311475,0.9508196721311475,0.0
query_no_demean,4,842,JUST,122,0.9508196721311475,0.9672131147540983,1.6393442622950838
query_no_demean,4,843,JUST,122,0.9836065573770492,0.9836065573770492,0.0
query_no_demean,4,844,MFPT,4,1.0,1.0,0.0
query_no_demean,4,988,NCEPU,2,1.0,1.0,0.0
query_no_demean,4,989,NCEPU,2,1.0,1.0,0.0
query_no_demean,4,990,NCEPU,2,1.0,1.0,0.0
query_no_demean,4,991,NCEPU,2,1.0,1.0,0.0
query_no_demean,4,992,NCEPU,2,1.0,1.0,0.0
query_no_demean,4,993,NCEPU,2,1.0,1.0,0.0
query_no_demean,4,994,NCEPU,2,1.0,1.0,0.0
query_no_demean,4,995,NCEPU,2,1.0,1.0,0.0
query_no_demean,4,996,NCEPU,2,1.0,1.0,0.0
query_no_demean,4,997,NCEPU,2,1.0,1.0,0.0
query_no_demean,4,998,NCEPU,2,1.0,1.0,0.0
query_no_demean,4,999,NCEPU,2,1.0,1.0,0.0
query_no_demean,4,1000,NCEPU,2,1.0,1.0,0.0
query_no_demean,4,1001,NCEPU,2,1.0,1.0,0.0
query_no_demean,4,1002,NCEPU,2,1.0,1.0,0.0
query_no_demean,4,1003,NCEPU,2,1.0,1.0,0.0
query_no_demean,4,1004,NCEPU,2,1.0,1.0,0.0
query_no_demean,4,1005,NCEPU,2,1.0,1.0,0.0
query_no_demean,4,1006,NCEPU,2,1.0,1.0,0.0
query_no_demean,4,1007,NCEPU,2,1.0,1.0,0.0
query_no_demean,4,1008,NCEPU,2,1.0,1.0,0.0
query_no_demean,4,1009,NCEPU,2,1.0,1.0,0.0
query_no_demean,4,1010,NCEPU,2,1.0,1.0,0.0
query_no_demean,4,1011,NCEPU,2,1.0,1.0,0.0
query_no_demean,4,1012,NCEPU,2,1.0,1.0,0.0
query_no_demean,4,1013,NCEPU,2,1.0,1.0,0.0
query_no_demean,4,1014,NCEPU,2,1.0,1.0,0.0
query_no_demean,4,1015,NCEPU,2,1.0,1.0,0.0
query_no_demean,4,1016,NCEPU,2,1.0,1.0,0.0
query_no_demean,4,1017,NCEPU,2,1.0,1.0,0.0
query_no_demean,4,1018,NCEPU,2,1.0,1.0,0.0
query_no_demean,4,1019,NCEPU,2,1.0,1.0,0.0
query_no_demean,4,1020,NCEPU,2,1.0,1.0,0.0
query_no_demean,4,1021,NCEPU,2,1.0,1.0,0.0
query_no_demean,4,1022,NCEPU,2,1.0,1.0,0.0
query_no_demean,4,1023,NCEPU,2,1.0,1.0,0.0
query_no_demean,4,1024,NCEPU,2,1.0,1.0,0.0
query_no_demean,4,1025,NCEPU,2,1.0,1.0,0.0
query_no_demean,4,1026,NCEPU,2,1.0,1.0,0.0
query_no_demean,4,1027,NCEPU,2,1.0,1.0,0.0
query_no_demean,4,1028,NCEPU,2,1.0,1.0,0.0
query_no_demean,4,1029,NCEPU,2,1.0,1.0,0.0
query_no_demean,4,1030,NCEPU,2,1.0,1.0,0.0
query_no_demean,4,1031,NCEPU,2,1.0,1.0,0.0
query_no_demean,4,1032,NCEPU,2,1.0,1.0,0.0
query_no_demean,4,1033,PU,182,0.9615384615384616,0.9615384615384616,0.0
query_no_demean,4,1034,PU,183,1.0,1.0,0.0
query_no_demean,4,1035,PU,183,0.994535519125683,0.994535519125683,0.0
query_no_demean,4,1036,PU,183,1.0,1.0,0.0
query_no_demean,4,1037,XJTU,57,0.9824561403508771,0.9649122807017544,-1.754385964912275
query_no_demean,4,1038,XJTU,56,0.9642857142857143,0.9642857142857143,0.0
query_no_demean,4,1039,XJTU,157,0.9872611464968153,0.9872611464968153,0.0
query_no_demean,4,1040,XJTU,156,0.9871794871794872,0.9871794871794872,0.0
query_no_demean,4,1041,XJTU,454,0.9955947136563876,0.9955947136563876,0.0
query_no_demean,4,1042,XJTU,454,1.0,1.0,0.0
v0,10,0,CWRU,1,1.0,1.0,0.0
v0,10,1,CWRU,1,1.0,1.0,0.0
v0,10,33,CWRU,1,1.0,1.0,0.0
v0,10,34,CWRU,1,1.0,1.0,0.0
v0,10,35,CWRU,1,1.0,1.0,0.0
v0,10,36,CWRU,1,1.0,1.0,0.0
v0,10,37,CWRU,1,1.0,1.0,0.0
v0,10,38,DIRG,1,1.0,1.0,0.0
v0,10,39,DIRG,1,1.0,1.0,0.0
v0,10,40,DIRG,1,1.0,1.0,0.0
v0,10,41,DIRG,1,1.0,1.0,0.0
v0,10,42,DIRG,1,1.0,1.0,0.0
v0,10,43,DIRG,1,1.0,1.0,0.0
v0,10,44,DIRG,1,1.0,1.0,0.0
v0,10,45,DIRG,1,1.0,1.0,0.0
v0,10,46,DIRG,1,1.0,1.0,0.0
v0,10,47,DIRG,1,1.0,1.0,0.0
v0,10,48,DIRG,1,1.0,1.0,0.0
v0,10,49,DIRG,1,1.0,1.0,0.0
v0,10,50,DIRG,1,1.0,1.0,0.0
v0,10,51,DIRG,1,1.0,1.0,0.0
v0,10,52,DIRG,1,1.0,1.0,0.0
v0,10,53,DIRG,1,1.0,1.0,0.0
v0,10,54,DIRG,1,1.0,1.0,0.0
v0,10,55,DIRG,1,1.0,1.0,0.0
v0,10,56,DIRG,1,1.0,1.0,0.0
v0,10,57,DIRG,1,1.0,1.0,0.0
v0,10,58,DIRG,1,1.0,1.0,0.0
v0,10,59,DIRG,1,1.0,1.0,0.0
v0,10,60,DIRG,1,1.0,1.0,0.0
v0,10,61,DIRG,1,1.0,1.0,0.0
v0,10,62,DIRG,1,1.0,1.0,0.0
v0,10,63,DIRG,1,1.0,1.0,0.0
v0,10,64,DIRG,1,1.0,1.0,0.0
v0,10,65,DIRG,1,1.0,1.0,0.0
v0,10,66,DIRG,1,1.0,1.0,0.0
v0,10,67,DIRG,1,1.0,1.0,0.0
v0,10,68,DIRG,1,1.0,1.0,0.0
v0,10,69,DIRG,1,1.0,1.0,0.0
v0,10,70,DIRG,1,1.0,1.0,0.0
v0,10,71,DIRG,1,1.0,1.0,0.0
v0,10,72,DIRG,1,1.0,1.0,0.0
v0,10,73,DIRG,1,1.0,1.0,0.0
v0,10,74,DIRG,1,1.0,1.0,0.0
v0,10,75,DIRG,1,1.0,1.0,0.0
v0,10,76,DIRG,1,1.0,1.0,0.0
v0,10,77,DIRG,1,1.0,1.0,0.0
v0,10,78,DIRG,1,1.0,1.0,0.0
v0,10,79,DIRG,1,1.0,1.0,0.0
v0,10,80,DIRG,1,1.0,1.0,0.0
v0,10,81,DIRG,1,1.0,1.0,0.0
v0,10,82,DIRG,1,1.0,1.0,0.0
v0,10,83,DIRG,1,1.0,1.0,0.0
v0,10,84,DIRG,1,1.0,1.0,0.0
v0,10,85,DIRG,1,1.0,1.0,0.0
v0,10,86,DIRG,1,1.0,1.0,0.0
v0,10,87,DIRG,1,1.0,1.0,0.0
v0,10,88,DIRG,1,1.0,1.0,0.0
v0,10,89,DIRG,1,1.0,1.0,0.0
v0,10,90,DIRG,1,1.0,1.0,0.0
v0,10,91,DIRG,1,1.0,1.0,0.0
v0,10,92,DIRG,1,1.0,1.0,0.0
v0,10,93,DIRG,1,1.0,1.0,0.0
v0,10,94,DIRG,1,1.0,1.0,0.0
v0,10,95,DIRG,1,1.0,1.0,0.0
v0,10,96,DIRG,1,1.0,1.0,0.0
v0,10,97,DIRG,1,1.0,1.0,0.0
v0,10,98,DIRG,1,1.0,1.0,0.0
v0,10,99,DIRG,1,1.0,1.0,0.0
v0,10,100,DIRG,1,1.0,1.0,0.0
v0,10,101,DIRG,1,1.0,1.0,0.0
v0,10,102,DIRG,1,1.0,1.0,0.0
v0,10,103,DIRG,1,1.0,1.0,0.0
v0,10,104,DIRG,1,1.0,1.0,0.0
v0,10,105,DIRG,1,1.0,1.0,0.0
v0,10,106,DIRG,1,1.0,1.0,0.0
v0,10,107,DIRG,1,1.0,1.0,0.0
v0,10,108,DIRG,1,1.0,1.0,0.0
v0,10,109,DIRG,1,1.0,1.0,0.0
v0,10,110,DIRG,1,1.0,1.0,0.0
v0,10,111,DIRG,1,1.0,1.0,0.0
v0,10,112,DIRG,1,1.0,1.0,0.0
v0,10,113,DIRG,1,1.0,1.0,0.0
v0,10,114,DIRG,1,1.0,1.0,0.0
v0,10,115,DIRG,1,1.0,1.0,0.0
v0,10,116,DIRG,1,1.0,1.0,0.0
v0,10,117,DIRG,1,1.0,1.0,0.0
v0,10,118,DIRG,1,1.0,1.0,0.0
v0,10,119,DIRG,1,1.0,1.0,0.0
v0,10,120,DIRG,1,1.0,1.0,0.0
v0,10,121,DIRG,1,1.0,1.0,0.0
v0,10,122,DIRG,1,1.0,1.0,0.0
v0,10,123,DIRG,1,1.0,1.0,0.0
v0,10,124,DIRG,1,1.0,1.0,0.0
v0,10,125,DIRG,1,1.0,1.0,0.0
v0,10,126,DIRG,1,1.0,1.0,0.0
v0,10,127,DIRG,1,1.0,1.0,0.0
v0,10,128,DIRG,1,1.0,1.0,0.0
v0,10,129,DIRG,1,1.0,1.0,0.0
v0,10,130,DIRG,1,1.0,1.0,0.0
v0,10,131,DIRG,1,1.0,1.0,0.0
v0,10,132,DIRG,1,1.0,1.0,0.0
v0,10,133,DIRG,1,1.0,1.0,0.0
v0,10,134,DIRG,1,1.0,1.0,0.0
v0,10,135,DIRG,1,1.0,1.0,0.0
v0,10,136,DIRG,1,1.0,1.0,0.0
v0,10,137,DIRG,1,1.0,1.0,0.0
v0,10,138,DIRG,1,1.0,1.0,0.0
v0,10,139,DIRG,1,1.0,1.0,0.0
v0,10,752,HIT,18,1.0,1.0,0.0
v0,10,753,HIT,18,1.0,1.0,0.0
v0,10,754,HIT,18,1.0,1.0,0.0
v0,10,755,HIT,18,1.0,1.0,0.0
v0,10,756,HIT,18,1.0,1.0,0.0
v0,10,757,HIT,18,1.0,1.0,0.0
v0,10,758,HIT,18,1.0,1.0,0.0
v0,10,759,HIT,18,1.0,1.0,0.0
v0,10,760,HIT,61,1.0,1.0,0.0
v0,10,761,HIT,61,1.0,1.0,0.0
v0,10,762,HIT,61,1.0,1.0,0.0
v0,10,763,HIT,61,1.0,1.0,0.0
v0,10,764,HIT,94,1.0,1.0,0.0
v0,10,765,HIT,94,0.9893617021276596,0.9893617021276596,0.0
v0,10,766,HIT,93,1.0,1.0,0.0
v0,10,767,HIT,94,1.0,0.9893617021276596,-1.0638297872340385
v0,10,768,HIT,9,1.0,1.0,0.0
v0,10,769,HIT,9,1.0,1.0,0.0
v0,10,770,HIT,9,1.0,1.0,0.0
v0,10,771,HIT,9,1.0,1.0,0.0
v0,10,772,HIT,9,1.0,1.0,0.0
v0,10,773,HIT,9,1.0,1.0,0.0
v0,10,774,HIT,9,1.0,1.0,0.0
v0,10,775,HIT,9,1.0,1.0,0.0
v0,10,776,HIT,9,1.0,1.0,0.0
v0,10,777,HIT,9,1.0,1.0,0.0
v0,10,778,HIT,9,1.0,1.0,0.0
v0,10,779,HIT,9,1.0,1.0,0.0
v0,10,780,HIT,9,1.0,1.0,0.0
v0,10,781,HIT,9,1.0,1.0,0.0
v0,10,782,HIT,9,1.0,1.0,0.0
v0,10,783,HIT,9,1.0,1.0,0.0
v0,10,784,HIT,7,1.0,1.0,0.0
v0,10,785,HIT,7,1.0,1.0,0.0
v0,10,786,HIT,7,1.0,1.0,0.0
v0,10,787,HIT,8,1.0,1.0,0.0
v0,10,788,HIT,7,1.0,1.0,0.0
v0,10,789,HIT,7,1.0,1.0,0.0
v0,10,790,HIT,7,1.0,1.0,0.0
v0,10,791,HIT,7,1.0,1.0,0.0
v0,10,792,IMS,216,1.0,1.0,0.0
v0,10,793,IMS,216,1.0,1.0,0.0
v0,10,794,IMS,215,1.0,1.0,0.0
v0,10,795,IMS,216,1.0,1.0,0.0
v0,10,796,IMS,215,0.9953488372093023,0.9953488372093023,0.0
v0,10,797,IMS,216,0.9814814814814815,0.9861111111111112,0.462962962962965
v0,10,798,IMS,216,0.9907407407407407,0.9907407407407407,0.0
v0,10,799,IMS,215,1.0,1.0,0.0
v0,10,800,IMS,99,0.9393939393939394,0.9393939393939394,0.0
v0,10,801,IMS,98,0.9897959183673469,1.0,1.0204081632653073
v0,10,802,IMS,98,1.0,1.0,0.0
v0,10,803,IMS,99,0.98989898989899,0.98989898989899,0.0
v0,10,804,IMS,632,0.9968354430379747,0.9968354430379747,0.0
v0,10,805,IMS,633,0.9968404423380727,0.9968404423380727,0.0
v0,10,806,IMS,632,0.9984177215189873,0.9984177215189873,0.0
v0,10,807,IMS,632,0.9984177215189873,0.9984177215189873,0.0
v0,10,808,JUST,123,1.0,1.0,0.0
v0,10,809,JUST,124,1.0,1.0,0.0
v0,10,810,JUST,123,0.975609756097561,0.975609756097561,0.0
v0,10,811,JUST,123,0.9349593495934959,0.9349593495934959,0.0
v0,10,812,JUST,123,0.9349593495934959,0.926829268292683,-0.8130081300812941
v0,10,813,JUST,123,0.991869918699187,0.983739837398374,-0.8130081300812941
v0,10,814,JUST,122,0.9836065573770492,0.9836065573770492,0.0
v0,10,815,JUST,122,1.0,0.9918032786885246,-0.8196721311475419
v0,10,816,JUST,122,0.9672131147540983,0.9672131147540983,0.0
v0,10,817,JUST,122,0.9918032786885246,1.0,0.8196721311475419
v0,10,818,JUST,122,0.9836065573770492,0.9836065573770492,0.0
v0,10,819,JUST,123,1.0,1.0,0.0
v0,10,820,JUST,121,0.9917355371900827,0.9917355371900827,0.0
v0,10,821,JUST,122,1.0,1.0,0.0
v0,10,822,JUST,121,1.0,0.9917355371900827,-0.8264462809917328
v0,10,823,JUST,122,0.9180327868852459,0.9344262295081968,1.6393442622950838
v0,10,824,JUST,121,0.9421487603305785,0.9669421487603306,2.4793388429752095
v0,10,825,JUST,122,1.0,0.9918032786885246,-0.8196721311475419
v0,10,826,JUST,122,0.9918032786885246,0.9918032786885246,0.0
v0,10,827,JUST,123,1.0,1.0,0.0
v0,10,828,JUST,123,1.0,1.0,0.0
v0,10,829,JUST,122,0.9836065573770492,0.9754098360655737,-0.8196721311475419
v0,10,830,JUST,123,0.943089430894309,0.9512195121951219,0.8130081300812941
v0,10,831,JUST,123,0.991869918699187,0.991869918699187,0.0
v0,10,832,JUST,122,0.9836065573770492,0.9836065573770492,0.0
v0,10,833,JUST,121,1.0,1.0,0.0
v0,10,834,JUST,122,0.9918032786885246,0.9918032786885246,0.0
v0,10,835,JUST,122,0.9918032786885246,0.9918032786885246,0.0
v0,10,836,JUST,122,0.9754098360655737,0.9672131147540983,-0.8196721311475419
v0,10,837,JUST,122,1.0,1.0,0.0
v0,10,838,JUST,121,0.9917355371900827,0.9917355371900827,0.0
v0,10,839,JUST,122,0.9754098360655737,0.9590163934426229,-1.6393442622950838
v0,10,840,JUST,122,1.0,0.9918032786885246,-0.8196721311475419
v0,10,841,JUST,122,0.9508196721311475,0.9672131147540983,1.6393442622950838
v0,10,842,JUST,122,0.9508196721311475,0.9590163934426229,0.8196721311475419
v0,10,843,JUST,122,0.9836065573770492,0.9754098360655737,-0.8196721311475419
v0,10,844,MFPT,4,1.0,1.0,0.0
v0,10,988,NCEPU,2,1.0,1.0,0.0
v0,10,989,NCEPU,2,1.0,1.0,0.0
v0,10,990,NCEPU,2,1.0,1.0,0.0
v0,10,991,NCEPU,2,1.0,1.0,0.0
v0,10,992,NCEPU,2,1.0,1.0,0.0
v0,10,993,NCEPU,2,1.0,1.0,0.0
v0,10,994,NCEPU,2,1.0,1.0,0.0
v0,10,995,NCEPU,2,1.0,1.0,0.0
v0,10,996,NCEPU,2,1.0,1.0,0.0
v0,10,997,NCEPU,2,1.0,1.0,0.0
v0,10,998,NCEPU,2,1.0,1.0,0.0
v0,10,999,NCEPU,2,1.0,1.0,0.0
v0,10,1000,NCEPU,2,1.0,1.0,0.0
v0,10,1001,NCEPU,2,1.0,1.0,0.0
v0,10,1002,NCEPU,2,1.0,1.0,0.0
v0,10,1003,NCEPU,2,1.0,1.0,0.0
v0,10,1004,NCEPU,2,1.0,1.0,0.0
v0,10,1005,NCEPU,2,1.0,1.0,0.0
v0,10,1006,NCEPU,2,1.0,1.0,0.0
v0,10,1007,NCEPU,2,1.0,1.0,0.0
v0,10,1008,NCEPU,2,1.0,1.0,0.0
v0,10,1009,NCEPU,2,1.0,1.0,0.0
v0,10,1010,NCEPU,2,1.0,1.0,0.0
v0,10,1011,NCEPU,2,1.0,1.0,0.0
v0,10,1012,NCEPU,2,1.0,1.0,0.0
v0,10,1013,NCEPU,2,1.0,1.0,0.0
v0,10,1014,NCEPU,2,1.0,1.0,0.0
v0,10,1015,NCEPU,2,1.0,1.0,0.0
v0,10,1016,NCEPU,2,1.0,1.0,0.0
v0,10,1017,NCEPU,2,1.0,1.0,0.0
v0,10,1018,NCEPU,2,1.0,1.0,0.0
v0,10,1019,NCEPU,2,1.0,1.0,0.0
v0,10,1020,NCEPU,2,1.0,1.0,0.0
v0,10,1021,NCEPU,2,1.0,1.0,0.0
v0,10,1022,NCEPU,2,1.0,1.0,0.0
v0,10,1023,NCEPU,2,1.0,1.0,0.0
v0,10,1024,NCEPU,2,1.0,1.0,0.0
v0,10,1025,NCEPU,2,1.0,1.0,0.0
v0,10,1026,NCEPU,2,1.0,1.0,0.0
v0,10,1027,NCEPU,2,1.0,1.0,0.0
v0,10,1028,NCEPU,2,1.0,1.0,0.0
v0,10,1029,NCEPU,2,1.0,1.0,0.0
v0,10,1030,NCEPU,2,1.0,1.0,0.0
v0,10,1031,NCEPU,2,1.0,1.0,0.0
v0,10,1032,NCEPU,2,1.0,1.0,0.0
v0,10,1033,PU,182,0.9615384615384616,0.9615384615384616,0.0
v0,10,1034,PU,183,1.0,1.0,0.0
v0,10,1035,PU,183,0.994535519125683,0.994535519125683,0.0
v0,10,1036,PU,183,1.0,1.0,0.0
v0,10,1037,XJTU,57,0.9473684210526315,0.9298245614035088,-1.754385964912275
v0,10,1038,XJTU,56,0.9642857142857143,0.9642857142857143,0.0
v0,10,1039,XJTU,157,0.9681528662420382,0.9681528662420382,0.0
v0,10,1040,XJTU,156,0.9615384615384616,0.967948717948718,0.6410256410256387
v0,10,1041,XJTU,454,0.9845814977973568,0.9823788546255506,-0.22026431718061845
v0,10,1042,XJTU,454,0.9933920704845814,0.9933920704845814,0.0
v0,4,0,CWRU,1,1.0,1.0,0.0
v0,4,1,CWRU,1,1.0,1.0,0.0
v0,4,33,CWRU,1,1.0,1.0,0.0
v0,4,34,CWRU,1,1.0,1.0,0.0
v0,4,35,CWRU,1,1.0,1.0,0.0
v0,4,36,CWRU,1,1.0,1.0,0.0
v0,4,37,CWRU,1,1.0,1.0,0.0
v0,4,38,DIRG,1,1.0,1.0,0.0
v0,4,39,DIRG,1,1.0,1.0,0.0
v0,4,40,DIRG,1,1.0,1.0,0.0
v0,4,41,DIRG,1,1.0,1.0,0.0
v0,4,42,DIRG,1,1.0,1.0,0.0
v0,4,43,DIRG,1,1.0,1.0,0.0
v0,4,44,DIRG,1,1.0,1.0,0.0
v0,4,45,DIRG,1,1.0,1.0,0.0
v0,4,46,DIRG,1,1.0,1.0,0.0
v0,4,47,DIRG,1,1.0,1.0,0.0
v0,4,48,DIRG,1,1.0,1.0,0.0
v0,4,49,DIRG,1,1.0,1.0,0.0
v0,4,50,DIRG,1,1.0,1.0,0.0
v0,4,51,DIRG,1,1.0,1.0,0.0
v0,4,52,DIRG,1,1.0,1.0,0.0
v0,4,53,DIRG,1,1.0,1.0,0.0
v0,4,54,DIRG,1,1.0,1.0,0.0
v0,4,55,DIRG,1,1.0,1.0,0.0
v0,4,56,DIRG,1,1.0,1.0,0.0
v0,4,57,DIRG,1,1.0,1.0,0.0
v0,4,58,DIRG,1,1.0,1.0,0.0
v0,4,59,DIRG,1,1.0,1.0,0.0
v0,4,60,DIRG,1,1.0,1.0,0.0
v0,4,61,DIRG,1,1.0,1.0,0.0
v0,4,62,DIRG,1,1.0,1.0,0.0
v0,4,63,DIRG,1,1.0,1.0,0.0
v0,4,64,DIRG,1,1.0,1.0,0.0
v0,4,65,DIRG,1,1.0,1.0,0.0
v0,4,66,DIRG,1,1.0,1.0,0.0
v0,4,67,DIRG,1,1.0,1.0,0.0
v0,4,68,DIRG,1,1.0,1.0,0.0
v0,4,69,DIRG,1,1.0,1.0,0.0
v0,4,70,DIRG,1,1.0,1.0,0.0
v0,4,71,DIRG,1,1.0,1.0,0.0
v0,4,72,DIRG,1,1.0,1.0,0.0
v0,4,73,DIRG,1,1.0,1.0,0.0
v0,4,74,DIRG,1,1.0,1.0,0.0
v0,4,75,DIRG,1,1.0,1.0,0.0
v0,4,76,DIRG,1,1.0,1.0,0.0
v0,4,77,DIRG,1,1.0,1.0,0.0
v0,4,78,DIRG,1,1.0,1.0,0.0
v0,4,79,DIRG,1,1.0,1.0,0.0
v0,4,80,DIRG,1,1.0,1.0,0.0
v0,4,81,DIRG,1,1.0,1.0,0.0
v0,4,82,DIRG,1,1.0,1.0,0.0
v0,4,83,DIRG,1,1.0,1.0,0.0
v0,4,84,DIRG,1,1.0,1.0,0.0
v0,4,85,DIRG,1,1.0,1.0,0.0
v0,4,86,DIRG,1,1.0,1.0,0.0
v0,4,87,DIRG,1,1.0,1.0,0.0
v0,4,88,DIRG,1,1.0,1.0,0.0
v0,4,89,DIRG,1,1.0,1.0,0.0
v0,4,90,DIRG,1,1.0,1.0,0.0
v0,4,91,DIRG,1,1.0,1.0,0.0
v0,4,92,DIRG,1,1.0,1.0,0.0
v0,4,93,DIRG,1,1.0,1.0,0.0
v0,4,94,DIRG,1,1.0,1.0,0.0
v0,4,95,DIRG,1,1.0,1.0,0.0
v0,4,96,DIRG,1,1.0,1.0,0.0
v0,4,97,DIRG,1,1.0,1.0,0.0
v0,4,98,DIRG,1,1.0,1.0,0.0
v0,4,99,DIRG,1,1.0,1.0,0.0
v0,4,100,DIRG,1,1.0,1.0,0.0
v0,4,101,DIRG,1,1.0,1.0,0.0
v0,4,102,DIRG,1,1.0,1.0,0.0
v0,4,103,DIRG,1,1.0,1.0,0.0
v0,4,104,DIRG,1,1.0,1.0,0.0
v0,4,105,DIRG,1,1.0,1.0,0.0
v0,4,106,DIRG,1,1.0,1.0,0.0
v0,4,107,DIRG,1,1.0,1.0,0.0
v0,4,108,DIRG,1,1.0,1.0,0.0
v0,4,109,DIRG,1,1.0,1.0,0.0
v0,4,110,DIRG,1,1.0,1.0,0.0
v0,4,111,DIRG,1,1.0,1.0,0.0
v0,4,112,DIRG,1,1.0,1.0,0.0
v0,4,113,DIRG,1,1.0,1.0,0.0
v0,4,114,DIRG,1,1.0,1.0,0.0
v0,4,115,DIRG,1,1.0,1.0,0.0
v0,4,116,DIRG,1,1.0,1.0,0.0
v0,4,117,DIRG,1,1.0,1.0,0.0
v0,4,118,DIRG,1,1.0,1.0,0.0
v0,4,119,DIRG,1,1.0,1.0,0.0
v0,4,120,DIRG,1,1.0,1.0,0.0
v0,4,121,DIRG,1,1.0,1.0,0.0
v0,4,122,DIRG,1,1.0,1.0,0.0
v0,4,123,DIRG,1,1.0,1.0,0.0
v0,4,124,DIRG,1,1.0,1.0,0.0
v0,4,125,DIRG,1,1.0,1.0,0.0
v0,4,126,DIRG,1,1.0,1.0,0.0
v0,4,127,DIRG,1,1.0,1.0,0.0
v0,4,128,DIRG,1,1.0,1.0,0.0
v0,4,129,DIRG,1,1.0,1.0,0.0
v0,4,130,DIRG,1,1.0,1.0,0.0
v0,4,131,DIRG,1,1.0,1.0,0.0
v0,4,132,DIRG,1,1.0,1.0,0.0
v0,4,133,DIRG,1,1.0,1.0,0.0
v0,4,134,DIRG,1,1.0,1.0,0.0
v0,4,135,DIRG,1,1.0,1.0,0.0
v0,4,136,DIRG,1,1.0,1.0,0.0
v0,4,137,DIRG,1,1.0,1.0,0.0
v0,4,138,DIRG,1,1.0,1.0,0.0
v0,4,139,DIRG,1,1.0,1.0,0.0
v0,4,752,HIT,18,1.0,1.0,0.0
v0,4,753,HIT,18,1.0,1.0,0.0
v0,4,754,HIT,18,1.0,1.0,0.0
v0,4,755,HIT,18,1.0,1.0,0.0
v0,4,756,HIT,18,1.0,1.0,0.0
v0,4,757,HIT,18,1.0,1.0,0.0
v0,4,758,HIT,18,1.0,1.0,0.0
v0,4,759,HIT,18,1.0,1.0,0.0
v0,4,760,HIT,61,1.0,1.0,0.0
v0,4,761,HIT,61,1.0,1.0,0.0
v0,4,762,HIT,61,1.0,1.0,0.0
v0,4,763,HIT,61,1.0,1.0,0.0
v0,4,764,HIT,94,1.0,1.0,0.0
v0,4,765,HIT,94,0.9893617021276596,0.9893617021276596,0.0
v0,4,766,HIT,93,1.0,1.0,0.0
v0,4,767,HIT,94,1.0,0.9893617021276596,-1.0638297872340385
v0,4,768,HIT,9,1.0,1.0,0.0
v0,4,769,HIT,9,1.0,1.0,0.0
v0,4,770,HIT,9,1.0,1.0,0.0
v0,4,771,HIT,9,1.0,1.0,0.0
v0,4,772,HIT,9,1.0,1.0,0.0
v0,4,773,HIT,9,1.0,1.0,0.0
v0,4,774,HIT,9,1.0,1.0,0.0
v0,4,775,HIT,9,1.0,1.0,0.0
v0,4,776,HIT,9,1.0,1.0,0.0
v0,4,777,HIT,9,1.0,1.0,0.0
v0,4,778,HIT,9,1.0,1.0,0.0
v0,4,779,HIT,9,1.0,1.0,0.0
v0,4,780,HIT,9,1.0,1.0,0.0
v0,4,781,HIT,9,1.0,1.0,0.0
v0,4,782,HIT,9,1.0,1.0,0.0
v0,4,783,HIT,9,1.0,1.0,0.0
v0,4,784,HIT,7,1.0,1.0,0.0
v0,4,785,HIT,7,1.0,1.0,0.0
v0,4,786,HIT,7,1.0,1.0,0.0
v0,4,787,HIT,8,1.0,1.0,0.0
v0,4,788,HIT,7,1.0,1.0,0.0
v0,4,789,HIT,7,1.0,1.0,0.0
v0,4,790,HIT,7,1.0,1.0,0.0
v0,4,791,HIT,7,1.0,1.0,0.0
v0,4,792,IMS,216,1.0,1.0,0.0
v0,4,793,IMS,216,1.0,1.0,0.0
v0,4,794,IMS,215,1.0,1.0,0.0
v0,4,795,IMS,216,1.0,1.0,0.0
v0,4,796,IMS,215,0.9953488372093023,0.9953488372093023,0.0
v0,4,797,IMS,216,0.9814814814814815,0.9861111111111112,0.462962962962965
v0,4,798,IMS,216,0.9953703703703703,0.9953703703703703,0.0
v0,4,799,IMS,215,1.0,1.0,0.0
v0,4,800,IMS,99,0.9595959595959596,0.9595959595959596,0.0
v0,4,801,IMS,98,0.9897959183673469,1.0,1.0204081632653073
v0,4,802,IMS,98,1.0,1.0,0.0
v0,4,803,IMS,99,0.98989898989899,0.98989898989899,0.0
v0,4,804,IMS,632,0.9984177215189873,0.9984177215189873,0.0
v0,4,805,IMS,633,0.9968404423380727,0.9968404423380727,0.0
v0,4,806,IMS,632,1.0,1.0,0.0
v0,4,807,IMS,632,1.0,1.0,0.0
v0,4,808,JUST,123,1.0,1.0,0.0
v0,4,809,JUST,124,1.0,1.0,0.0
v0,4,810,JUST,123,0.975609756097561,0.975609756097561,0.0
v0,4,811,JUST,123,0.9349593495934959,0.9349593495934959,0.0
v0,4,812,JUST,123,0.9349593495934959,0.926829268292683,-0.8130081300812941
v0,4,813,JUST,123,0.991869918699187,0.983739837398374,-0.8130081300812941
v0,4,814,JUST,122,0.9836065573770492,0.9836065573770492,0.0
v0,4,815,JUST,122,1.0,0.9918032786885246,-0.8196721311475419
v0,4,816,JUST,122,0.9672131147540983,0.9672131147540983,0.0
v0,4,817,JUST,122,0.9918032786885246,1.0,0.8196721311475419
v0,4,818,JUST,122,0.9836065573770492,0.9836065573770492,0.0
v0,4,819,JUST,123,1.0,1.0,0.0
v0,4,820,JUST,121,0.9917355371900827,0.9917355371900827,0.0
v0,4,821,JUST,122,1.0,1.0,0.0
v0,4,822,JUST,121,1.0,0.9917355371900827,-0.8264462809917328
v0,4,823,JUST,122,0.9180327868852459,0.9344262295081968,1.6393442622950838
v0,4,824,JUST,121,0.9421487603305785,0.9669421487603306,2.4793388429752095
v0,4,825,JUST,122,1.0,0.9918032786885246,-0.8196721311475419
v0,4,826,JUST,122,0.9918032786885246,0.9918032786885246,0.0
v0,4,827,JUST,123,1.0,1.0,0.0
v0,4,828,JUST,123,1.0,1.0,0.0
v0,4,829,JUST,122,0.9836065573770492,0.9754098360655737,-0.8196721311475419
v0,4,830,JUST,123,0.943089430894309,0.9512195121951219,0.8130081300812941
v0,4,831,JUST,123,0.991869918699187,0.991869918699187,0.0
v0,4,832,JUST,122,0.9836065573770492,0.9836065573770492,0.0
v0,4,833,JUST,121,1.0,1.0,0.0
v0,4,834,JUST,122,0.9918032786885246,0.9918032786885246,0.0
v0,4,835,JUST,122,0.9918032786885246,0.9918032786885246,0.0
v0,4,836,JUST,122,0.9754098360655737,0.9672131147540983,-0.8196721311475419
v0,4,837,JUST,122,1.0,1.0,0.0
v0,4,838,JUST,121,0.9917355371900827,0.9917355371900827,0.0
v0,4,839,JUST,122,0.9754098360655737,0.9590163934426229,-1.6393442622950838
v0,4,840,JUST,122,1.0,0.9918032786885246,-0.8196721311475419
v0,4,841,JUST,122,0.9508196721311475,0.9672131147540983,1.6393442622950838
v0,4,842,JUST,122,0.9508196721311475,0.9590163934426229,0.8196721311475419
v0,4,843,JUST,122,0.9836065573770492,0.9754098360655737,-0.8196721311475419
v0,4,844,MFPT,4,1.0,1.0,0.0
v0,4,988,NCEPU,2,1.0,1.0,0.0
v0,4,989,NCEPU,2,1.0,1.0,0.0
v0,4,990,NCEPU,2,1.0,1.0,0.0
v0,4,991,NCEPU,2,1.0,1.0,0.0
v0,4,992,NCEPU,2,1.0,1.0,0.0
v0,4,993,NCEPU,2,1.0,1.0,0.0
v0,4,994,NCEPU,2,1.0,1.0,0.0
v0,4,995,NCEPU,2,1.0,1.0,0.0
v0,4,996,NCEPU,2,1.0,1.0,0.0
v0,4,997,NCEPU,2,1.0,1.0,0.0
v0,4,998,NCEPU,2,1.0,1.0,0.0
v0,4,999,NCEPU,2,1.0,1.0,0.0
v0,4,1000,NCEPU,2,1.0,1.0,0.0
v0,4,1001,NCEPU,2,1.0,1.0,0.0
v0,4,1002,NCEPU,2,1.0,1.0,0.0
v0,4,1003,NCEPU,2,1.0,1.0,0.0
v0,4,1004,NCEPU,2,1.0,1.0,0.0
v0,4,1005,NCEPU,2,1.0,1.0,0.0
v0,4,1006,NCEPU,2,1.0,1.0,0.0
v0,4,1007,NCEPU,2,1.0,1.0,0.0
v0,4,1008,NCEPU,2,1.0,1.0,0.0
v0,4,1009,NCEPU,2,1.0,1.0,0.0
v0,4,1010,NCEPU,2,1.0,1.0,0.0
v0,4,1011,NCEPU,2,1.0,1.0,0.0
v0,4,1012,NCEPU,2,1.0,1.0,0.0
v0,4,1013,NCEPU,2,1.0,1.0,0.0
v0,4,1014,NCEPU,2,1.0,1.0,0.0
v0,4,1015,NCEPU,2,1.0,1.0,0.0
v0,4,1016,NCEPU,2,1.0,1.0,0.0
v0,4,1017,NCEPU,2,1.0,1.0,0.0
v0,4,1018,NCEPU,2,1.0,1.0,0.0
v0,4,1019,NCEPU,2,1.0,1.0,0.0
v0,4,1020,NCEPU,2,1.0,1.0,0.0
v0,4,1021,NCEPU,2,1.0,1.0,0.0
v0,4,1022,NCEPU,2,1.0,1.0,0.0
v0,4,1023,NCEPU,2,1.0,1.0,0.0
v0,4,1024,NCEPU,2,1.0,1.0,0.0
v0,4,1025,NCEPU,2,1.0,1.0,0.0
v0,4,1026,NCEPU,2,1.0,1.0,0.0
v0,4,1027,NCEPU,2,1.0,1.0,0.0
v0,4,1028,NCEPU,2,1.0,1.0,0.0
v0,4,1029,NCEPU,2,1.0,1.0,0.0
v0,4,1030,NCEPU,2,1.0,1.0,0.0
v0,4,1031,NCEPU,2,1.0,1.0,0.0
v0,4,1032,NCEPU,2,1.0,1.0,0.0
v0,4,1033,PU,182,0.9615384615384616,0.9615384615384616,0.0
v0,4,1034,PU,183,1.0,1.0,0.0
v0,4,1035,PU,183,0.994535519125683,0.994535519125683,0.0
v0,4,1036,PU,183,1.0,1.0,0.0
v0,4,1037,XJTU,57,0.9824561403508771,0.9649122807017544,-1.754385964912275
v0,4,1038,XJTU,56,0.9642857142857143,0.9642857142857143,0.0
v0,4,1039,XJTU,157,0.9872611464968153,0.9808917197452229,-0.6369426751592355
v0,4,1040,XJTU,156,0.9871794871794872,0.9935897435897436,0.6410256410256387
v0,4,1041,XJTU,454,0.9955947136563876,0.9955947136563876,0.0
v0,4,1042,XJTU,454,1.0,1.0,0.0
