id,method,fold,bag_id,true_label,p0,p1,p2,p3,p10,generated_text,parsed_coarse_label,probability_argmax,probability_faithful,correct,truncated,generated_token_count,state
oracle_normal,oracle_coarse_onehot,control,oracle,0,1.0,0.0,0.0,0.0,"[1.0, 0.0, 0.0, 0.0, 0.0, 0.0, 0.0, 0.0, 0.0, 0.0]",Normal,0,0,True,True,False,5,
oracle_inner,oracle_coarse_onehot,control,oracle,1,0.0,1.0,0.0,0.0,"[0.0, 0.3333333432674408, 0.3333333432674408, 0.3333333432674408, 0.0, 0.0, 0.0, 0.0, 0.0, 0.0]",Inner race fault,1,1,True,True,False,5,
oracle_outer,oracle_coarse_onehot,control,oracle,2,0.0,0.0,1.0,0.0,"[0.0, 0.0, 0.0, 0.0, 0.0, 0.0, 0.0, 0.3333333432674408, 0.3333333432674408, 0.3333333432674408]",Outer race fault,2,2,True,True,False,5,
oracle_ball,oracle_coarse_onehot,control,oracle,3,0.0,0.0,0.0,1.0,"[0.0, 0.0, 0.0, 0.0, 0.3333333432674408, 0.3333333432674408, 0.3333333432674408, 0.0, 0.0, 0.0]",Rolling element fault,3,3,True,True,False,5,
original_contact_2026_9_20_18-41-41-normal-115200.npz,original_contact_fcn_bridge,control,20260920-184058-normal-11520,0,0.017362487,0.034234215,0.7772192,0.17118414,"[0.017362486571073532, 0.01141140516847372, 0.01141140516847372, 0.01141140516847372, 0.05706137791275978, 0.05706137791275978, 0.05706137791275978, 0.25907304883003235, 0.25907304883003235, 0.25907304883003235]",Outer race fault,2,2,True,False,False,5,normal
original_contact_2026_9_20_18-48-45-normal-460800.npz,original_contact_fcn_bridge,control,20260920-184857-normal-460800,0,0.012332183,0.08672317,0.8107416,0.0902031,"[0.012332183308899403, 0.02890772372484207, 0.02890772372484207, 0.02890772372484207, 0.030067699030041695, 0.030067699030041695, 0.030067699030041695, 0.2702471911907196, 0.2702471911907196, 0.2702471911907196]",Outer race fault,2,2,True,False,False,5,normal
original_contact_2026_9_20_19-05-05-outBroken-115200.npz,original_contact_fcn_bridge,control,20260920-190512-outBroken-115200,2,0.0030590438,0.13592824,0.66063046,0.2003822,"[0.0030590437818318605, 0.045309413224458694, 0.045309413224458694, 0.045309413224458694, 0.06679406762123108, 0.06679406762123108, 0.06679406762123108, 0.22021014988422394, 0.22021014988422394, 0.22021014988422394]",Outer race fault,2,2,True,True,False,5,outBroken
original_contact_2026_9_20_19-09-18-outBroken-460800.npz,original_contact_fcn_bridge,control,20260920-190913-outBroken-460800,2,0.001003614,0.15729803,0.65849125,0.18320706,"[0.0010036140447482467, 0.052432674914598465, 0.052432674914598465, 0.052432674914598465, 0.06106902286410332, 0.06106902286410332, 0.06106902286410332, 0.21949708461761475, 0.21949708461761475, 0.21949708461761475]",Outer race fault,2,2,True,True,False,5,outBroken
original_contact_2026_9_20_19-22-20-inBroken-115200.npz,original_contact_fcn_bridge,control,20260920-192216-inBroken-115200,1,0.00097021833,0.06122804,0.9225759,0.015225855,"[0.0009702183306217194, 0.020409347489476204, 0.020409347489476204, 0.020409347489476204, 0.005075284745544195, 0.005075284745544195, 0.005075284745544195, 0.30752530694007874, 0.30752530694007874, 0.30752530694007874]",Outer race fault,2,2,True,False,False,4,inBroken
original_contact_2026_9_20_19-26-17-inBroken-460800.npz,original_contact_fcn_bridge,control,20260920-192610-inBroken-460800,1,7.311032e-05,0.10570169,0.88567865,0.008546591,"[7.311032095458359e-05, 0.03523389622569084, 0.03523389622569084, 0.03523389622569084, 0.0028488636016845703, 0.0028488636016845703, 0.0028488636016845703, 0.29522621631622314, 0.29522621631622314, 0.29522621631622314]",Outer race fault,2,2,True,False,False,4,inBroken
original_contact_2026_9_20_19-37-24-roll-115200.npz,original_contact_fcn_bridge,control,20260920-193718-roll-115200,3,0.006577568,0.087603495,0.76873195,0.137087,"[0.006577568128705025, 0.029201164841651917, 0.029201164841651917, 0.029201164841651917, 0.04569566622376442, 0.04569566622376442, 0.04569566622376442, 0.2562439739704132, 0.2562439739704132, 0.2562439739704132]",Outer race fault,2,2,True,False,False,4,roll
original_contact_2026_9_20_19-41-02-roll-460800.npz,original_contact_fcn_bridge,control,20260920-194108-roll-460800,3,0.00039004782,0.1885634,0.6605891,0.15045744,"[0.00039004781865514815, 0.06285446882247925, 0.06285446882247925, 0.06285446882247925, 0.050152480602264404, 0.050152480602264404, 0.050152480602264404, 0.22019636631011963, 0.22019636631011963, 0.22019636631011963]",Outer race fault,2,2,True,False,False,4,roll
original_contact_2026_9_20_19-54-31-keep-115200.npz,original_contact_fcn_bridge,control,20260920-195424-keep-115200,-1,0.00010690442,0.35613292,0.6390873,0.004672896,"[0.0001069044228643179, 0.1187109723687172, 0.1187109723687172, 0.1187109723687172, 0.0015576320001855493, 0.0015576320001855493, 0.0015576320001855493, 0.21302910149097443, 0.21302910149097443, 0.21302910149097443]",Outer race fault,2,2,True,,False,4,keep
original_contact_2026_9_20_19-58-01-keep-460800.npz,original_contact_fcn_bridge,control,20260920-195753-keep-460800,-1,0.00020226324,0.3181094,0.6726333,0.009054998,"[0.0002022632397711277, 0.1060364618897438, 0.1060364618897438, 0.1060364618897438, 0.0030183326452970505, 0.0030183326452970505, 0.0030183326452970505, 0.22421109676361084, 0.22421109676361084, 0.22421109676361084]",Outer race fault,2,2,True,,False,4,keep
original_contact_2026_9_20_20-17-49-bigNormal-115200.npz,original_contact_fcn_bridge,control,20260920-201757-bigNormal-115200,-1,1.225831e-07,0.073089264,0.92691046,1.9010115e-07,"[1.2258310277957207e-07, 0.024363087490200996, 0.024363087490200996, 0.024363087490200996, 6.336704672094129e-08, 6.336704672094129e-08, 6.336704672094129e-08, 0.3089701533317566, 0.3089701533317566, 0.3089701533317566]",Outer race fault,2,2,True,,False,4,bigNormal
original_contact_2026_9_20_20-21-22-bigNormal-460800.npz,original_contact_fcn_bridge,control,20260920-202115-bigNormal-460800,-1,1.359707e-08,0.00397989,0.9960201,1.21475665e-08,"[1.3597070136484035e-08, 0.0013266300084069371, 0.0013266300084069371, 0.0013266300084069371, 4.0491889841121065e-09, 4.0491889841121065e-09, 4.0491889841121065e-09, 0.33200669288635254, 0.33200669288635254, 0.33200669288635254]",Outer race fault,2,2,True,,False,4,bigNormal
