task,fold,direction,method,seed,modality,n_files,accuracy,macro_f1,balanced_accuracy,window_accuracy
four_class_provisional_roi,0000,115200_to_460800,contact_hidden,-1,contact,4,1.0,1.0,1.0,1.0
four_class_provisional_roi,0000,115200_to_460800,contact_xyz_hidden,-1,contact,4,1.0,1.0,1.0,1.0
four_class_provisional_roi,0000,115200_to_460800,contact_spectral,-1,contact,4,1.0,1.0,1.0,1.0
four_class_provisional_roi,0000,115200_to_460800,contact_statistics,-1,contact,4,1.0,1.0,1.0,1.0
four_class_provisional_roi,0000,115200_to_460800,contact_final_hidden,-1,contact,4,1.0,1.0,1.0,1.0
four_class_provisional_roi,0000,115200_to_460800,contact_original,-1,contact,4,0.25,0.1,0.25,0.38461538461538464
four_class_provisional_roi,0000,115200_to_460800,radar_frame_shape,-1,radar,4,1.0,1.0,1.0,1.0
four_class_provisional_roi,0000,115200_to_460800,radar_shape_phase,-1,radar,4,1.0,1.0,1.0,1.0
four_class_provisional_roi,0000,115200_to_460800,radar_coherent_shape,-1,radar,4,0.5,0.41666666666666663,0.5,0.535
four_class_provisional_roi,0000,115200_to_460800,radar_time_stats,-1,radar,4,0.75,0.6666666666666666,0.75,0.8
four_class_provisional_roi,0000,115200_to_460800,radar_confound_distance,-1,radar,4,0.75,0.6666666666666666,0.75,0.745
four_class_provisional_roi,0000,115200_to_460800,radar_confound_raw_amp,-1,radar,4,1.0,1.0,1.0,1.0
four_class_provisional_roi,0000,115200_to_460800,supervised,42,radar,4,1.0,1.0,1.0,0.95
four_class_provisional_roi,0000,115200_to_460800,head_only,42,radar,4,0.75,0.6666666666666666,0.75,0.745
four_class_provisional_roi,0000,115200_to_460800,distill,42,radar,4,0.75,0.6666666666666666,0.75,0.705
four_class_provisional_roi,0000,115200_to_460800,shuffled,42,radar,4,0.25,0.16666666666666666,0.25,0.255
four_class_provisional_roi,0000,115200_to_460800,original_head,42,radar,4,0.25,0.1,0.25,0.25
four_class_provisional_roi,1111,460800_to_115200,contact_hidden,-1,contact,4,1.0,1.0,1.0,0.84375
four_class_provisional_roi,1111,460800_to_115200,contact_xyz_hidden,-1,contact,4,0.75,0.6666666666666666,0.75,0.8125
four_class_provisional_roi,1111,460800_to_115200,contact_spectral,-1,contact,4,1.0,1.0,1.0,0.96875
four_class_provisional_roi,1111,460800_to_115200,contact_statistics,-1,contact,4,1.0,1.0,1.0,0.96875
four_class_provisional_roi,1111,460800_to_115200,contact_final_hidden,-1,contact,4,1.0,1.0,1.0,0.84375
four_class_provisional_roi,1111,460800_to_115200,contact_original,-1,contact,4,0.25,0.1,0.25,0.25
four_class_provisional_roi,1111,460800_to_115200,radar_frame_shape,-1,radar,4,1.0,1.0,1.0,0.9952830188679245
four_class_provisional_roi,1111,460800_to_115200,radar_shape_phase,-1,radar,4,1.0,1.0,1.0,1.0
four_class_provisional_roi,1111,460800_to_115200,radar_coherent_shape,-1,radar,4,0.75,0.6666666666666666,0.75,0.7641509433962265
four_class_provisional_roi,1111,460800_to_115200,radar_time_stats,-1,radar,4,0.75,0.6666666666666666,0.75,0.7783018867924528
four_class_provisional_roi,1111,460800_to_115200,radar_confound_distance,-1,radar,4,0.75,0.6666666666666666,0.75,0.7641509433962265
four_class_provisional_roi,1111,460800_to_115200,radar_confound_raw_amp,-1,radar,4,1.0,1.0,1.0,1.0
four_class_provisional_roi,1111,460800_to_115200,supervised,42,radar,4,0.75,0.6666666666666666,0.75,0.8867924528301887
four_class_provisional_roi,1111,460800_to_115200,head_only,42,radar,4,0.5,0.3333333333333333,0.5,0.6367924528301887
four_class_provisional_roi,1111,460800_to_115200,distill,42,radar,4,0.75,0.6666666666666666,0.75,0.6367924528301887
four_class_provisional_roi,1111,460800_to_115200,shuffled,42,radar,4,0.0,0.0,0.0,0.0330188679245283
four_class_provisional_roi,1111,460800_to_115200,original_head,42,radar,4,0.25,0.1,0.25,0.2358490566037736
