task,fold,method,seed,step,total,CE,feature,KL,contrast
four_class_provisional_roi,0000,supervised,42,1,1.3802521228790283,1.3802521228790283,0.31252747774124146,2.9128971099853516,1.3402307033538818
four_class_provisional_roi,0000,supervised,42,5,1.0135865211486816,1.0135865211486816,0.3385009765625,2.3382062911987305,1.6446105241775513
four_class_provisional_roi,0000,head_only,42,1,1.4617271423339844,1.4617271423339844,0.31252747774124146,2.985841751098633,1.3402307033538818
four_class_provisional_roi,0000,head_only,42,5,0.9438879489898682,0.9438879489898682,0.28165560960769653,2.186560869216919,0.535729706287384
four_class_provisional_roi,0000,distill,42,1,3.401198387145996,1.4617271423339844,0.31252747774124146,2.985841751098633,1.3402307033538818
four_class_provisional_roi,0000,distill,42,5,2.363600492477417,0.9493578672409058,0.2740604877471924,2.1889264583587646,0.45718854665756226
four_class_provisional_roi,0000,shuffled,42,1,3.497681140899658,1.4617271423339844,0.3192175626754761,3.1273951530456543,1.5303901433944702
four_class_provisional_roi,0000,shuffled,42,5,2.8434739112854004,1.2432613372802734,0.28747642040252686,2.4734578132629395,0.7600737810134888
four_class_provisional_roi,0000,original_head,42,1,0.31252747774124146,1.4617271423339844,0.31252747774124146,2.985841751098633,1.3402307033538818
four_class_provisional_roi,0000,original_head,42,5,0.2608342170715332,1.111232042312622,0.2608342170715332,2.4322032928466797,0.3468560576438904
four_class_provisional_roi,1111,supervised,42,1,1.385067343711853,1.385067343711853,0.5155760645866394,3.291287422180176,1.3070405721664429
four_class_provisional_roi,1111,supervised,42,5,0.9879841804504395,0.9879841804504395,0.5359023809432983,2.6388349533081055,1.3082976341247559
four_class_provisional_roi,1111,head_only,42,1,1.445415735244751,1.445415735244751,0.5155760645866394,3.3399863243103027,1.3070405721664429
four_class_provisional_roi,1111,head_only,42,5,1.041545033454895,1.041545033454895,0.4664250612258911,2.6823644638061523,0.4224718511104584
four_class_provisional_roi,1111,distill,42,1,3.7616891860961914,1.445415735244751,0.5155760645866394,3.3399863243103027,1.3070405721664429
four_class_provisional_roi,1111,distill,42,5,2.882405996322632,1.0481975078582764,0.4576495885848999,2.687220811843872,0.3294842839241028
four_class_provisional_roi,1111,shuffled,42,1,3.817607879638672,1.445415735244751,0.5228737592697144,3.4048736095428467,1.4688159227371216
four_class_provisional_roi,1111,shuffled,42,5,3.2930185794830322,1.3725420236587524,0.46776509284973145,2.7764925956726074,0.6446535587310791
four_class_provisional_roi,1111,original_head,42,1,0.5155760645866394,1.445415735244751,0.5155760645866394,3.3399863243103027,1.3070405721664429
four_class_provisional_roi,1111,original_head,42,5,0.4487784206867218,1.1512162685394287,0.4487784206867218,2.8461666107177734,0.28443440794944763
four_class_provisional_roi,all_known,supervised,42,1,1.3844317197799683,1.3844317197799683,0.42318621277809143,3.3491134643554688,1.3339660167694092
four_class_provisional_roi,all_known,supervised,42,5,1.0156785249710083,1.0156785249710083,0.4428306221961975,2.734225273132324,1.4460041522979736
four_class_provisional_roi,all_known,head_only,42,1,1.5599112510681152,1.5599112510681152,0.42318621277809143,3.5072717666625977,1.3339660167694092
four_class_provisional_roi,all_known,head_only,42,5,1.0045242309570312,1.0045242309570312,0.3943232595920563,2.592583417892456,0.5668470859527588
four_class_provisional_roi,all_known,distill,42,1,3.8701300621032715,1.5599112510681152,0.42318621277809143,3.5072717666625977,1.3339660167694092
four_class_provisional_roi,all_known,distill,42,5,2.7361550331115723,1.0084514617919922,0.38562124967575073,2.5904364585876465,0.4686412811279297
four_class_provisional_roi,all_known,shuffled,42,1,3.9855093955993652,1.5599112510681152,0.43063879013061523,3.688105583190918,1.5090662240982056
four_class_provisional_roi,all_known,shuffled,42,5,3.2541210651397705,1.3466095924377441,0.392436146736145,2.890951633453369,0.6959947347640991
four_class_provisional_roi,all_known,original_head,42,1,0.42318621277809143,1.5599112510681152,0.42318621277809143,3.5072717666625977,1.3339660167694092
four_class_provisional_roi,all_known,original_head,42,5,0.3692362308502197,1.2179431915283203,0.3692362308502197,2.9348154067993164,0.3303065896034241
