task,fold,method,seed,step,loss,ce,mse,contrast,kd
four_class_provisional_roi,115200_to_460800,embedding_only,17,1,0.29838722944259644,1.4695303440093994,0.29838722944259644,1.3862943649291992,0.6819590926170349
four_class_provisional_roi,115200_to_460800,embedding_only,17,101,0.0007697718683630228,0.2686653137207031,0.0007697718683630228,0.005726456642150879,0.01123553141951561
four_class_provisional_roi,115200_to_460800,embedding_only,17,201,0.00010704644955694675,0.25266945362091064,0.00010704644955694675,0.005627870559692383,0.01149379275739193
four_class_provisional_roi,115200_to_460800,embedding_only,17,301,0.0002109035267494619,0.24453260004520416,0.0002109035267494619,0.005687117576599121,0.011089453473687172
four_class_provisional_roi,115200_to_460800,embedding_only,17,400,0.0005837228382006288,0.23426800966262817,0.0005837228382006288,0.005648374557495117,0.013253668323159218
four_class_provisional_roi,115200_to_460800,embedding_only,42,1,0.29838722944259644,1.4695303440093994,0.29838722944259644,1.3862943649291992,0.6819590926170349
four_class_provisional_roi,115200_to_460800,embedding_only,42,101,0.0007044148514978588,0.2572912275791168,0.0007044148514978588,0.005716204643249512,0.013683373108506203
four_class_provisional_roi,115200_to_460800,embedding_only,42,201,0.0007421929622069001,0.2561786472797394,0.0007421929622069001,0.005574703216552734,0.011241563595831394
four_class_provisional_roi,115200_to_460800,embedding_only,42,301,0.0006179255433380604,0.2719394266605377,0.0006179255433380604,0.005658984184265137,0.008322695270180702
four_class_provisional_roi,115200_to_460800,embedding_only,42,400,0.00024638231843709946,0.24811869859695435,0.00024638231843709946,0.005654096603393555,0.009955069981515408
four_class_provisional_roi,115200_to_460800,embedding_only,73,1,0.29838722944259644,1.4695303440093994,0.29838722944259644,1.3862943649291992,0.6819590926170349
four_class_provisional_roi,115200_to_460800,embedding_only,73,101,0.0011291677365079522,0.26880064606666565,0.0011291677365079522,0.005714893341064453,0.011761515401303768
four_class_provisional_roi,115200_to_460800,embedding_only,73,201,0.0006204090896062553,0.23672914505004883,0.0006204090896062553,0.005672097206115723,0.015662899240851402
four_class_provisional_roi,115200_to_460800,embedding_only,73,301,0.00011730549158528447,0.2425786554813385,0.00011730549158528447,0.005717277526855469,0.012580109760165215
four_class_provisional_roi,115200_to_460800,embedding_only,73,400,0.0003858598065562546,0.23663783073425293,0.0003858598065562546,0.005715608596801758,0.014721909537911415
four_class_provisional_roi,115200_to_460800,ce_only,17,1,1.4695303440093994,1.4695303440093994,0.29838722944259644,1.3862943649291992,0.6819590926170349
four_class_provisional_roi,115200_to_460800,ce_only,17,101,0.00034940612385980785,0.00034940612385980785,0.6754280924797058,0.4647755026817322,5.039781093597412
four_class_provisional_roi,115200_to_460800,ce_only,17,201,0.000144214354804717,0.000144214354804717,0.7523794770240784,0.465425044298172,5.740530014038086
four_class_provisional_roi,115200_to_460800,ce_only,17,301,6.97645009495318e-05,6.97645009495318e-05,0.8062760233879089,0.4636341333389282,6.222699165344238
four_class_provisional_roi,115200_to_460800,ce_only,17,400,7.15461719664745e-05,7.15461719664745e-05,0.8190789222717285,0.46385908126831055,6.391982078552246
four_class_provisional_roi,115200_to_460800,ce_only,42,1,1.4695303440093994,1.4695303440093994,0.29838722944259644,1.3862943649291992,0.6819590926170349
four_class_provisional_roi,115200_to_460800,ce_only,42,101,0.00021141819888725877,0.00021141819888725877,0.7440597414970398,0.504508376121521,5.5156049728393555
four_class_provisional_roi,115200_to_460800,ce_only,42,201,0.00016692392819095403,0.00016692392819095403,0.789614200592041,0.5040416717529297,5.9000959396362305
four_class_provisional_roi,115200_to_460800,ce_only,42,301,0.0003062879841309041,0.0003062879841309041,0.8122492432594299,0.5030750036239624,5.964975357055664
four_class_provisional_roi,115200_to_460800,ce_only,42,400,8.605480252299458e-05,8.605480252299458e-05,0.8579692840576172,0.5023187398910522,6.48789119720459
four_class_provisional_roi,115200_to_460800,ce_only,73,1,1.4695303440093994,1.4695303440093994,0.29838722944259644,1.3862943649291992,0.6819590926170349
four_class_provisional_roi,115200_to_460800,ce_only,73,101,0.00023556318774353713,0.00023556318774353713,0.6891080141067505,0.4872226417064667,5.12237548828125
four_class_provisional_roi,115200_to_460800,ce_only,73,201,0.00011442745744716376,0.00011442745744716376,0.7493777871131897,0.4865442216396332,5.774728775024414
four_class_provisional_roi,115200_to_460800,ce_only,73,301,6.686819688184187e-05,6.686819688184187e-05,0.800031304359436,0.48520827293395996,6.206952095031738
four_class_provisional_roi,115200_to_460800,ce_only,73,400,5.5856697144918144e-05,5.5856697144918144e-05,0.8256046772003174,0.48430755734443665,6.374524116516113
four_class_provisional_roi,115200_to_460800,ce_feat_1_kd,17,1,2.2475266456604004,1.4695303440093994,0.29838722944259644,1.3862943649291992,0.6819590926170349
four_class_provisional_roi,115200_to_460800,ce_feat_1_kd,17,101,0.17779198288917542,0.12381086498498917,0.006230451166629791,0.005741715431213379,0.09435300529003143
four_class_provisional_roi,115200_to_460800,ce_feat_1_kd,17,201,0.17464220523834229,0.11683841049671173,0.004489104263484478,0.005621194839477539,0.10550514608621597
four_class_provisional_roi,115200_to_460800,ce_feat_1_kd,17,301,0.1730823814868927,0.12036633491516113,0.004669809248298407,0.005637645721435547,0.09496492892503738
four_class_provisional_roi,115200_to_460800,ce_feat_1_kd,17,400,0.17289505898952484,0.11589833348989487,0.004939899779856205,0.005584001541137695,0.10299684852361679
four_class_provisional_roi,115200_to_460800,ce_feat_1_kd,42,1,2.2475266456604004,1.4695303440093994,0.29838722944259644,1.3862943649291992,0.6819590926170349
four_class_provisional_roi,115200_to_460800,ce_feat_1_kd,42,101,0.17901112139225006,0.11835215240716934,0.008462555706501007,0.005902767181396484,0.10321225970983505
four_class_provisional_roi,115200_to_460800,ce_feat_1_kd,42,201,0.17433041334152222,0.1179746463894844,0.0049775829538702965,0.005590915679931641,0.10163816809654236
four_class_provisional_roi,115200_to_460800,ce_feat_1_kd,42,301,0.1737789660692215,0.12076810002326965,0.004742942750453949,0.005600094795227051,0.09541580826044083
four_class_provisional_roi,115200_to_460800,ce_feat_1_kd,42,400,0.17295894026756287,0.11803340166807175,0.004641629755496979,0.0055866241455078125,0.09945048391819
four_class_provisional_roi,115200_to_460800,ce_feat_1_kd,73,1,2.2475266456604004,1.4695303440093994,0.29838722944259644,1.3862943649291992,0.6819590926170349
four_class_provisional_roi,115200_to_460800,ce_feat_1_kd,73,101,0.17882254719734192,0.11734574288129807,0.007827355526387691,0.005919933319091797,0.10611491650342941
four_class_provisional_roi,115200_to_460800,ce_feat_1_kd,73,201,0.1750132143497467,0.11648472398519516,0.005043976940214634,0.005628824234008789,0.10584325343370438
four_class_provisional_roi,115200_to_460800,ce_feat_1_kd,73,301,0.173587366938591,0.11928017437458038,0.004346786066889763,0.005629539489746094,0.09879490733146667
four_class_provisional_roi,115200_to_460800,ce_feat_1_kd,73,400,0.17362670600414276,0.11832373589277267,0.0046323491260409355,0.005689382553100586,0.10020336508750916
four_class_provisional_roi,460800_to_115200,embedding_only,17,1,0.5052567720413208,1.4014673233032227,0.5052567720413208,1.3862943649291992,0.9910100698471069
four_class_provisional_roi,460800_to_115200,embedding_only,17,101,0.0005349187413230538,0.1685684621334076,0.0005349187413230538,0.007128715515136719,0.005272091832011938
four_class_provisional_roi,460800_to_115200,embedding_only,17,201,0.00019677323871292174,0.17223374545574188,0.00019677323871292174,0.007344961166381836,0.006660592742264271
four_class_provisional_roi,460800_to_115200,embedding_only,17,301,0.00021465709141921252,0.1725073903799057,0.00021465709141921252,0.007444262504577637,0.005202387925237417
four_class_provisional_roi,460800_to_115200,embedding_only,17,400,0.00025869932142086327,0.16168369352817535,0.00025869932142086327,0.007377743721008301,0.01027119904756546
four_class_provisional_roi,460800_to_115200,embedding_only,42,1,0.5052567720413208,1.4014673233032227,0.5052567720413208,1.3862943649291992,0.9910100698471069
four_class_provisional_roi,460800_to_115200,embedding_only,42,101,0.0005808231071569026,0.16563768684864044,0.0005808231071569026,0.007105112075805664,0.008034784346818924
four_class_provisional_roi,460800_to_115200,embedding_only,42,201,0.0005238164449110627,0.1684456616640091,0.0005238164449110627,0.007386565208435059,0.0074681127443909645
four_class_provisional_roi,460800_to_115200,embedding_only,42,301,0.00046683987602591515,0.17455218732357025,0.00046683987602591515,0.00726771354675293,0.0067861611023545265
four_class_provisional_roi,460800_to_115200,embedding_only,42,400,0.000703080091625452,0.16119350492954254,0.000703080091625452,0.0071288347244262695,0.012278378009796143
four_class_provisional_roi,460800_to_115200,embedding_only,73,1,0.5052567720413208,1.4014673233032227,0.5052567720413208,1.3862943649291992,0.9910100698471069
four_class_provisional_roi,460800_to_115200,embedding_only,73,101,0.0005583605961874127,0.16394156217575073,0.0005583605961874127,0.0073854923248291016,0.011740555986762047
four_class_provisional_roi,460800_to_115200,embedding_only,73,201,0.00032982596894726157,0.17004577815532684,0.00032982596894726157,0.007368564605712891,0.006764897145330906
four_class_provisional_roi,460800_to_115200,embedding_only,73,301,0.0004630671755876392,0.1770026534795761,0.0004630671755876392,0.0072220563888549805,0.004248559474945068
four_class_provisional_roi,460800_to_115200,embedding_only,73,400,0.0003578751056920737,0.17104379832744598,0.0003578751056920737,0.0072678327560424805,0.005084456410259008
four_class_provisional_roi,460800_to_115200,ce_only,17,1,1.4014673233032227,1.4014673233032227,0.5052567720413208,1.3862943649291992,0.9910100698471069
four_class_provisional_roi,460800_to_115200,ce_only,17,101,0.00025940037448890507,0.00025940037448890507,0.8692147135734558,0.4570406377315521,4.024251937866211
four_class_provisional_roi,460800_to_115200,ce_only,17,201,0.00015246859402395785,0.00015246859402395785,0.9254875779151917,0.45856696367263794,4.480045795440674
four_class_provisional_roi,460800_to_115200,ce_only,17,301,8.099983097054064e-05,8.099983097054064e-05,0.9879049062728882,0.45846033096313477,4.934112548828125
four_class_provisional_roi,460800_to_115200,ce_only,17,400,6.823354488005862e-05,6.823354488005862e-05,1.0145010948181152,0.45914560556411743,5.110751628875732
four_class_provisional_roi,460800_to_115200,ce_only,42,1,1.4014673233032227,1.4014673233032227,0.5052567720413208,1.3862943649291992,0.9910100698471069
four_class_provisional_roi,460800_to_115200,ce_only,42,101,0.00019831732788588852,0.00019831732788588852,0.9324741959571838,0.49863675236701965,4.3737921714782715
four_class_provisional_roi,460800_to_115200,ce_only,42,201,0.00016263641009572893,0.00016263641009572893,0.9616974592208862,0.49810829758644104,4.649593830108643
four_class_provisional_roi,460800_to_115200,ce_only,42,301,0.00010380769526818767,0.00010380769526818767,1.0040618181228638,0.496553897857666,4.868717193603516
four_class_provisional_roi,460800_to_115200,ce_only,42,400,5.573311136686243e-05,5.573311136686243e-05,1.0631858110427856,0.4958401024341583,5.368034839630127
four_class_provisional_roi,460800_to_115200,ce_only,73,1,1.4014673233032227,1.4014673233032227,0.5052567720413208,1.3862943649291992,0.9910100698471069
four_class_provisional_roi,460800_to_115200,ce_only,73,101,0.0002585506299510598,0.0002585506299510598,0.8980226516723633,0.5126904249191284,4.2490763664245605
four_class_provisional_roi,460800_to_115200,ce_only,73,201,0.00013824163761455566,0.00013824163761455566,0.9558703303337097,0.5074748992919922,4.668196678161621
four_class_provisional_roi,460800_to_115200,ce_only,73,301,9.877669072011486e-05,9.877669072011486e-05,0.9947837591171265,0.5093196630477905,4.866903305053711
four_class_provisional_roi,460800_to_115200,ce_only,73,400,6.667351408395916e-05,6.667351408395916e-05,1.0307137966156006,0.5058352947235107,5.1697564125061035
four_class_provisional_roi,460800_to_115200,ce_feat_1_kd,17,1,2.540858507156372,1.4014673233032227,0.5052567720413208,1.3862943649291992,0.9910100698471069
four_class_provisional_roi,460800_to_115200,ce_feat_1_kd,17,101,0.12933006882667542,0.09394467622041702,0.004346782807260752,0.007487654685974121,0.06057967618107796
four_class_provisional_roi,460800_to_115200,ce_feat_1_kd,17,201,0.12827441096305847,0.09155841171741486,0.0031909265089780092,0.007470846176147461,0.06555597484111786
four_class_provisional_roi,460800_to_115200,ce_feat_1_kd,17,301,0.12763696908950806,0.09442450106143951,0.002973811235278845,0.007473587989807129,0.058982595801353455
four_class_provisional_roi,460800_to_115200,ce_feat_1_kd,17,400,0.12771522998809814,0.08897669613361359,0.0033658919855952263,0.007439374923706055,0.06925739347934723
four_class_provisional_roi,460800_to_115200,ce_feat_1_kd,42,1,2.540858507156372,1.4014673233032227,0.5052567720413208,1.3862943649291992,0.9910100698471069
four_class_provisional_roi,460800_to_115200,ce_feat_1_kd,42,101,0.12967705726623535,0.0906066969037056,0.004828113131225109,0.007409572601318359,0.06700257956981659
four_class_provisional_roi,460800_to_115200,ce_feat_1_kd,42,201,0.12812307476997375,0.09074308723211288,0.003493721131235361,0.007363080978393555,0.0662999302148819
four_class_provisional_roi,460800_to_115200,ce_feat_1_kd,42,301,0.1287873536348343,0.09419237077236176,0.0028368495404720306,0.007337331771850586,0.06204879283905029
four_class_provisional_roi,460800_to_115200,ce_feat_1_kd,42,400,0.12822121381759644,0.08937404304742813,0.0033135665580630302,0.007321953773498535,0.069602832198143
four_class_provisional_roi,460800_to_115200,ce_feat_1_kd,73,1,2.540858507156372,1.4014673233032227,0.5052567720413208,1.3862943649291992,0.9910100698471069
four_class_provisional_roi,460800_to_115200,ce_feat_1_kd,73,101,0.13008791208267212,0.09201101213693619,0.0050179981626570225,0.007620334625244141,0.06459373980760574
four_class_provisional_roi,460800_to_115200,ce_feat_1_kd,73,201,0.12829145789146423,0.090688556432724,0.003244684776291251,0.007327675819396973,0.06725089251995087
four_class_provisional_roi,460800_to_115200,ce_feat_1_kd,73,301,0.12863211333751678,0.09491235017776489,0.002815020037814975,0.007288932800292969,0.06035169959068298
four_class_provisional_roi,460800_to_115200,ce_feat_1_kd,73,400,0.12781889736652374,0.09098596125841141,0.003080969210714102,0.007345914840698242,0.06603475660085678
four_class_provisional_roi,all_known,embedding_only,42,1,0.41017594933509827,1.439308762550354,0.41017594933509827,1.3862943649291992,1.3824392557144165
four_class_provisional_roi,all_known,embedding_only,42,101,0.007959472946822643,0.11952640861272812,0.007959472946822643,0.011822998523712158,0.014825120568275452
four_class_provisional_roi,all_known,embedding_only,42,201,0.0010054747108370066,0.10837335139513016,0.0010054747108370066,0.012747108936309814,0.012412040494382381
four_class_provisional_roi,all_known,embedding_only,42,301,0.0030030517373234034,0.10978864878416061,0.0030030517373234034,0.015381395816802979,0.011988179758191109
four_class_provisional_roi,all_known,embedding_only,42,400,0.001090237987227738,0.10625383257865906,0.001090237987227738,0.011967778205871582,0.007544226013123989
four_class_provisional_roi,all_known,ce_only,42,1,1.439308762550354,1.439308762550354,0.41017594933509827,1.3862943649291992,1.3824392557144165
four_class_provisional_roi,all_known,ce_only,42,101,0.0001741637970553711,0.0001741637970553711,0.6793131828308105,0.3592866063117981,3.6868064403533936
four_class_provisional_roi,all_known,ce_only,42,201,0.00022689304023515433,0.00022689304023515433,0.7034137845039368,0.35883191227912903,3.9080631732940674
four_class_provisional_roi,all_known,ce_only,42,301,7.792856922606006e-05,7.792856922606006e-05,0.7236810922622681,0.3547194004058838,4.10934591293335
four_class_provisional_roi,all_known,ce_only,42,400,5.02000875712838e-05,5.02000875712838e-05,0.7587968111038208,0.35297515988349915,4.396762847900391
four_class_provisional_roi,all_known,ce_feat_1_kd,42,1,2.6793336868286133,1.439308762550354,0.41017594933509827,1.3862943649291992,1.3824392557144165
four_class_provisional_roi,all_known,ce_feat_1_kd,42,101,0.15926724672317505,0.06700316816568375,0.06583242863416672,0.009828269481658936,0.05089765787124634
four_class_provisional_roi,all_known,ce_feat_1_kd,42,201,0.10484717786312103,0.07281934469938278,0.015336507931351662,0.011648476123809814,0.031052961945533752
four_class_provisional_roi,all_known,ce_feat_1_kd,42,301,0.09231474995613098,0.06788332760334015,0.005238882731646299,0.013192534446716309,0.03574656695127487
four_class_provisional_roi,all_known,ce_feat_1_kd,42,400,0.08986876904964447,0.0671193078160286,0.003297817427664995,0.011569201946258545,0.036589451134204865
