source_baud,target_baud,method,bag_id,y_true,y_pred,p_normal,p_inBroken,p_outBroken,p_roll
115200,460800,confound_distance,20260920-184857-normal-460800,0,1,0.3429219949008213,0.34292199541015966,0.007692588301752027,0.30646342138726734
115200,460800,confound_distance,20260920-190913-outBroken-460800,2,2,0.00017379732486767245,0.0001737973248642432,0.971872289809829,0.02778011554043921
115200,460800,confound_distance,20260920-192610-inBroken-460800,1,1,0.34292199490082126,0.3429219954101596,0.007692588301752026,0.30646342138726734
115200,460800,confound_distance,20260920-194108-roll-460800,3,3,0.31401220953406106,0.3140122099779551,0.012729428656610973,0.35924615183137276
115200,460800,confound_raw_amp,20260920-184857-normal-460800,0,0,0.9919782578063381,0.0027906719021617804,0.0038475834711745346,0.0013834868203258402
115200,460800,confound_raw_amp,20260920-190913-outBroken-460800,2,2,0.0023392771449673158,0.00029622506358947267,0.9949052573866229,0.0024592404048199715
115200,460800,confound_raw_amp,20260920-192610-inBroken-460800,1,1,0.002854372632717811,0.991905272186068,0.0005181696525115901,0.004722185528702283
115200,460800,confound_raw_amp,20260920-194108-roll-460800,3,3,0.0019952826290781127,0.006136648771475699,0.0016682275235966445,0.9901998410758498
115200,460800,frame_abs,20260920-184857-normal-460800,0,0,0.9997534050654154,2.818649454068728e-05,0.00018717291933772651,3.123552070598199e-05
115200,460800,frame_abs,20260920-190913-outBroken-460800,2,2,2.7899908765841474e-05,0.014290535918772647,0.9841417922240221,0.0015397719484394421
115200,460800,frame_abs,20260920-192610-inBroken-460800,1,1,0.0012050169909016807,0.9954096055056961,0.0002020519119487199,0.0031833255914533276
115200,460800,frame_abs,20260920-194108-roll-460800,3,3,0.0010135480798093629,0.000849118369369609,7.609968492627664e-05,0.9980612338658945
115200,460800,frame_shape,20260920-184857-normal-460800,0,0,0.99566739560559,0.00011905512173837972,0.00011409308130390617,0.004099456191367635
115200,460800,frame_shape,20260920-190913-outBroken-460800,2,2,8.32750285951839e-06,0.01635103185735208,0.9832557813574878,0.0003848592823003986
115200,460800,frame_shape,20260920-192610-inBroken-460800,1,1,0.0009139041627339184,0.9962669398261351,0.00023237178784846416,0.002586784223282547
115200,460800,frame_shape,20260920-194108-roll-460800,3,3,0.001615880666913532,0.0006995432555649925,0.00010112466370968423,0.9975834514138118
115200,460800,phase_shape,20260920-184857-normal-460800,0,0,0.9776900230100424,0.00039582849458804134,0.0009283852492375446,0.02098576324613208
115200,460800,phase_shape,20260920-190913-outBroken-460800,2,2,5.112171567059378e-05,0.0022587116979914767,0.9976212588343063,6.890775203149629e-05
115200,460800,phase_shape,20260920-192610-inBroken-460800,1,1,0.0011629099015723864,0.9984515341340352,4.059841685745788e-05,0.00034495754753458013
115200,460800,phase_shape,20260920-194108-roll-460800,3,3,0.0026828896413137225,0.000679238103872364,0.00048568639600113855,0.996152185858813
115200,460800,shape_phase,20260920-184857-normal-460800,0,0,0.9932221751760962,0.00016165366849101018,0.0003246415375617473,0.0062915296178507225
115200,460800,shape_phase,20260920-190913-outBroken-460800,2,2,2.9651107362573616e-05,0.003116684169472568,0.9968054494215324,4.821530163211095e-05
115200,460800,shape_phase,20260920-192610-inBroken-460800,1,1,0.00094692709372575,0.9987797361117569,5.7114921440996735e-05,0.00021622187307633532
115200,460800,shape_phase,20260920-194108-roll-460800,3,3,0.0008712652620794046,0.00036851484811281773,0.00015284201155071675,0.9986073778782566
115200,460800,coherent_shape,20260920-184857-normal-460800,0,3,0.26004879930624636,0.0010028882322826657,0.004327771159243244,0.7346205413022275
115200,460800,coherent_shape,20260920-190913-outBroken-460800,2,2,0.0002075865687869053,0.003162453597138806,0.9956480528990405,0.0009819069350338252
115200,460800,coherent_shape,20260920-192610-inBroken-460800,1,0,0.7494832206439622,0.030753809195732625,0.20054294375698203,0.019220026403323404
115200,460800,coherent_shape,20260920-194108-roll-460800,3,3,0.0008469460719091631,0.0012654311275036784,0.00035595871603648176,0.9975316640845505
115200,460800,time_stats,20260920-184857-normal-460800,0,0,0.9226378275672374,3.11899918532336e-05,0.00022230195204665977,0.0771086804888624
115200,460800,time_stats,20260920-190913-outBroken-460800,2,1,0.00024086328745827494,0.6143786838045955,0.3798511951939837,0.005529257713962527
115200,460800,time_stats,20260920-192610-inBroken-460800,1,1,9.364775569233725e-09,0.8410610878751393,0.1583787733575624,0.0005601294025229013
115200,460800,time_stats,20260920-194108-roll-460800,3,3,0.01344998299266748,0.06370459728851119,0.04267324596938582,0.8801721737494351
460800,115200,confound_distance,20260920-184058-normal-11520,0,0,0.34220264572115616,0.34220263792968697,0.007971978037721972,0.30762273831143483
460800,115200,confound_distance,20260920-190512-outBroken-115200,2,2,0.00026059138862374057,0.00026059138870504326,0.9710718213755194,0.028406995847150833
460800,115200,confound_distance,20260920-192216-inBroken-115200,1,0,0.3422026457211564,0.34220263792968675,0.007971978037721969,0.30762273831143505
460800,115200,confound_distance,20260920-193718-roll-115200,3,3,0.31536674243478113,0.31536673560093914,0.01299896350161146,0.3562675584626687
460800,115200,confound_raw_amp,20260920-184058-normal-11520,0,0,0.9924031453485211,0.003025102069100514,0.001141832610891918,0.0034299199714860804
460800,115200,confound_raw_amp,20260920-190512-outBroken-115200,2,2,0.00199039894183986,0.0002534656170501225,0.9961556287929083,0.0016005066482014177
460800,115200,confound_raw_amp,20260920-192216-inBroken-115200,1,1,0.002533521302364716,0.9893781194593484,0.0005405784758873727,0.007547780762399408
460800,115200,confound_raw_amp,20260920-193718-roll-115200,3,3,0.002321511325809092,0.0059724841378106805,0.0018808389644612894,0.989825165571919
460800,115200,frame_abs,20260920-184058-normal-11520,0,0,0.8570820000853087,0.003004879048032479,0.0010590041104312075,0.13885411675622755
460800,115200,frame_abs,20260920-190512-outBroken-115200,2,2,0.0065515968946038075,0.002220130224810328,0.9911530613120496,7.5211568536408e-05
460800,115200,frame_abs,20260920-192216-inBroken-115200,1,1,0.002504045439355368,0.9406245500221465,0.054166110900480284,0.0027052936380178904
460800,115200,frame_abs,20260920-193718-roll-115200,3,3,0.0015630873901476413,0.0005474078297285987,0.00019085537373645265,0.9976986494063873
460800,115200,frame_shape,20260920-184058-normal-11520,0,0,0.9824596157780653,0.0009128786554130088,0.00023023272200435523,0.01639727284451727
460800,115200,frame_shape,20260920-190512-outBroken-115200,2,2,0.0018883255619919406,0.00306397168797015,0.9942452887883583,0.0008024139616798299
460800,115200,frame_shape,20260920-192216-inBroken-115200,1,1,0.0011207527002782386,0.9291013002091563,0.06337273212114171,0.00640521496942385
460800,115200,frame_shape,20260920-193718-roll-115200,3,3,0.041417396374877596,0.0012370574483135145,0.0013185370595301272,0.9560270091172789
460800,115200,phase_shape,20260920-184058-normal-11520,0,0,0.9952387642072738,0.0002617484578015777,0.00016464878792669344,0.004334838546997907
460800,115200,phase_shape,20260920-190512-outBroken-115200,2,2,0.001056422767946765,0.0012901756643372347,0.9940284747089703,0.0036249268587458384
460800,115200,phase_shape,20260920-192216-inBroken-115200,1,1,0.0012365181574870631,0.9270631498232308,0.06575124221486463,0.005949089804417445
460800,115200,phase_shape,20260920-193718-roll-115200,3,3,0.02330851562435252,0.0006634430572928971,0.000757187881231105,0.9752708534371236
460800,115200,shape_phase,20260920-184058-normal-11520,0,0,0.9950037900949643,0.00024136371746197012,0.00015887927472922763,0.004595966912844327
460800,115200,shape_phase,20260920-190512-outBroken-115200,2,2,0.0009088956432337063,0.0007537201355881326,0.9981363562424656,0.00020102797871255975
460800,115200,shape_phase,20260920-192216-inBroken-115200,1,1,0.0009497117977415437,0.933860430470753,0.06321653703158357,0.00197332069992222
460800,115200,shape_phase,20260920-193718-roll-115200,3,3,0.01893233608069106,0.0005831327555689592,0.0009076274187496139,0.9795769037449901
460800,115200,coherent_shape,20260920-184058-normal-11520,0,0,0.9868121162104877,0.0043364438582128365,9.551105566018309e-05,0.008755928875639411
460800,115200,coherent_shape,20260920-190512-outBroken-115200,2,2,7.718900036226917e-05,0.009938455560632964,0.9829757663474128,0.007008589091591887
460800,115200,coherent_shape,20260920-192216-inBroken-115200,1,3,4.180157312045781e-06,0.002242426664369511,0.3073192590326631,0.6904341341456557
460800,115200,coherent_shape,20260920-193718-roll-115200,3,3,0.01912208416364258,0.0021094844660965906,0.0020642945126727857,0.9767041368575881
460800,115200,time_stats,20260920-184058-normal-11520,0,0,0.9309674856650558,7.214742902757232e-05,0.0005401573022843541,0.06842020960363224
460800,115200,time_stats,20260920-190512-outBroken-115200,2,2,0.0015371593258810428,0.14724116862158376,0.7576853986105258,0.09353627344200956
460800,115200,time_stats,20260920-192216-inBroken-115200,1,3,0.00030548694914354056,0.17594654266799903,0.4084462868210369,0.4153016835618205
460800,115200,time_stats,20260920-193718-roll-115200,3,3,0.15925919775272124,0.005414949891740722,0.0407045124662317,0.7946213398893062
