task,fold,method,seed,feature,role,bag_id,state,label,prediction,n_windows,geometry_valid,mse_standardized,mse_raw,cos_standardized,cos_raw,classifier_rowspace_rank,classifier_rowspace_error_energy,classifier_nullspace_error_energy,centered_logit_shift_l2,true_class_margin,contact_true_class_margin,p0,p1,p2,p3
four_class_provisional_roi,all_known,ce_feat_1_kd,42,frame_shape,train,20260920-184058-normal-11520,normal,0,0,61,True,0.006557862740010023,0.007112533785402775,0.9900562167167664,0.9998981952667236,9,0.29732073051351443,0.5420856822241417,0.7973835468292236,2.941878080368042,2.159964084625244,0.892623782157898,0.017783809453248978,0.0472496896982193,0.04234274849295616
four_class_provisional_roi,all_known,ce_feat_1_kd,42,frame_shape,train,20260920-184857-normal-460800,normal,0,0,48,True,0.012759576551616192,0.009965547360479832,0.9771013259887695,0.9998171925544739,9,0.7485568310924974,0.8846690363383554,1.1218311786651611,2.603456974029541,1.4736173152923584,0.8461259007453918,0.06347407400608063,0.05022326111793518,0.04017682746052742
four_class_provisional_roi,all_known,ce_feat_1_kd,42,frame_shape,train,20260920-190512-outBroken-115200,outBroken,2,2,50,False,0.00925368070602417,0.0059358845464885235,0.9856295585632324,0.9998981952667236,9,0.6953323040276982,0.4891389078070032,1.0894056558609009,2.6126396656036377,1.2625868320465088,0.04728216677904129,0.05460119619965553,0.8366777896881104,0.061438873410224915
four_class_provisional_roi,all_known,ce_feat_1_kd,42,frame_shape,train,20260920-190913-outBroken-460800,outBroken,2,2,50,False,0.00791300181299448,0.0052900249138474464,0.9910866618156433,0.9998918771743774,9,0.5888174450881595,0.4240467350093047,1.02413010597229,2.681436061859131,1.4330272674560547,0.04443516209721565,0.052563320845365524,0.84505295753479,0.057948771864175797
four_class_provisional_roi,all_known,ce_feat_1_kd,42,frame_shape,train,20260920-192216-inBroken-115200,inBroken,1,1,50,True,0.017231173813343048,0.016803115606307983,0.9802573919296265,0.9996556639671326,9,1.1375437692309744,1.0680464380368075,1.2334550619125366,2.2315750122070312,0.6483774185180664,0.056028202176094055,0.8176735043525696,0.08804480731487274,0.038253482431173325
four_class_provisional_roi,all_known,ce_feat_1_kd,42,frame_shape,train,20260920-192610-inBroken-460800,inBroken,1,1,51,True,0.00785733386874199,0.007265795953571796,0.990268886089325,0.9998611807823181,9,0.5321621068918875,0.47357656606168935,0.8138996958732605,2.7950074672698975,1.7461578845977783,0.030460044741630554,0.8734644651412964,0.05347439646720886,0.042601149529218674
four_class_provisional_roi,all_known,ce_feat_1_kd,42,frame_shape,train,20260920-193718-roll-115200,roll,3,3,51,True,0.011152192950248718,0.011063802056014538,0.9762430787086487,0.9998283982276917,9,0.48838128348565346,0.9390995294577913,0.9760410785675049,2.4246020317077637,1.267209529876709,0.04676399007439613,0.06116718798875809,0.07307294011116028,0.8189961314201355
four_class_provisional_roi,all_known,ce_feat_1_kd,42,frame_shape,train,20260920-194108-roll-460800,roll,3,3,51,True,0.0075859795324504375,0.006715763360261917,0.9965038895606995,0.9999119639396667,9,0.1920091306821889,0.7789962329483772,0.7156055569648743,2.4469099044799805,1.522474765777588,0.022030282765626907,0.07649049907922745,0.021284643560647964,0.880194365978241
four_class_provisional_roi,all_known,ce_feat_1_kd,42,frame_shape,external,20260920-195424-keep-115200,keep,-1,2,51,False,0.880393385887146,0.32863420248031616,-0.0451943539083004,0.9941353797912598,9,14.492103552124735,98.19824733257805,4.0963134765625,,,0.09245504438877106,0.0908447727560997,0.703474223613739,0.11322595924139023
four_class_provisional_roi,all_known,ce_feat_1_kd,42,frame_shape,external,20260920-195753-keep-460800,keep,-1,2,51,False,0.9861849546432495,0.4561600685119629,-0.176641583442688,0.9932854771614075,9,20.34068528103989,105.89098681796418,4.372628688812256,,,0.07052876800298691,0.07916968315839767,0.7578527331352234,0.09244878590106964
four_class_provisional_roi,all_known,ce_feat_1_kd,42,frame_shape,external,20260920-201757-bigNormal-115200,bigNormal,0,2,50,True,15603.29296875,26.661136627197266,-0.09299152344465256,0.7538588047027588,9,1789.1126100009396,1995432.303429062,33.21784973144531,-1.7743935585021973,-24.412578582763672,0.07207414507865906,0.17662641406059265,0.43338438868522644,0.31791508197784424
four_class_provisional_roi,all_known,ce_feat_1_kd,42,frame_shape,external,20260920-202115-bigNormal-460800,bigNormal,0,2,50,True,16116.6962890625,30.816680908203125,-0.08582513779401779,0.7457813024520874,9,2102.9187545176687,2060834.1076079113,35.75471115112305,-1.9755539894104004,-27.385934829711914,0.07149945944547653,0.1637406200170517,0.5209412574768066,0.24381856620311737
