path,method,seed,unit,n,correct,accuracy,macro_f1
Bear_contact_mapped_to_Uni_local4,none,-1,window,58,55,0.9482758620689655,0.939401455026455
direct_Uni_contact_local4,none,-1,window,58,58,1.0,1.0
frozen_Bear_radar_mapped_to_Uni_local4,ce_only,17,window,412,404,0.9805825242718447,0.9806849509706912
frozen_Bear_radar_mapped_to_Uni_local4,ce_only,42,window,412,382,0.9271844660194175,0.9277373407676333
frozen_Bear_radar_mapped_to_Uni_local4,ce_only,73,window,412,375,0.9101941747572816,0.9106388690747615
frozen_Bear_radar_mapped_to_Uni_local4,full,17,window,412,411,0.9975728155339806,0.9976269203949883
frozen_Bear_radar_mapped_to_Uni_local4,full,42,window,412,412,1.0,1.0
frozen_Bear_radar_mapped_to_Uni_local4,full,73,window,412,412,1.0,1.0
frozen_Bear_radar_mapped_to_Uni_local4,label_code_ce_mse,17,window,412,397,0.9635922330097088,0.9636961267460171
frozen_Bear_radar_mapped_to_Uni_local4,label_code_ce_mse,42,window,412,393,0.9538834951456311,0.9542298177528052
frozen_Bear_radar_mapped_to_Uni_local4,label_code_ce_mse,73,window,412,400,0.970873786407767,0.9710426478283621
frozen_Bear_radar_mapped_to_Uni_local4,label_code_mse,17,window,412,387,0.9393203883495146,0.9401604585028498
frozen_Bear_radar_mapped_to_Uni_local4,label_code_mse,42,window,412,394,0.9563106796116505,0.9566439561247888
frozen_Bear_radar_mapped_to_Uni_local4,label_code_mse,73,window,412,394,0.9563106796116505,0.9567297004271795
frozen_Bear_radar_mapped_to_Uni_local4,matched_bag_mse,17,window,412,411,0.9975728155339806,0.9976269203949883
frozen_Bear_radar_mapped_to_Uni_local4,matched_bag_mse,42,window,412,411,0.9975728155339806,0.9976269203949883
frozen_Bear_radar_mapped_to_Uni_local4,matched_bag_mse,73,window,412,412,1.0,1.0
frozen_Bear_radar_mapped_to_Uni_local4,wrong_class_mse,17,window,412,3,0.007281553398058253,0.007352941176470588
frozen_Bear_radar_mapped_to_Uni_local4,wrong_class_mse,42,window,412,0,0.0,0.0
frozen_Bear_radar_mapped_to_Uni_local4,wrong_class_mse,73,window,412,0,0.0,0.0
Bear_contact_mapped_to_Uni_local4,none,-1,recording,8,8,1.0,1.0
direct_Uni_contact_local4,none,-1,recording,8,8,1.0,1.0
frozen_Bear_radar_mapped_to_Uni_local4,ce_only,17,recording,8,8,1.0,1.0
frozen_Bear_radar_mapped_to_Uni_local4,ce_only,42,recording,8,7,0.875,0.8666666666666667
frozen_Bear_radar_mapped_to_Uni_local4,ce_only,73,recording,8,7,0.875,0.8666666666666667
frozen_Bear_radar_mapped_to_Uni_local4,full,17,recording,8,8,1.0,1.0
frozen_Bear_radar_mapped_to_Uni_local4,full,42,recording,8,8,1.0,1.0
frozen_Bear_radar_mapped_to_Uni_local4,full,73,recording,8,8,1.0,1.0
frozen_Bear_radar_mapped_to_Uni_local4,label_code_ce_mse,17,recording,8,8,1.0,1.0
frozen_Bear_radar_mapped_to_Uni_local4,label_code_ce_mse,42,recording,8,8,1.0,1.0
frozen_Bear_radar_mapped_to_Uni_local4,label_code_ce_mse,73,recording,8,8,1.0,1.0
frozen_Bear_radar_mapped_to_Uni_local4,label_code_mse,17,recording,8,8,1.0,1.0
frozen_Bear_radar_mapped_to_Uni_local4,label_code_mse,42,recording,8,8,1.0,1.0
frozen_Bear_radar_mapped_to_Uni_local4,label_code_mse,73,recording,8,8,1.0,1.0
frozen_Bear_radar_mapped_to_Uni_local4,matched_bag_mse,17,recording,8,8,1.0,1.0
frozen_Bear_radar_mapped_to_Uni_local4,matched_bag_mse,42,recording,8,8,1.0,1.0
frozen_Bear_radar_mapped_to_Uni_local4,matched_bag_mse,73,recording,8,8,1.0,1.0
frozen_Bear_radar_mapped_to_Uni_local4,wrong_class_mse,17,recording,8,0,0.0,0.0
frozen_Bear_radar_mapped_to_Uni_local4,wrong_class_mse,42,recording,8,0,0.0,0.0
frozen_Bear_radar_mapped_to_Uni_local4,wrong_class_mse,73,recording,8,0,0.0,0.0
