file,window_row,label,state,baud,bag_id,bag_pairing,packet_ordinal_observed,independent_run_id,condition_id,sample_rate_hz,pred4,p4_0,p4_1,p4_2,p4_3
2026_9_20_18-41-41-normal-115200.npz,0,0,normal,115200,20260920-184058-normal-11520,simultaneous_recording_user_confirmed_not_window_time_aligned,1,,,4000,0,0.69856745,0.03699062,0.25049543,0.01394647
2026_9_20_18-41-41-normal-115200.npz,1,0,normal,115200,20260920-184058-normal-11520,simultaneous_recording_user_confirmed_not_window_time_aligned,2,,,4000,0,0.836359,0.03826717,0.07756725,0.047806542
2026_9_20_18-41-41-normal-115200.npz,2,0,normal,115200,20260920-184058-normal-11520,simultaneous_recording_user_confirmed_not_window_time_aligned,3,,,4000,0,0.64304656,0.061375607,0.25726742,0.03831045
2026_9_20_18-41-41-normal-115200.npz,3,0,normal,115200,20260920-184058-normal-11520,simultaneous_recording_user_confirmed_not_window_time_aligned,4,,,4000,0,0.6298783,0.058087688,0.26534188,0.046692144
2026_9_20_18-41-41-normal-115200.npz,4,0,normal,115200,20260920-184058-normal-11520,simultaneous_recording_user_confirmed_not_window_time_aligned,5,,,4000,0,0.6716764,0.061292112,0.22920647,0.037825026
2026_9_20_18-41-41-normal-115200.npz,5,0,normal,115200,20260920-184058-normal-11520,simultaneous_recording_user_confirmed_not_window_time_aligned,6,,,4000,0,0.65943754,0.08401952,0.21960595,0.036936972
2026_9_20_18-41-41-normal-115200.npz,6,0,normal,115200,20260920-184058-normal-11520,simultaneous_recording_user_confirmed_not_window_time_aligned,7,,,4000,0,0.6683504,0.04048085,0.25076303,0.040405814
2026_9_20_18-48-45-normal-460800.npz,0,0,normal,460800,20260920-184857-normal-460800,simultaneous_recording_user_confirmed_not_window_time_aligned,1,,,4000,0,0.7821354,0.058249883,0.11858264,0.04103203
2026_9_20_18-48-45-normal-460800.npz,1,0,normal,460800,20260920-184857-normal-460800,simultaneous_recording_user_confirmed_not_window_time_aligned,2,,,4000,0,0.70621413,0.04329908,0.1945999,0.055886887
2026_9_20_18-48-45-normal-460800.npz,2,0,normal,460800,20260920-184857-normal-460800,simultaneous_recording_user_confirmed_not_window_time_aligned,3,,,4000,0,0.6314355,0.07061857,0.264883,0.033062924
2026_9_20_18-48-45-normal-460800.npz,3,0,normal,460800,20260920-184857-normal-460800,simultaneous_recording_user_confirmed_not_window_time_aligned,4,,,4000,0,0.59283984,0.21408468,0.1377973,0.05527817
2026_9_20_18-48-45-normal-460800.npz,4,0,normal,460800,20260920-184857-normal-460800,simultaneous_recording_user_confirmed_not_window_time_aligned,5,,,4000,0,0.6776929,0.07197103,0.20961314,0.040722955
2026_9_20_18-48-45-normal-460800.npz,5,0,normal,460800,20260920-184857-normal-460800,simultaneous_recording_user_confirmed_not_window_time_aligned,6,,,4000,0,0.57560444,0.06510055,0.23065257,0.12864247
2026_9_20_19-05-05-outBroken-115200.npz,0,2,outBroken,115200,20260920-190512-outBroken-115200,simultaneous_recording_user_confirmed_not_window_time_aligned,1,,,4000,1,0.3369962,0.38370985,0.15814489,0.12114908
2026_9_20_19-05-05-outBroken-115200.npz,1,2,outBroken,115200,20260920-190512-outBroken-115200,simultaneous_recording_user_confirmed_not_window_time_aligned,2,,,4000,0,0.40605316,0.12679659,0.20576796,0.26138228
2026_9_20_19-05-05-outBroken-115200.npz,2,2,outBroken,115200,20260920-190512-outBroken-115200,simultaneous_recording_user_confirmed_not_window_time_aligned,3,,,4000,0,0.7035429,0.03853652,0.16189401,0.096026614
2026_9_20_19-05-05-outBroken-115200.npz,3,2,outBroken,115200,20260920-190512-outBroken-115200,simultaneous_recording_user_confirmed_not_window_time_aligned,4,,,4000,0,0.50936526,0.10524138,0.20150734,0.183886
2026_9_20_19-05-05-outBroken-115200.npz,4,2,outBroken,115200,20260920-190512-outBroken-115200,simultaneous_recording_user_confirmed_not_window_time_aligned,5,,,4000,0,0.6077235,0.06403189,0.22369316,0.10455147
2026_9_20_19-05-05-outBroken-115200.npz,5,2,outBroken,115200,20260920-190512-outBroken-115200,simultaneous_recording_user_confirmed_not_window_time_aligned,6,,,4000,0,0.57385993,0.036184933,0.22426467,0.16569045
2026_9_20_19-05-05-outBroken-115200.npz,6,2,outBroken,115200,20260920-190512-outBroken-115200,simultaneous_recording_user_confirmed_not_window_time_aligned,7,,,4000,1,0.3813754,0.4736403,0.12591444,0.019069884
2026_9_20_19-05-05-outBroken-115200.npz,7,2,outBroken,115200,20260920-190512-outBroken-115200,simultaneous_recording_user_confirmed_not_window_time_aligned,8,,,4000,1,0.31888732,0.39474034,0.2147825,0.071589835
2026_9_20_19-09-18-outBroken-460800.npz,0,2,outBroken,460800,20260920-190913-outBroken-460800,simultaneous_recording_user_confirmed_not_window_time_aligned,1,,,4000,0,0.5737069,0.16332737,0.17710446,0.08586124
2026_9_20_19-09-18-outBroken-460800.npz,1,2,outBroken,460800,20260920-190913-outBroken-460800,simultaneous_recording_user_confirmed_not_window_time_aligned,2,,,4000,0,0.38832545,0.06562113,0.22634733,0.3197061
2026_9_20_19-09-18-outBroken-460800.npz,2,2,outBroken,460800,20260920-190913-outBroken-460800,simultaneous_recording_user_confirmed_not_window_time_aligned,3,,,4000,0,0.4680983,0.37705666,0.06644568,0.08839931
2026_9_20_19-09-18-outBroken-460800.npz,3,2,outBroken,460800,20260920-190913-outBroken-460800,simultaneous_recording_user_confirmed_not_window_time_aligned,35,,,4000,0,0.60023326,0.083510496,0.10879617,0.20746006
2026_9_20_19-09-18-outBroken-460800.npz,4,2,outBroken,460800,20260920-190913-outBroken-460800,simultaneous_recording_user_confirmed_not_window_time_aligned,36,,,4000,0,0.47215974,0.05021709,0.23868346,0.23893967
2026_9_20_19-09-18-outBroken-460800.npz,5,2,outBroken,460800,20260920-190913-outBroken-460800,simultaneous_recording_user_confirmed_not_window_time_aligned,38,,,4000,1,0.4052012,0.41697937,0.13259442,0.04522499
2026_9_20_19-09-18-outBroken-460800.npz,6,2,outBroken,460800,20260920-190913-outBroken-460800,simultaneous_recording_user_confirmed_not_window_time_aligned,39,,,4000,0,0.5236297,0.2283398,0.18248196,0.06554847
2026_9_20_19-09-18-outBroken-460800.npz,7,2,outBroken,460800,20260920-190913-outBroken-460800,simultaneous_recording_user_confirmed_not_window_time_aligned,40,,,4000,1,0.419091,0.44978103,0.10351108,0.027616916
2026_9_20_19-09-18-outBroken-460800.npz,8,2,outBroken,460800,20260920-190913-outBroken-460800,simultaneous_recording_user_confirmed_not_window_time_aligned,41,,,4000,0,0.4512312,0.24862929,0.1657493,0.13439019
2026_9_20_19-09-18-outBroken-460800.npz,9,2,outBroken,460800,20260920-190913-outBroken-460800,simultaneous_recording_user_confirmed_not_window_time_aligned,42,,,4000,1,0.35456035,0.37837556,0.2085156,0.058548573
2026_9_20_19-22-20-inBroken-115200.npz,0,1,inBroken,115200,20260920-192216-inBroken-115200,simultaneous_recording_user_confirmed_not_window_time_aligned,1,,,4000,0,0.56991315,0.11309714,0.2707289,0.046260834
2026_9_20_19-22-20-inBroken-115200.npz,1,1,inBroken,115200,20260920-192216-inBroken-115200,simultaneous_recording_user_confirmed_not_window_time_aligned,2,,,4000,0,0.6578942,0.13687338,0.18740587,0.017826563
2026_9_20_19-22-20-inBroken-115200.npz,2,1,inBroken,115200,20260920-192216-inBroken-115200,simultaneous_recording_user_confirmed_not_window_time_aligned,3,,,4000,0,0.7227707,0.038561348,0.22559038,0.013077539
2026_9_20_19-22-20-inBroken-115200.npz,3,1,inBroken,115200,20260920-192216-inBroken-115200,simultaneous_recording_user_confirmed_not_window_time_aligned,4,,,4000,0,0.5632971,0.15345086,0.24085099,0.04240109
2026_9_20_19-22-20-inBroken-115200.npz,4,1,inBroken,115200,20260920-192216-inBroken-115200,simultaneous_recording_user_confirmed_not_window_time_aligned,5,,,4000,0,0.43711343,0.220509,0.31878057,0.023596985
2026_9_20_19-22-20-inBroken-115200.npz,5,1,inBroken,115200,20260920-192216-inBroken-115200,simultaneous_recording_user_confirmed_not_window_time_aligned,6,,,4000,2,0.34528622,0.24843958,0.37631896,0.029955324
2026_9_20_19-22-20-inBroken-115200.npz,6,1,inBroken,115200,20260920-192216-inBroken-115200,simultaneous_recording_user_confirmed_not_window_time_aligned,7,,,4000,0,0.47186652,0.14849943,0.36149907,0.018135026
2026_9_20_19-22-20-inBroken-115200.npz,7,1,inBroken,115200,20260920-192216-inBroken-115200,simultaneous_recording_user_confirmed_not_window_time_aligned,8,,,4000,0,0.43112195,0.28675532,0.26160163,0.020521078
2026_9_20_19-26-17-inBroken-460800.npz,0,1,inBroken,460800,20260920-192610-inBroken-460800,simultaneous_recording_user_confirmed_not_window_time_aligned,1,,,4000,0,0.41718516,0.2850335,0.279185,0.018596327
2026_9_20_19-26-17-inBroken-460800.npz,1,1,inBroken,460800,20260920-192610-inBroken-460800,simultaneous_recording_user_confirmed_not_window_time_aligned,2,,,4000,2,0.32877532,0.1794625,0.4700322,0.021729989
2026_9_20_19-26-17-inBroken-460800.npz,2,1,inBroken,460800,20260920-192610-inBroken-460800,simultaneous_recording_user_confirmed_not_window_time_aligned,3,,,4000,0,0.5550602,0.1252056,0.25369856,0.06603558
2026_9_20_19-26-17-inBroken-460800.npz,3,1,inBroken,460800,20260920-192610-inBroken-460800,simultaneous_recording_user_confirmed_not_window_time_aligned,30,,,4000,0,0.38763368,0.29134223,0.22819093,0.09283315
2026_9_20_19-26-17-inBroken-460800.npz,4,1,inBroken,460800,20260920-192610-inBroken-460800,simultaneous_recording_user_confirmed_not_window_time_aligned,31,,,4000,0,0.45499945,0.31640968,0.2099865,0.018604336
2026_9_20_19-26-17-inBroken-460800.npz,5,1,inBroken,460800,20260920-192610-inBroken-460800,simultaneous_recording_user_confirmed_not_window_time_aligned,32,,,4000,0,0.46878123,0.20244572,0.31222123,0.0165518
2026_9_20_19-26-17-inBroken-460800.npz,6,1,inBroken,460800,20260920-192610-inBroken-460800,simultaneous_recording_user_confirmed_not_window_time_aligned,33,,,4000,0,0.3766478,0.37134895,0.23054442,0.021458874
2026_9_20_19-37-24-roll-115200.npz,0,3,roll,115200,20260920-193718-roll-115200,simultaneous_recording_user_confirmed_not_window_time_aligned,1,,,4000,0,0.6341614,0.013475887,0.32626137,0.02610132
2026_9_20_19-37-24-roll-115200.npz,1,3,roll,115200,20260920-193718-roll-115200,simultaneous_recording_user_confirmed_not_window_time_aligned,2,,,4000,0,0.3420078,0.20708206,0.3147512,0.13615893
2026_9_20_19-37-24-roll-115200.npz,2,3,roll,115200,20260920-193718-roll-115200,simultaneous_recording_user_confirmed_not_window_time_aligned,3,,,4000,0,0.4295635,0.18928413,0.20680282,0.17434955
2026_9_20_19-37-24-roll-115200.npz,3,3,roll,115200,20260920-193718-roll-115200,simultaneous_recording_user_confirmed_not_window_time_aligned,4,,,4000,0,0.60163426,0.09911596,0.17115533,0.12809448
2026_9_20_19-37-24-roll-115200.npz,4,3,roll,115200,20260920-193718-roll-115200,simultaneous_recording_user_confirmed_not_window_time_aligned,5,,,4000,0,0.4687529,0.12226031,0.18709326,0.22189352
2026_9_20_19-37-24-roll-115200.npz,5,3,roll,115200,20260920-193718-roll-115200,simultaneous_recording_user_confirmed_not_window_time_aligned,6,,,4000,0,0.49859104,0.14475451,0.20034619,0.15630826
2026_9_20_19-37-24-roll-115200.npz,6,3,roll,115200,20260920-193718-roll-115200,simultaneous_recording_user_confirmed_not_window_time_aligned,7,,,4000,0,0.70371896,0.078181796,0.15091993,0.06717932
2026_9_20_19-37-24-roll-115200.npz,7,3,roll,115200,20260920-193718-roll-115200,simultaneous_recording_user_confirmed_not_window_time_aligned,8,,,4000,0,0.5204176,0.116975464,0.18677673,0.17583025
2026_9_20_19-37-24-roll-115200.npz,8,3,roll,115200,20260920-193718-roll-115200,simultaneous_recording_user_confirmed_not_window_time_aligned,9,,,4000,0,0.5442817,0.08540881,0.19074939,0.1795601
2026_9_20_19-41-02-roll-460800.npz,0,3,roll,460800,20260920-194108-roll-460800,simultaneous_recording_user_confirmed_not_window_time_aligned,1,,,4000,3,0.41593203,0.102025,0.024898876,0.45714414
2026_9_20_19-41-02-roll-460800.npz,1,3,roll,460800,20260920-194108-roll-460800,simultaneous_recording_user_confirmed_not_window_time_aligned,2,,,4000,3,0.37969002,0.15038688,0.03840984,0.4315133
2026_9_20_19-41-02-roll-460800.npz,2,3,roll,460800,20260920-194108-roll-460800,simultaneous_recording_user_confirmed_not_window_time_aligned,3,,,4000,0,0.355399,0.32012597,0.060041286,0.26443377
