bag_id,p0,p1,p2,p3,candidate_class,geometry_roi_mismatch,diagnosis_status
20260920-184058-normal-11520,0.9920555989972694,0.0027534236308527542,0.002210700266803903,0.002980277105073974,0,False,experimental_not_deployment_validated
20260920-184857-normal-460800,0.9863202021139078,0.005762176544096422,0.00459215441920972,0.0033254669227860295,0,False,experimental_not_deployment_validated
20260920-190512-outBroken-115200,0.002964137803851008,1.3340673786766924e-05,0.9921735545529896,0.004848966969372582,2,True,invalid_or_unverified_target_roi
20260920-190913-outBroken-460800,0.0016463779353694705,2.633624515505747e-05,0.9938606338736498,0.004466651945825834,2,True,invalid_or_unverified_target_roi
20260920-192216-inBroken-115200,0.0066510581123110975,0.9871056168112321,0.00023546148742772756,0.006007863589029112,1,False,experimental_not_deployment_validated
20260920-192610-inBroken-460800,0.002587514564876361,0.9912616117629058,8.57528938815439e-05,0.006065120778336233,1,False,experimental_not_deployment_validated
20260920-193718-roll-115200,0.005751509662014379,0.009580753081683165,0.006148735803662771,0.9785190014526397,3,False,experimental_not_deployment_validated
20260920-194108-roll-460800,0.0005730434509527143,0.002935480612121465,0.002105192847237789,0.994386283089688,3,False,experimental_not_deployment_validated
20260920-195424-keep-115200,0.07960305213747533,0.0007729963758225919,0.8792256928219313,0.04039825866477088,2,True,invalid_or_unverified_target_roi
20260920-195753-keep-460800,0.03648706970572387,0.00034893955990245224,0.9373429286071201,0.025821062127253627,2,True,invalid_or_unverified_target_roi
20260920-201757-bigNormal-115200,0.032194716217838176,0.05923407698813012,0.3692729378501701,0.5392982689438616,3,False,experimental_not_deployment_validated
20260920-202115-bigNormal-460800,0.03874815432583539,0.04899914433276777,0.5514184114072258,0.3608342899341711,2,False,experimental_not_deployment_validated
