plan_id,stage,required,session_plan,split_fixed_speed,fault_type_plan,rpm_setpoint_plan,environment_plan,distance_cm_plan,azimuth_deg_plan,elevation_deg_plan,min_stable_seconds_plan,target_contact_complete_packets,radar_cfg_policy,planned_order,reference_policy,run_status,recording_id,attempt_id,parent_failed_attempt,operator_id,session_date,session_actual,independent_restart_id,bearing_entity_id,motor_id,bearing_mount_id,contact_mount_id,radar_pose_id,environment_actual,distance_cm_actual,distance_reference,azimuth_deg_actual,elevation_deg_actual,rpm_setpoint_actual,rpm_feedback_mean,rpm_feedback_min,rpm_feedback_max,rpm_evidence_type,rpm_log_path,load_setting,load_evidence,ambient_temp_C,motor_temp_start_C,motor_temp_end_C,temperature_source,warmup_minutes,elapsed_motor_running_minutes,contact_sensor_model,contact_sample_rate_hz,contact_sample_rate_evidence,contact_range,contact_units,contact_filter_setting,contact_axis_description,serial_baud,serial_framing,contact_payload_format,contact_packet_samples,radar_board_id,radar_cfg_path,radar_cfg_sha256,radar_tx_mask,radar_rx_gain_dB,radar_fw_version,radar_sdk_dfp_version,capture_sw_version,dca_fw_version,dca_packet_delay,dca_packet_loss_count,radar_start_utc,radar_stop_utc,contact_start_utc,contact_stop_utc,clock_source,clock_domain_id,stable_start_marker,stable_end_marker,stable_marker_semantics,stable_duration_s,radar_path,contact_raw_path,contact_timing_path,dca_log_path,cli_log_path,photo_path,radar_bytes,contact_bytes,observed_raw_byte_rate,contact_packets_started,contact_complete_packets,contact_invalid_records,contact_counter_breaks,contact_crc_failures,radar_valid_chirp_fraction,adc_rail_fraction,adc_bit_alignment_confirmed,range_peak_m,qc_status,qc_rule_version,qc_reason,fault_label_source,physical_change_notes,raw_sha256_manifest_path
KEEP-A-01,optional_new_fault,optional,A,contact_head_only_train,keep,1000,room,40,0,0,30,20,one_pilot_accepted_cfg_for_all_main_rows,1,training_only_no_test_normal_reference,PLANNED_NOT_COLLECTED,,,,,,,,,,,,,,,,,,,,,,,,,,,,,,,,,,,,,,,,,,,,,,,,,,,,,,,,,,,,,,,,,,,,,,,,,,,,,,,,,,,,,,,
KEEP-A-02,optional_new_fault,optional,A,contact_head_only_train,keep,2000,room,40,0,0,30,20,one_pilot_accepted_cfg_for_all_main_rows,2,training_only_no_test_normal_reference,PLANNED_NOT_COLLECTED,,,,,,,,,,,,,,,,,,,,,,,,,,,,,,,,,,,,,,,,,,,,,,,,,,,,,,,,,,,,,,,,,,,,,,,,,,,,,,,,,,,,,,,
KEEP-A-03,optional_new_fault,optional,A,contact_head_only_train,keep,3000,room,40,0,0,30,20,one_pilot_accepted_cfg_for_all_main_rows,3,training_only_no_test_normal_reference,PLANNED_NOT_COLLECTED,,,,,,,,,,,,,,,,,,,,,,,,,,,,,,,,,,,,,,,,,,,,,,,,,,,,,,,,,,,,,,,,,,,,,,,,,,,,,,,,,,,,,,,
KEEP-B-01,optional_new_fault,optional,B,contact_head_only_train,keep,1000,room,40,0,0,30,20,one_pilot_accepted_cfg_for_all_main_rows,1,training_only_no_test_normal_reference,PLANNED_NOT_COLLECTED,,,,,,,,,,,,,,,,,,,,,,,,,,,,,,,,,,,,,,,,,,,,,,,,,,,,,,,,,,,,,,,,,,,,,,,,,,,,,,,,,,,,,,,
KEEP-B-02,optional_new_fault,optional,B,contact_head_only_train,keep,2000,room,40,0,0,30,20,one_pilot_accepted_cfg_for_all_main_rows,2,training_only_no_test_normal_reference,PLANNED_NOT_COLLECTED,,,,,,,,,,,,,,,,,,,,,,,,,,,,,,,,,,,,,,,,,,,,,,,,,,,,,,,,,,,,,,,,,,,,,,,,,,,,,,,,,,,,,,,
KEEP-B-03,optional_new_fault,optional,B,contact_head_only_train,keep,3000,room,40,0,0,30,20,one_pilot_accepted_cfg_for_all_main_rows,3,training_only_no_test_normal_reference,PLANNED_NOT_COLLECTED,,,,,,,,,,,,,,,,,,,,,,,,,,,,,,,,,,,,,,,,,,,,,,,,,,,,,,,,,,,,,,,,,,,,,,,,,,,,,,,,,,,,,,,
KEEP-C-01,optional_new_fault,optional,C,contact_head_only_validation,keep,1000,room,40,0,0,30,20,one_pilot_accepted_cfg_for_all_main_rows,1,training_only_no_test_normal_reference,PLANNED_NOT_COLLECTED,,,,,,,,,,,,,,,,,,,,,,,,,,,,,,,,,,,,,,,,,,,,,,,,,,,,,,,,,,,,,,,,,,,,,,,,,,,,,,,,,,,,,,,
KEEP-C-02,optional_new_fault,optional,C,contact_head_only_validation,keep,2000,room,40,0,0,30,20,one_pilot_accepted_cfg_for_all_main_rows,2,training_only_no_test_normal_reference,PLANNED_NOT_COLLECTED,,,,,,,,,,,,,,,,,,,,,,,,,,,,,,,,,,,,,,,,,,,,,,,,,,,,,,,,,,,,,,,,,,,,,,,,,,,,,,,,,,,,,,,
KEEP-C-03,optional_new_fault,optional,C,contact_head_only_validation,keep,3000,room,40,0,0,30,20,one_pilot_accepted_cfg_for_all_main_rows,3,training_only_no_test_normal_reference,PLANNED_NOT_COLLECTED,,,,,,,,,,,,,,,,,,,,,,,,,,,,,,,,,,,,,,,,,,,,,,,,,,,,,,,,,,,,,,,,,,,,,,,,,,,,,,,,,,,,,,,
KEEP-D-01,optional_new_fault,optional,D,new_fault_sealed_test,keep,1000,room,40,0,0,30,20,one_pilot_accepted_cfg_for_all_main_rows,1,training_only_no_test_normal_reference,PLANNED_NOT_COLLECTED,,,,,,,,,,,,,,,,,,,,,,,,,,,,,,,,,,,,,,,,,,,,,,,,,,,,,,,,,,,,,,,,,,,,,,,,,,,,,,,,,,,,,,,
KEEP-D-02,optional_new_fault,optional,D,new_fault_sealed_test,keep,2000,room,40,0,0,30,20,one_pilot_accepted_cfg_for_all_main_rows,2,training_only_no_test_normal_reference,PLANNED_NOT_COLLECTED,,,,,,,,,,,,,,,,,,,,,,,,,,,,,,,,,,,,,,,,,,,,,,,,,,,,,,,,,,,,,,,,,,,,,,,,,,,,,,,,,,,,,,,
KEEP-D-03,optional_new_fault,optional,D,new_fault_sealed_test,keep,3000,room,40,0,0,30,20,one_pilot_accepted_cfg_for_all_main_rows,3,training_only_no_test_normal_reference,PLANNED_NOT_COLLECTED,,,,,,,,,,,,,,,,,,,,,,,,,,,,,,,,,,,,,,,,,,,,,,,,,,,,,,,,,,,,,,,,,,,,,,,,,,,,,,,,,,,,,,,
