file,label,state,baud,bag_id,p10_0,p10_1,p10_2,p10_3,p10_4,p10_5,p10_6,p10_7,p10_8,p10_9,p4_0,p4_1,p4_2,p4_3,pred4,pred10
2026_9_20_18-41-41-normal-115200.npz,0,normal,115200,20260920-184058-normal-11520,0.3182523,2.9157084e-06,0.0010861886,9.788759e-06,0.0005274638,0.3398533,1.9639556e-07,2.3741257e-11,0.0034271167,0.33684072,0.3182523,0.001098893,0.34026787,0.34038094,3,5
2026_9_20_18-48-45-normal-460800.npz,0,normal,460800,20260920-184857-normal-460800,0.28361812,1.2197704e-06,0.005580107,1.5948646e-05,0.001075128,0.34008536,4.7961527e-07,6.539284e-11,0.0048323595,0.36479127,0.28361812,0.005597276,0.36962366,0.34116098,2,9
2026_9_20_19-05-05-outBroken-115200.npz,2,outBroken,115200,20260920-190512-outBroken-115200,0.320588,1.0477981e-07,0.0022738718,1.491478e-06,3.987072e-05,0.35135034,2.145988e-06,4.163292e-12,0.027663738,0.29808044,0.320588,0.002275468,0.32574418,0.35139236,3,5
2026_9_20_19-09-18-outBroken-460800.npz,2,outBroken,460800,20260920-190913-outBroken-460800,0.31217754,8.96517e-08,0.0067705684,1.232663e-06,4.5170473e-05,0.38819894,2.880976e-06,2.4682502e-12,0.009117637,0.28368595,0.31217754,0.006771891,0.2928036,0.38824698,3,5
2026_9_20_19-22-20-inBroken-115200.npz,1,inBroken,115200,20260920-192216-inBroken-115200,0.5893203,1.2177229e-08,6.111414e-05,6.6614643e-07,1.8322919e-05,0.018996643,1.09931e-08,5.4550817e-12,6.0225275e-06,0.39159694,0.5893203,6.179246e-05,0.39160296,0.019014977,0,0
2026_9_20_19-26-17-inBroken-460800.npz,1,inBroken,460800,20260920-192610-inBroken-460800,0.6023776,7.221669e-09,0.00021707207,4.4987024e-07,1.6495607e-05,0.01136692,7.4179343e-09,3.5233366e-12,8.486785e-06,0.38601297,0.6023776,0.00021752914,0.38602144,0.011383423,0,0
2026_9_20_19-37-24-roll-115200.npz,3,roll,115200,20260920-193718-roll-115200,0.30685288,4.7760738e-09,0.014415377,9.976671e-07,3.6487287e-05,0.20312217,5.992939e-08,4.787076e-12,0.0015501986,0.47402185,0.30685288,0.014416378,0.47557205,0.2031587,2,9
2026_9_20_19-41-02-roll-460800.npz,3,roll,460800,20260920-194108-roll-460800,0.40813193,6.3087874e-10,0.008920014,2.0757982e-07,5.7142897e-06,0.16953795,2.8542402e-09,3.291805e-12,1.3128702e-05,0.41339108,0.40813193,0.0089202225,0.4134042,0.16954364,2,9
2026_9_20_19-54-31-keep-115200.npz,-1,keep,115200,20260920-195424-keep-115200,0.35778737,8.655654e-09,0.030075958,4.7062025e-07,2.1114744e-05,0.23901187,9.859481e-09,8.7709935e-12,3.86975e-06,0.37309933,0.35778737,0.030076439,0.3731032,0.239033,2,9
2026_9_20_19-58-01-keep-460800.npz,-1,keep,460800,20260920-195753-keep-460800,0.36103863,2.2451117e-08,0.014804533,6.8336306e-07,3.997921e-05,0.2824936,2.2403558e-08,7.7110835e-12,6.378865e-06,0.34161618,0.36103863,0.01480524,0.34162256,0.2825336,0,0
2026_9_20_20-17-49-bigNormal-115200.npz,-1,bigNormal,115200,20260920-201757-bigNormal-115200,2.6003425e-12,0.021509418,0.02956698,1.5706772e-07,3.1641105e-07,7.9056605e-07,2.773771e-06,4.9012704e-12,0.9488209,9.8677134e-05,2.6003425e-12,0.051076557,0.94891953,3.880748e-06,2,8
2026_9_20_20-21-22-bigNormal-460800.npz,-1,bigNormal,460800,20260920-202115-bigNormal-460800,2.4705262e-12,0.0016721339,0.00045242283,2.478262e-08,4.522182e-08,9.855653e-08,2.7092e-07,7.501972e-13,0.9977636,0.00011143619,2.4705262e-12,0.0021245815,0.99787503,4.1469832e-07,2,8
