recording_id,geometry_roi_mismatch,range_center_m,intended_distance_m,geometry_source
20260920-184058-normal-11520,False,0.4620187125632157,0.45,actual_inference_metadata
20260920-184857-normal-460800,False,0.4620187125632157,0.45,actual_inference_metadata
20260920-190512-outBroken-115200,True,0.8838618849035432,0.45,actual_inference_metadata
20260920-190913-outBroken-460800,True,0.8838618849035432,0.45,actual_inference_metadata
20260920-192216-inBroken-115200,False,0.4620187125632157,0.45,actual_inference_metadata
20260920-192610-inBroken-460800,False,0.4620187125632157,0.45,actual_inference_metadata
20260920-193718-roll-115200,False,0.4821064826746599,0.45,actual_inference_metadata
20260920-194108-roll-460800,False,0.4821064826746599,0.45,actual_inference_metadata
20260920-195424-keep-115200,True,0.8838618849035432,0.45,actual_inference_metadata
20260920-195753-keep-460800,True,0.8838618849035432,0.45,actual_inference_metadata
20260920-201757-bigNormal-115200,False,0.5222820228975482,0.45,actual_inference_metadata
20260920-202115-bigNormal-460800,False,0.5222820228975482,0.45,actual_inference_metadata
