bag_id,range_center_m,intended_distance_m,geometry_roi_mismatch
20260920-184058-normal-11520,0.4620187125632157,0.45,False
20260920-184058-normal-11520,0.4620187125632157,0.45,False
20260920-184058-normal-11520,0.4620187125632157,0.45,False
20260920-184058-normal-11520,0.4620187125632157,0.45,False
20260920-184058-normal-11520,0.4620187125632157,0.45,False
20260920-184058-normal-11520,0.4620187125632157,0.45,False
20260920-184058-normal-11520,0.4620187125632157,0.45,False
20260920-184058-normal-11520,0.4620187125632157,0.45,False
20260920-184058-normal-11520,0.4620187125632157,0.45,False
20260920-184058-normal-11520,0.4620187125632157,0.45,False
20260920-184058-normal-11520,0.4620187125632157,0.45,False
20260920-184058-normal-11520,0.4620187125632157,0.45,False
20260920-184058-normal-11520,0.4620187125632157,0.45,False
20260920-184058-normal-11520,0.4620187125632157,0.45,False
20260920-184058-normal-11520,0.4620187125632157,0.45,False
20260920-184058-normal-11520,0.4620187125632157,0.45,False
20260920-184058-normal-11520,0.4620187125632157,0.45,False
20260920-184058-normal-11520,0.4620187125632157,0.45,False
20260920-184058-normal-11520,0.4620187125632157,0.45,False
20260920-184058-normal-11520,0.4620187125632157,0.45,False
20260920-184058-normal-11520,0.4620187125632157,0.45,False
20260920-184058-normal-11520,0.4620187125632157,0.45,False
20260920-184058-normal-11520,0.4620187125632157,0.45,False
20260920-184058-normal-11520,0.4620187125632157,0.45,False
20260920-184058-normal-11520,0.4620187125632157,0.45,False
20260920-184058-normal-11520,0.4620187125632157,0.45,False
20260920-184058-normal-11520,0.4620187125632157,0.45,False
20260920-184058-normal-11520,0.4620187125632157,0.45,False
20260920-184058-normal-11520,0.4620187125632157,0.45,False
20260920-184058-normal-11520,0.4620187125632157,0.45,False
20260920-184058-normal-11520,0.4620187125632157,0.45,False
20260920-184058-normal-11520,0.4620187125632157,0.45,False
20260920-184058-normal-11520,0.4620187125632157,0.45,False
20260920-184058-normal-11520,0.4620187125632157,0.45,False
20260920-184058-normal-11520,0.4620187125632157,0.45,False
20260920-184058-normal-11520,0.4620187125632157,0.45,False
20260920-184058-normal-11520,0.4620187125632157,0.45,False
20260920-184058-normal-11520,0.4620187125632157,0.45,False
20260920-184058-normal-11520,0.4620187125632157,0.45,False
20260920-184058-normal-11520,0.4620187125632157,0.45,False
20260920-184058-normal-11520,0.4620187125632157,0.45,False
20260920-184058-normal-11520,0.4620187125632157,0.45,False
20260920-184058-normal-11520,0.4620187125632157,0.45,False
20260920-184058-normal-11520,0.4620187125632157,0.45,False
20260920-184058-normal-11520,0.4620187125632157,0.45,False
20260920-184058-normal-11520,0.4620187125632157,0.45,False
20260920-184058-normal-11520,0.4620187125632157,0.45,False
20260920-184058-normal-11520,0.4620187125632157,0.45,False
20260920-184058-normal-11520,0.4620187125632157,0.45,False
20260920-184058-normal-11520,0.4620187125632157,0.45,False
20260920-184058-normal-11520,0.4620187125632157,0.45,False
20260920-184058-normal-11520,0.4620187125632157,0.45,False
20260920-184058-normal-11520,0.4620187125632157,0.45,False
20260920-184058-normal-11520,0.4620187125632157,0.45,False
20260920-184058-normal-11520,0.4620187125632157,0.45,False
20260920-184058-normal-11520,0.4620187125632157,0.45,False
20260920-184058-normal-11520,0.4620187125632157,0.45,False
20260920-184058-normal-11520,0.4620187125632157,0.45,False
20260920-184058-normal-11520,0.4620187125632157,0.45,False
20260920-184058-normal-11520,0.4620187125632157,0.45,False
20260920-184058-normal-11520,0.4620187125632157,0.45,False
20260920-184857-normal-460800,0.4620187125632157,0.45,False
20260920-184857-normal-460800,0.4620187125632157,0.45,False
20260920-184857-normal-460800,0.4620187125632157,0.45,False
20260920-184857-normal-460800,0.4620187125632157,0.45,False
20260920-184857-normal-460800,0.4620187125632157,0.45,False
20260920-184857-normal-460800,0.4620187125632157,0.45,False
20260920-184857-normal-460800,0.4620187125632157,0.45,False
20260920-184857-normal-460800,0.4620187125632157,0.45,False
20260920-184857-normal-460800,0.4620187125632157,0.45,False
20260920-184857-normal-460800,0.4620187125632157,0.45,False
20260920-184857-normal-460800,0.4620187125632157,0.45,False
20260920-184857-normal-460800,0.4620187125632157,0.45,False
20260920-184857-normal-460800,0.4620187125632157,0.45,False
20260920-184857-normal-460800,0.4620187125632157,0.45,False
20260920-184857-normal-460800,0.4620187125632157,0.45,False
20260920-184857-normal-460800,0.4620187125632157,0.45,False
20260920-184857-normal-460800,0.4620187125632157,0.45,False
20260920-184857-normal-460800,0.4620187125632157,0.45,False
20260920-184857-normal-460800,0.4620187125632157,0.45,False
20260920-184857-normal-460800,0.4620187125632157,0.45,False
20260920-184857-normal-460800,0.4620187125632157,0.45,False
20260920-184857-normal-460800,0.4620187125632157,0.45,False
20260920-184857-normal-460800,0.4620187125632157,0.45,False
20260920-184857-normal-460800,0.4620187125632157,0.45,False
20260920-184857-normal-460800,0.4620187125632157,0.45,False
20260920-184857-normal-460800,0.4620187125632157,0.45,False
20260920-184857-normal-460800,0.4620187125632157,0.45,False
20260920-184857-normal-460800,0.4620187125632157,0.45,False
20260920-184857-normal-460800,0.4620187125632157,0.45,False
20260920-184857-normal-460800,0.4620187125632157,0.45,False
20260920-184857-normal-460800,0.4620187125632157,0.45,False
20260920-184857-normal-460800,0.4620187125632157,0.45,False
20260920-184857-normal-460800,0.4620187125632157,0.45,False
20260920-184857-normal-460800,0.4620187125632157,0.45,False
20260920-184857-normal-460800,0.4620187125632157,0.45,False
20260920-184857-normal-460800,0.4620187125632157,0.45,False
20260920-184857-normal-460800,0.4620187125632157,0.45,False
20260920-184857-normal-460800,0.4620187125632157,0.45,False
20260920-184857-normal-460800,0.4620187125632157,0.45,False
20260920-184857-normal-460800,0.4620187125632157,0.45,False
20260920-184857-normal-460800,0.4620187125632157,0.45,False
20260920-184857-normal-460800,0.4620187125632157,0.45,False
20260920-184857-normal-460800,0.4620187125632157,0.45,False
20260920-184857-normal-460800,0.4620187125632157,0.45,False
20260920-184857-normal-460800,0.4620187125632157,0.45,False
20260920-184857-normal-460800,0.4620187125632157,0.45,False
20260920-184857-normal-460800,0.4620187125632157,0.45,False
20260920-184857-normal-460800,0.4620187125632157,0.45,False
20260920-190512-outBroken-115200,0.8838618849035432,0.45,True
20260920-190512-outBroken-115200,0.8838618849035432,0.45,True
20260920-190512-outBroken-115200,0.8838618849035432,0.45,True
20260920-190512-outBroken-115200,0.8838618849035432,0.45,True
20260920-190512-outBroken-115200,0.8838618849035432,0.45,True
20260920-190512-outBroken-115200,0.8838618849035432,0.45,True
20260920-190512-outBroken-115200,0.8838618849035432,0.45,True
20260920-190512-outBroken-115200,0.8838618849035432,0.45,True
20260920-190512-outBroken-115200,0.8838618849035432,0.45,True
20260920-190512-outBroken-115200,0.8838618849035432,0.45,True
20260920-190512-outBroken-115200,0.8838618849035432,0.45,True
20260920-190512-outBroken-115200,0.8838618849035432,0.45,True
20260920-190512-outBroken-115200,0.8838618849035432,0.45,True
20260920-190512-outBroken-115200,0.8838618849035432,0.45,True
20260920-190512-outBroken-115200,0.8838618849035432,0.45,True
20260920-190512-outBroken-115200,0.8838618849035432,0.45,True
20260920-190512-outBroken-115200,0.8838618849035432,0.45,True
20260920-190512-outBroken-115200,0.8838618849035432,0.45,True
20260920-190512-outBroken-115200,0.8838618849035432,0.45,True
20260920-190512-outBroken-115200,0.8838618849035432,0.45,True
20260920-190512-outBroken-115200,0.8838618849035432,0.45,True
20260920-190512-outBroken-115200,0.8838618849035432,0.45,True
20260920-190512-outBroken-115200,0.8838618849035432,0.45,True
20260920-190512-outBroken-115200,0.8838618849035432,0.45,True
20260920-190512-outBroken-115200,0.8838618849035432,0.45,True
20260920-190512-outBroken-115200,0.8838618849035432,0.45,True
20260920-190512-outBroken-115200,0.8838618849035432,0.45,True
20260920-190512-outBroken-115200,0.8838618849035432,0.45,True
20260920-190512-outBroken-115200,0.8838618849035432,0.45,True
20260920-190512-outBroken-115200,0.8838618849035432,0.45,True
20260920-190512-outBroken-115200,0.8838618849035432,0.45,True
20260920-190512-outBroken-115200,0.8838618849035432,0.45,True
20260920-190512-outBroken-115200,0.8838618849035432,0.45,True
20260920-190512-outBroken-115200,0.8838618849035432,0.45,True
20260920-190512-outBroken-115200,0.8838618849035432,0.45,True
20260920-190512-outBroken-115200,0.8838618849035432,0.45,True
20260920-190512-outBroken-115200,0.8838618849035432,0.45,True
20260920-190512-outBroken-115200,0.8838618849035432,0.45,True
20260920-190512-outBroken-115200,0.8838618849035432,0.45,True
20260920-190512-outBroken-115200,0.8838618849035432,0.45,True
20260920-190512-outBroken-115200,0.8838618849035432,0.45,True
20260920-190512-outBroken-115200,0.8838618849035432,0.45,True
20260920-190512-outBroken-115200,0.8838618849035432,0.45,True
20260920-190512-outBroken-115200,0.8838618849035432,0.45,True
20260920-190512-outBroken-115200,0.8838618849035432,0.45,True
20260920-190512-outBroken-115200,0.8838618849035432,0.45,True
20260920-190512-outBroken-115200,0.8838618849035432,0.45,True
20260920-190512-outBroken-115200,0.8838618849035432,0.45,True
20260920-190512-outBroken-115200,0.8838618849035432,0.45,True
20260920-190512-outBroken-115200,0.8838618849035432,0.45,True
20260920-190913-outBroken-460800,0.8838618849035432,0.45,True
20260920-190913-outBroken-460800,0.8838618849035432,0.45,True
20260920-190913-outBroken-460800,0.8838618849035432,0.45,True
20260920-190913-outBroken-460800,0.8838618849035432,0.45,True
20260920-190913-outBroken-460800,0.8838618849035432,0.45,True
20260920-190913-outBroken-460800,0.8838618849035432,0.45,True
20260920-190913-outBroken-460800,0.8838618849035432,0.45,True
20260920-190913-outBroken-460800,0.8838618849035432,0.45,True
20260920-190913-outBroken-460800,0.8838618849035432,0.45,True
20260920-190913-outBroken-460800,0.8838618849035432,0.45,True
20260920-190913-outBroken-460800,0.8838618849035432,0.45,True
20260920-190913-outBroken-460800,0.8838618849035432,0.45,True
20260920-190913-outBroken-460800,0.8838618849035432,0.45,True
20260920-190913-outBroken-460800,0.8838618849035432,0.45,True
20260920-190913-outBroken-460800,0.8838618849035432,0.45,True
20260920-190913-outBroken-460800,0.8838618849035432,0.45,True
20260920-190913-outBroken-460800,0.8838618849035432,0.45,True
20260920-190913-outBroken-460800,0.8838618849035432,0.45,True
20260920-190913-outBroken-460800,0.8838618849035432,0.45,True
20260920-190913-outBroken-460800,0.8838618849035432,0.45,True
20260920-190913-outBroken-460800,0.8838618849035432,0.45,True
20260920-190913-outBroken-460800,0.8838618849035432,0.45,True
20260920-190913-outBroken-460800,0.8838618849035432,0.45,True
20260920-190913-outBroken-460800,0.8838618849035432,0.45,True
20260920-190913-outBroken-460800,0.8838618849035432,0.45,True
20260920-190913-outBroken-460800,0.8838618849035432,0.45,True
20260920-190913-outBroken-460800,0.8838618849035432,0.45,True
20260920-190913-outBroken-460800,0.8838618849035432,0.45,True
20260920-190913-outBroken-460800,0.8838618849035432,0.45,True
20260920-190913-outBroken-460800,0.8838618849035432,0.45,True
20260920-190913-outBroken-460800,0.8838618849035432,0.45,True
20260920-190913-outBroken-460800,0.8838618849035432,0.45,True
20260920-190913-outBroken-460800,0.8838618849035432,0.45,True
20260920-190913-outBroken-460800,0.8838618849035432,0.45,True
20260920-190913-outBroken-460800,0.8838618849035432,0.45,True
20260920-190913-outBroken-460800,0.8838618849035432,0.45,True
20260920-190913-outBroken-460800,0.8838618849035432,0.45,True
20260920-190913-outBroken-460800,0.8838618849035432,0.45,True
20260920-190913-outBroken-460800,0.8838618849035432,0.45,True
20260920-190913-outBroken-460800,0.8838618849035432,0.45,True
20260920-190913-outBroken-460800,0.8838618849035432,0.45,True
20260920-190913-outBroken-460800,0.8838618849035432,0.45,True
20260920-190913-outBroken-460800,0.8838618849035432,0.45,True
20260920-190913-outBroken-460800,0.8838618849035432,0.45,True
20260920-190913-outBroken-460800,0.8838618849035432,0.45,True
20260920-190913-outBroken-460800,0.8838618849035432,0.45,True
20260920-190913-outBroken-460800,0.8838618849035432,0.45,True
20260920-190913-outBroken-460800,0.8838618849035432,0.45,True
20260920-190913-outBroken-460800,0.8838618849035432,0.45,True
20260920-190913-outBroken-460800,0.8838618849035432,0.45,True
20260920-192216-inBroken-115200,0.4620187125632157,0.45,False
20260920-192216-inBroken-115200,0.4620187125632157,0.45,False
20260920-192216-inBroken-115200,0.4620187125632157,0.45,False
20260920-192216-inBroken-115200,0.4620187125632157,0.45,False
20260920-192216-inBroken-115200,0.4620187125632157,0.45,False
20260920-192216-inBroken-115200,0.4620187125632157,0.45,False
20260920-192216-inBroken-115200,0.4620187125632157,0.45,False
20260920-192216-inBroken-115200,0.4620187125632157,0.45,False
20260920-192216-inBroken-115200,0.4620187125632157,0.45,False
20260920-192216-inBroken-115200,0.4620187125632157,0.45,False
20260920-192216-inBroken-115200,0.4620187125632157,0.45,False
20260920-192216-inBroken-115200,0.4620187125632157,0.45,False
20260920-192216-inBroken-115200,0.4620187125632157,0.45,False
20260920-192216-inBroken-115200,0.4620187125632157,0.45,False
20260920-192216-inBroken-115200,0.4620187125632157,0.45,False
20260920-192216-inBroken-115200,0.4620187125632157,0.45,False
20260920-192216-inBroken-115200,0.4620187125632157,0.45,False
20260920-192216-inBroken-115200,0.4620187125632157,0.45,False
20260920-192216-inBroken-115200,0.4620187125632157,0.45,False
20260920-192216-inBroken-115200,0.4620187125632157,0.45,False
20260920-192216-inBroken-115200,0.4620187125632157,0.45,False
20260920-192216-inBroken-115200,0.4620187125632157,0.45,False
20260920-192216-inBroken-115200,0.4620187125632157,0.45,False
20260920-192216-inBroken-115200,0.4620187125632157,0.45,False
20260920-192216-inBroken-115200,0.4620187125632157,0.45,False
20260920-192216-inBroken-115200,0.4620187125632157,0.45,False
20260920-192216-inBroken-115200,0.4620187125632157,0.45,False
20260920-192216-inBroken-115200,0.4620187125632157,0.45,False
20260920-192216-inBroken-115200,0.4620187125632157,0.45,False
20260920-192216-inBroken-115200,0.4620187125632157,0.45,False
20260920-192216-inBroken-115200,0.4620187125632157,0.45,False
20260920-192216-inBroken-115200,0.4620187125632157,0.45,False
20260920-192216-inBroken-115200,0.4620187125632157,0.45,False
20260920-192216-inBroken-115200,0.4620187125632157,0.45,False
20260920-192216-inBroken-115200,0.4620187125632157,0.45,False
20260920-192216-inBroken-115200,0.4620187125632157,0.45,False
20260920-192216-inBroken-115200,0.4620187125632157,0.45,False
20260920-192216-inBroken-115200,0.4620187125632157,0.45,False
20260920-192216-inBroken-115200,0.4620187125632157,0.45,False
20260920-192216-inBroken-115200,0.4620187125632157,0.45,False
20260920-192216-inBroken-115200,0.4620187125632157,0.45,False
20260920-192216-inBroken-115200,0.4620187125632157,0.45,False
20260920-192216-inBroken-115200,0.4620187125632157,0.45,False
20260920-192216-inBroken-115200,0.4620187125632157,0.45,False
20260920-192216-inBroken-115200,0.4620187125632157,0.45,False
20260920-192216-inBroken-115200,0.4620187125632157,0.45,False
20260920-192216-inBroken-115200,0.4620187125632157,0.45,False
20260920-192216-inBroken-115200,0.4620187125632157,0.45,False
20260920-192216-inBroken-115200,0.4620187125632157,0.45,False
20260920-192216-inBroken-115200,0.4620187125632157,0.45,False
20260920-192610-inBroken-460800,0.4620187125632157,0.45,False
20260920-192610-inBroken-460800,0.4620187125632157,0.45,False
20260920-192610-inBroken-460800,0.4620187125632157,0.45,False
20260920-192610-inBroken-460800,0.4620187125632157,0.45,False
20260920-192610-inBroken-460800,0.4620187125632157,0.45,False
20260920-192610-inBroken-460800,0.4620187125632157,0.45,False
20260920-192610-inBroken-460800,0.4620187125632157,0.45,False
20260920-192610-inBroken-460800,0.4620187125632157,0.45,False
20260920-192610-inBroken-460800,0.4620187125632157,0.45,False
20260920-192610-inBroken-460800,0.4620187125632157,0.45,False
20260920-192610-inBroken-460800,0.4620187125632157,0.45,False
20260920-192610-inBroken-460800,0.4620187125632157,0.45,False
20260920-192610-inBroken-460800,0.4620187125632157,0.45,False
20260920-192610-inBroken-460800,0.4620187125632157,0.45,False
20260920-192610-inBroken-460800,0.4620187125632157,0.45,False
20260920-192610-inBroken-460800,0.4620187125632157,0.45,False
20260920-192610-inBroken-460800,0.4620187125632157,0.45,False
20260920-192610-inBroken-460800,0.4620187125632157,0.45,False
20260920-192610-inBroken-460800,0.4620187125632157,0.45,False
20260920-192610-inBroken-460800,0.4620187125632157,0.45,False
20260920-192610-inBroken-460800,0.4620187125632157,0.45,False
20260920-192610-inBroken-460800,0.4620187125632157,0.45,False
20260920-192610-inBroken-460800,0.4620187125632157,0.45,False
20260920-192610-inBroken-460800,0.4620187125632157,0.45,False
20260920-192610-inBroken-460800,0.4620187125632157,0.45,False
20260920-192610-inBroken-460800,0.4620187125632157,0.45,False
20260920-192610-inBroken-460800,0.4620187125632157,0.45,False
20260920-192610-inBroken-460800,0.4620187125632157,0.45,False
20260920-192610-inBroken-460800,0.4620187125632157,0.45,False
20260920-192610-inBroken-460800,0.4620187125632157,0.45,False
20260920-192610-inBroken-460800,0.4620187125632157,0.45,False
20260920-192610-inBroken-460800,0.4620187125632157,0.45,False
20260920-192610-inBroken-460800,0.4620187125632157,0.45,False
20260920-192610-inBroken-460800,0.4620187125632157,0.45,False
20260920-192610-inBroken-460800,0.4620187125632157,0.45,False
20260920-192610-inBroken-460800,0.4620187125632157,0.45,False
20260920-192610-inBroken-460800,0.4620187125632157,0.45,False
20260920-192610-inBroken-460800,0.4620187125632157,0.45,False
20260920-192610-inBroken-460800,0.4620187125632157,0.45,False
20260920-192610-inBroken-460800,0.4620187125632157,0.45,False
20260920-192610-inBroken-460800,0.4620187125632157,0.45,False
20260920-192610-inBroken-460800,0.4620187125632157,0.45,False
20260920-192610-inBroken-460800,0.4620187125632157,0.45,False
20260920-192610-inBroken-460800,0.4620187125632157,0.45,False
20260920-192610-inBroken-460800,0.4620187125632157,0.45,False
20260920-192610-inBroken-460800,0.4620187125632157,0.45,False
20260920-192610-inBroken-460800,0.4620187125632157,0.45,False
20260920-192610-inBroken-460800,0.4620187125632157,0.45,False
20260920-192610-inBroken-460800,0.4620187125632157,0.45,False
20260920-192610-inBroken-460800,0.4620187125632157,0.45,False
20260920-192610-inBroken-460800,0.4620187125632157,0.45,False
20260920-193718-roll-115200,0.4821064826746599,0.45,False
20260920-193718-roll-115200,0.4821064826746599,0.45,False
20260920-193718-roll-115200,0.4821064826746599,0.45,False
20260920-193718-roll-115200,0.4821064826746599,0.45,False
20260920-193718-roll-115200,0.4821064826746599,0.45,False
20260920-193718-roll-115200,0.4821064826746599,0.45,False
20260920-193718-roll-115200,0.4821064826746599,0.45,False
20260920-193718-roll-115200,0.4821064826746599,0.45,False
20260920-193718-roll-115200,0.4821064826746599,0.45,False
20260920-193718-roll-115200,0.4821064826746599,0.45,False
20260920-193718-roll-115200,0.4821064826746599,0.45,False
20260920-193718-roll-115200,0.4821064826746599,0.45,False
20260920-193718-roll-115200,0.4821064826746599,0.45,False
20260920-193718-roll-115200,0.4821064826746599,0.45,False
20260920-193718-roll-115200,0.4821064826746599,0.45,False
20260920-193718-roll-115200,0.4821064826746599,0.45,False
20260920-193718-roll-115200,0.4821064826746599,0.45,False
20260920-193718-roll-115200,0.4821064826746599,0.45,False
20260920-193718-roll-115200,0.4821064826746599,0.45,False
20260920-193718-roll-115200,0.4821064826746599,0.45,False
20260920-193718-roll-115200,0.4821064826746599,0.45,False
20260920-193718-roll-115200,0.4821064826746599,0.45,False
20260920-193718-roll-115200,0.4821064826746599,0.45,False
20260920-193718-roll-115200,0.4821064826746599,0.45,False
20260920-193718-roll-115200,0.4821064826746599,0.45,False
20260920-193718-roll-115200,0.4821064826746599,0.45,False
20260920-193718-roll-115200,0.4821064826746599,0.45,False
20260920-193718-roll-115200,0.4821064826746599,0.45,False
20260920-193718-roll-115200,0.4821064826746599,0.45,False
20260920-193718-roll-115200,0.4821064826746599,0.45,False
20260920-193718-roll-115200,0.4821064826746599,0.45,False
20260920-193718-roll-115200,0.4821064826746599,0.45,False
20260920-193718-roll-115200,0.4821064826746599,0.45,False
20260920-193718-roll-115200,0.4821064826746599,0.45,False
20260920-193718-roll-115200,0.4821064826746599,0.45,False
20260920-193718-roll-115200,0.4821064826746599,0.45,False
20260920-193718-roll-115200,0.4821064826746599,0.45,False
20260920-193718-roll-115200,0.4821064826746599,0.45,False
20260920-193718-roll-115200,0.4821064826746599,0.45,False
20260920-193718-roll-115200,0.4821064826746599,0.45,False
20260920-193718-roll-115200,0.4821064826746599,0.45,False
20260920-193718-roll-115200,0.4821064826746599,0.45,False
20260920-193718-roll-115200,0.4821064826746599,0.45,False
20260920-193718-roll-115200,0.4821064826746599,0.45,False
20260920-193718-roll-115200,0.4821064826746599,0.45,False
20260920-193718-roll-115200,0.4821064826746599,0.45,False
20260920-193718-roll-115200,0.4821064826746599,0.45,False
20260920-193718-roll-115200,0.4821064826746599,0.45,False
20260920-193718-roll-115200,0.4821064826746599,0.45,False
20260920-193718-roll-115200,0.4821064826746599,0.45,False
20260920-193718-roll-115200,0.4821064826746599,0.45,False
20260920-194108-roll-460800,0.4821064826746599,0.45,False
20260920-194108-roll-460800,0.4821064826746599,0.45,False
20260920-194108-roll-460800,0.4821064826746599,0.45,False
20260920-194108-roll-460800,0.4821064826746599,0.45,False
20260920-194108-roll-460800,0.4821064826746599,0.45,False
20260920-194108-roll-460800,0.4821064826746599,0.45,False
20260920-194108-roll-460800,0.4821064826746599,0.45,False
20260920-194108-roll-460800,0.4821064826746599,0.45,False
20260920-194108-roll-460800,0.4821064826746599,0.45,False
20260920-194108-roll-460800,0.4821064826746599,0.45,False
20260920-194108-roll-460800,0.4821064826746599,0.45,False
20260920-194108-roll-460800,0.4821064826746599,0.45,False
20260920-194108-roll-460800,0.4821064826746599,0.45,False
20260920-194108-roll-460800,0.4821064826746599,0.45,False
20260920-194108-roll-460800,0.4821064826746599,0.45,False
20260920-194108-roll-460800,0.4821064826746599,0.45,False
20260920-194108-roll-460800,0.4821064826746599,0.45,False
20260920-194108-roll-460800,0.4821064826746599,0.45,False
20260920-194108-roll-460800,0.4821064826746599,0.45,False
20260920-194108-roll-460800,0.4821064826746599,0.45,False
20260920-194108-roll-460800,0.4821064826746599,0.45,False
20260920-194108-roll-460800,0.4821064826746599,0.45,False
20260920-194108-roll-460800,0.4821064826746599,0.45,False
20260920-194108-roll-460800,0.4821064826746599,0.45,False
20260920-194108-roll-460800,0.4821064826746599,0.45,False
20260920-194108-roll-460800,0.4821064826746599,0.45,False
20260920-194108-roll-460800,0.4821064826746599,0.45,False
20260920-194108-roll-460800,0.4821064826746599,0.45,False
20260920-194108-roll-460800,0.4821064826746599,0.45,False
20260920-194108-roll-460800,0.4821064826746599,0.45,False
20260920-194108-roll-460800,0.4821064826746599,0.45,False
20260920-194108-roll-460800,0.4821064826746599,0.45,False
20260920-194108-roll-460800,0.4821064826746599,0.45,False
20260920-194108-roll-460800,0.4821064826746599,0.45,False
20260920-194108-roll-460800,0.4821064826746599,0.45,False
20260920-194108-roll-460800,0.4821064826746599,0.45,False
20260920-194108-roll-460800,0.4821064826746599,0.45,False
20260920-194108-roll-460800,0.4821064826746599,0.45,False
20260920-194108-roll-460800,0.4821064826746599,0.45,False
20260920-194108-roll-460800,0.4821064826746599,0.45,False
20260920-194108-roll-460800,0.4821064826746599,0.45,False
20260920-194108-roll-460800,0.4821064826746599,0.45,False
20260920-194108-roll-460800,0.4821064826746599,0.45,False
20260920-194108-roll-460800,0.4821064826746599,0.45,False
20260920-194108-roll-460800,0.4821064826746599,0.45,False
20260920-194108-roll-460800,0.4821064826746599,0.45,False
20260920-194108-roll-460800,0.4821064826746599,0.45,False
20260920-194108-roll-460800,0.4821064826746599,0.45,False
20260920-194108-roll-460800,0.4821064826746599,0.45,False
20260920-194108-roll-460800,0.4821064826746599,0.45,False
20260920-194108-roll-460800,0.4821064826746599,0.45,False
20260920-195424-keep-115200,0.8838618849035432,0.45,True
20260920-195424-keep-115200,0.8838618849035432,0.45,True
20260920-195424-keep-115200,0.8838618849035432,0.45,True
20260920-195424-keep-115200,0.8838618849035432,0.45,True
20260920-195424-keep-115200,0.8838618849035432,0.45,True
20260920-195424-keep-115200,0.8838618849035432,0.45,True
20260920-195424-keep-115200,0.8838618849035432,0.45,True
20260920-195424-keep-115200,0.8838618849035432,0.45,True
20260920-195424-keep-115200,0.8838618849035432,0.45,True
20260920-195424-keep-115200,0.8838618849035432,0.45,True
20260920-195424-keep-115200,0.8838618849035432,0.45,True
20260920-195424-keep-115200,0.8838618849035432,0.45,True
20260920-195424-keep-115200,0.8838618849035432,0.45,True
20260920-195424-keep-115200,0.8838618849035432,0.45,True
20260920-195424-keep-115200,0.8838618849035432,0.45,True
20260920-195424-keep-115200,0.8838618849035432,0.45,True
20260920-195424-keep-115200,0.8838618849035432,0.45,True
20260920-195424-keep-115200,0.8838618849035432,0.45,True
20260920-195424-keep-115200,0.8838618849035432,0.45,True
20260920-195424-keep-115200,0.8838618849035432,0.45,True
20260920-195424-keep-115200,0.8838618849035432,0.45,True
20260920-195424-keep-115200,0.8838618849035432,0.45,True
20260920-195424-keep-115200,0.8838618849035432,0.45,True
20260920-195424-keep-115200,0.8838618849035432,0.45,True
20260920-195424-keep-115200,0.8838618849035432,0.45,True
20260920-195424-keep-115200,0.8838618849035432,0.45,True
20260920-195424-keep-115200,0.8838618849035432,0.45,True
20260920-195424-keep-115200,0.8838618849035432,0.45,True
20260920-195424-keep-115200,0.8838618849035432,0.45,True
20260920-195424-keep-115200,0.8838618849035432,0.45,True
20260920-195424-keep-115200,0.8838618849035432,0.45,True
20260920-195424-keep-115200,0.8838618849035432,0.45,True
20260920-195424-keep-115200,0.8838618849035432,0.45,True
20260920-195424-keep-115200,0.8838618849035432,0.45,True
20260920-195424-keep-115200,0.8838618849035432,0.45,True
20260920-195424-keep-115200,0.8838618849035432,0.45,True
20260920-195424-keep-115200,0.8838618849035432,0.45,True
20260920-195424-keep-115200,0.8838618849035432,0.45,True
20260920-195424-keep-115200,0.8838618849035432,0.45,True
20260920-195424-keep-115200,0.8838618849035432,0.45,True
20260920-195424-keep-115200,0.8838618849035432,0.45,True
20260920-195424-keep-115200,0.8838618849035432,0.45,True
20260920-195424-keep-115200,0.8838618849035432,0.45,True
20260920-195424-keep-115200,0.8838618849035432,0.45,True
20260920-195424-keep-115200,0.8838618849035432,0.45,True
20260920-195424-keep-115200,0.8838618849035432,0.45,True
20260920-195424-keep-115200,0.8838618849035432,0.45,True
20260920-195424-keep-115200,0.8838618849035432,0.45,True
20260920-195424-keep-115200,0.8838618849035432,0.45,True
20260920-195424-keep-115200,0.8838618849035432,0.45,True
20260920-195424-keep-115200,0.8838618849035432,0.45,True
20260920-195753-keep-460800,0.8838618849035432,0.45,True
20260920-195753-keep-460800,0.8838618849035432,0.45,True
20260920-195753-keep-460800,0.8838618849035432,0.45,True
20260920-195753-keep-460800,0.8838618849035432,0.45,True
20260920-195753-keep-460800,0.8838618849035432,0.45,True
20260920-195753-keep-460800,0.8838618849035432,0.45,True
20260920-195753-keep-460800,0.8838618849035432,0.45,True
20260920-195753-keep-460800,0.8838618849035432,0.45,True
20260920-195753-keep-460800,0.8838618849035432,0.45,True
20260920-195753-keep-460800,0.8838618849035432,0.45,True
20260920-195753-keep-460800,0.8838618849035432,0.45,True
20260920-195753-keep-460800,0.8838618849035432,0.45,True
20260920-195753-keep-460800,0.8838618849035432,0.45,True
20260920-195753-keep-460800,0.8838618849035432,0.45,True
20260920-195753-keep-460800,0.8838618849035432,0.45,True
20260920-195753-keep-460800,0.8838618849035432,0.45,True
20260920-195753-keep-460800,0.8838618849035432,0.45,True
20260920-195753-keep-460800,0.8838618849035432,0.45,True
20260920-195753-keep-460800,0.8838618849035432,0.45,True
20260920-195753-keep-460800,0.8838618849035432,0.45,True
20260920-195753-keep-460800,0.8838618849035432,0.45,True
20260920-195753-keep-460800,0.8838618849035432,0.45,True
20260920-195753-keep-460800,0.8838618849035432,0.45,True
20260920-195753-keep-460800,0.8838618849035432,0.45,True
20260920-195753-keep-460800,0.8838618849035432,0.45,True
20260920-195753-keep-460800,0.8838618849035432,0.45,True
20260920-195753-keep-460800,0.8838618849035432,0.45,True
20260920-195753-keep-460800,0.8838618849035432,0.45,True
20260920-195753-keep-460800,0.8838618849035432,0.45,True
20260920-195753-keep-460800,0.8838618849035432,0.45,True
20260920-195753-keep-460800,0.8838618849035432,0.45,True
20260920-195753-keep-460800,0.8838618849035432,0.45,True
20260920-195753-keep-460800,0.8838618849035432,0.45,True
20260920-195753-keep-460800,0.8838618849035432,0.45,True
20260920-195753-keep-460800,0.8838618849035432,0.45,True
20260920-195753-keep-460800,0.8838618849035432,0.45,True
20260920-195753-keep-460800,0.8838618849035432,0.45,True
20260920-195753-keep-460800,0.8838618849035432,0.45,True
20260920-195753-keep-460800,0.8838618849035432,0.45,True
20260920-195753-keep-460800,0.8838618849035432,0.45,True
20260920-195753-keep-460800,0.8838618849035432,0.45,True
20260920-195753-keep-460800,0.8838618849035432,0.45,True
20260920-195753-keep-460800,0.8838618849035432,0.45,True
20260920-195753-keep-460800,0.8838618849035432,0.45,True
20260920-195753-keep-460800,0.8838618849035432,0.45,True
20260920-195753-keep-460800,0.8838618849035432,0.45,True
20260920-195753-keep-460800,0.8838618849035432,0.45,True
20260920-195753-keep-460800,0.8838618849035432,0.45,True
20260920-195753-keep-460800,0.8838618849035432,0.45,True
20260920-195753-keep-460800,0.8838618849035432,0.45,True
20260920-195753-keep-460800,0.8838618849035432,0.45,True
20260920-201757-bigNormal-115200,0.5222820228975482,0.45,False
20260920-201757-bigNormal-115200,0.5222820228975482,0.45,False
20260920-201757-bigNormal-115200,0.5222820228975482,0.45,False
20260920-201757-bigNormal-115200,0.5222820228975482,0.45,False
20260920-201757-bigNormal-115200,0.5222820228975482,0.45,False
20260920-201757-bigNormal-115200,0.5222820228975482,0.45,False
20260920-201757-bigNormal-115200,0.5222820228975482,0.45,False
20260920-201757-bigNormal-115200,0.5222820228975482,0.45,False
20260920-201757-bigNormal-115200,0.5222820228975482,0.45,False
20260920-201757-bigNormal-115200,0.5222820228975482,0.45,False
20260920-201757-bigNormal-115200,0.5222820228975482,0.45,False
20260920-201757-bigNormal-115200,0.5222820228975482,0.45,False
20260920-201757-bigNormal-115200,0.5222820228975482,0.45,False
20260920-201757-bigNormal-115200,0.5222820228975482,0.45,False
20260920-201757-bigNormal-115200,0.5222820228975482,0.45,False
20260920-201757-bigNormal-115200,0.5222820228975482,0.45,False
20260920-201757-bigNormal-115200,0.5222820228975482,0.45,False
20260920-201757-bigNormal-115200,0.5222820228975482,0.45,False
20260920-201757-bigNormal-115200,0.5222820228975482,0.45,False
20260920-201757-bigNormal-115200,0.5222820228975482,0.45,False
20260920-201757-bigNormal-115200,0.5222820228975482,0.45,False
20260920-201757-bigNormal-115200,0.5222820228975482,0.45,False
20260920-201757-bigNormal-115200,0.5222820228975482,0.45,False
20260920-201757-bigNormal-115200,0.5222820228975482,0.45,False
20260920-201757-bigNormal-115200,0.5222820228975482,0.45,False
20260920-201757-bigNormal-115200,0.5222820228975482,0.45,False
20260920-201757-bigNormal-115200,0.5222820228975482,0.45,False
20260920-201757-bigNormal-115200,0.5222820228975482,0.45,False
20260920-201757-bigNormal-115200,0.5222820228975482,0.45,False
20260920-201757-bigNormal-115200,0.5222820228975482,0.45,False
20260920-201757-bigNormal-115200,0.5222820228975482,0.45,False
20260920-201757-bigNormal-115200,0.5222820228975482,0.45,False
20260920-201757-bigNormal-115200,0.5222820228975482,0.45,False
20260920-201757-bigNormal-115200,0.5222820228975482,0.45,False
20260920-201757-bigNormal-115200,0.5222820228975482,0.45,False
20260920-201757-bigNormal-115200,0.5222820228975482,0.45,False
20260920-201757-bigNormal-115200,0.5222820228975482,0.45,False
20260920-201757-bigNormal-115200,0.5222820228975482,0.45,False
20260920-201757-bigNormal-115200,0.5222820228975482,0.45,False
20260920-201757-bigNormal-115200,0.5222820228975482,0.45,False
20260920-201757-bigNormal-115200,0.5222820228975482,0.45,False
20260920-201757-bigNormal-115200,0.5222820228975482,0.45,False
20260920-201757-bigNormal-115200,0.5222820228975482,0.45,False
20260920-201757-bigNormal-115200,0.5222820228975482,0.45,False
20260920-201757-bigNormal-115200,0.5222820228975482,0.45,False
20260920-201757-bigNormal-115200,0.5222820228975482,0.45,False
20260920-201757-bigNormal-115200,0.5222820228975482,0.45,False
20260920-201757-bigNormal-115200,0.5222820228975482,0.45,False
20260920-201757-bigNormal-115200,0.5222820228975482,0.45,False
20260920-201757-bigNormal-115200,0.5222820228975482,0.45,False
20260920-202115-bigNormal-460800,0.5222820228975482,0.45,False
20260920-202115-bigNormal-460800,0.5222820228975482,0.45,False
20260920-202115-bigNormal-460800,0.5222820228975482,0.45,False
20260920-202115-bigNormal-460800,0.5222820228975482,0.45,False
20260920-202115-bigNormal-460800,0.5222820228975482,0.45,False
20260920-202115-bigNormal-460800,0.5222820228975482,0.45,False
20260920-202115-bigNormal-460800,0.5222820228975482,0.45,False
20260920-202115-bigNormal-460800,0.5222820228975482,0.45,False
20260920-202115-bigNormal-460800,0.5222820228975482,0.45,False
20260920-202115-bigNormal-460800,0.5222820228975482,0.45,False
20260920-202115-bigNormal-460800,0.5222820228975482,0.45,False
20260920-202115-bigNormal-460800,0.5222820228975482,0.45,False
20260920-202115-bigNormal-460800,0.5222820228975482,0.45,False
20260920-202115-bigNormal-460800,0.5222820228975482,0.45,False
20260920-202115-bigNormal-460800,0.5222820228975482,0.45,False
20260920-202115-bigNormal-460800,0.5222820228975482,0.45,False
20260920-202115-bigNormal-460800,0.5222820228975482,0.45,False
20260920-202115-bigNormal-460800,0.5222820228975482,0.45,False
20260920-202115-bigNormal-460800,0.5222820228975482,0.45,False
20260920-202115-bigNormal-460800,0.5222820228975482,0.45,False
20260920-202115-bigNormal-460800,0.5222820228975482,0.45,False
20260920-202115-bigNormal-460800,0.5222820228975482,0.45,False
20260920-202115-bigNormal-460800,0.5222820228975482,0.45,False
20260920-202115-bigNormal-460800,0.5222820228975482,0.45,False
20260920-202115-bigNormal-460800,0.5222820228975482,0.45,False
20260920-202115-bigNormal-460800,0.5222820228975482,0.45,False
20260920-202115-bigNormal-460800,0.5222820228975482,0.45,False
20260920-202115-bigNormal-460800,0.5222820228975482,0.45,False
20260920-202115-bigNormal-460800,0.5222820228975482,0.45,False
20260920-202115-bigNormal-460800,0.5222820228975482,0.45,False
20260920-202115-bigNormal-460800,0.5222820228975482,0.45,False
20260920-202115-bigNormal-460800,0.5222820228975482,0.45,False
20260920-202115-bigNormal-460800,0.5222820228975482,0.45,False
20260920-202115-bigNormal-460800,0.5222820228975482,0.45,False
20260920-202115-bigNormal-460800,0.5222820228975482,0.45,False
20260920-202115-bigNormal-460800,0.5222820228975482,0.45,False
20260920-202115-bigNormal-460800,0.5222820228975482,0.45,False
20260920-202115-bigNormal-460800,0.5222820228975482,0.45,False
20260920-202115-bigNormal-460800,0.5222820228975482,0.45,False
20260920-202115-bigNormal-460800,0.5222820228975482,0.45,False
20260920-202115-bigNormal-460800,0.5222820228975482,0.45,False
20260920-202115-bigNormal-460800,0.5222820228975482,0.45,False
20260920-202115-bigNormal-460800,0.5222820228975482,0.45,False
20260920-202115-bigNormal-460800,0.5222820228975482,0.45,False
20260920-202115-bigNormal-460800,0.5222820228975482,0.45,False
20260920-202115-bigNormal-460800,0.5222820228975482,0.45,False
20260920-202115-bigNormal-460800,0.5222820228975482,0.45,False
20260920-202115-bigNormal-460800,0.5222820228975482,0.45,False
20260920-202115-bigNormal-460800,0.5222820228975482,0.45,False
20260920-202115-bigNormal-460800,0.5222820228975482,0.45,False
