modality,version,fold,scope,bag_id,row,truth,prediction,geometry_valid
contact,retained_head_v1,115200_to_460800,heldout_recordings,20260920-184857-normal-460800,7,0,0,True
contact,retained_head_v1,115200_to_460800,heldout_recordings,20260920-184857-normal-460800,8,0,0,True
contact,retained_head_v1,115200_to_460800,heldout_recordings,20260920-184857-normal-460800,9,0,0,True
contact,retained_head_v1,115200_to_460800,heldout_recordings,20260920-184857-normal-460800,10,0,1,True
contact,retained_head_v1,115200_to_460800,heldout_recordings,20260920-184857-normal-460800,11,0,0,True
contact,retained_head_v1,115200_to_460800,heldout_recordings,20260920-184857-normal-460800,12,0,0,True
contact,retained_head_v1,115200_to_460800,heldout_recordings,20260920-190913-outBroken-460800,21,2,2,True
contact,retained_head_v1,115200_to_460800,heldout_recordings,20260920-190913-outBroken-460800,22,2,2,True
contact,retained_head_v1,115200_to_460800,heldout_recordings,20260920-190913-outBroken-460800,23,2,2,True
contact,retained_head_v1,115200_to_460800,heldout_recordings,20260920-190913-outBroken-460800,24,2,0,True
contact,retained_head_v1,115200_to_460800,heldout_recordings,20260920-190913-outBroken-460800,25,2,2,True
contact,retained_head_v1,115200_to_460800,heldout_recordings,20260920-190913-outBroken-460800,26,2,2,True
contact,retained_head_v1,115200_to_460800,heldout_recordings,20260920-190913-outBroken-460800,27,2,2,True
contact,retained_head_v1,115200_to_460800,heldout_recordings,20260920-190913-outBroken-460800,28,2,2,True
contact,retained_head_v1,115200_to_460800,heldout_recordings,20260920-190913-outBroken-460800,29,2,2,True
contact,retained_head_v1,115200_to_460800,heldout_recordings,20260920-190913-outBroken-460800,30,2,2,True
contact,retained_head_v1,115200_to_460800,heldout_recordings,20260920-192610-inBroken-460800,39,1,1,True
contact,retained_head_v1,115200_to_460800,heldout_recordings,20260920-192610-inBroken-460800,40,1,1,True
contact,retained_head_v1,115200_to_460800,heldout_recordings,20260920-192610-inBroken-460800,41,1,1,True
contact,retained_head_v1,115200_to_460800,heldout_recordings,20260920-192610-inBroken-460800,42,1,1,True
contact,retained_head_v1,115200_to_460800,heldout_recordings,20260920-192610-inBroken-460800,43,1,1,True
contact,retained_head_v1,115200_to_460800,heldout_recordings,20260920-192610-inBroken-460800,44,1,1,True
contact,retained_head_v1,115200_to_460800,heldout_recordings,20260920-192610-inBroken-460800,45,1,1,True
contact,retained_head_v1,115200_to_460800,heldout_recordings,20260920-194108-roll-460800,55,3,3,True
contact,retained_head_v1,115200_to_460800,heldout_recordings,20260920-194108-roll-460800,56,3,3,True
contact,retained_head_v1,115200_to_460800,heldout_recordings,20260920-194108-roll-460800,57,3,3,True
radar,retained_head_v1,115200_to_460800,heldout_recordings,20260920-184857-normal-460800,61,0,0,True
radar,retained_head_v1,115200_to_460800,heldout_recordings,20260920-184857-normal-460800,62,0,0,True
radar,retained_head_v1,115200_to_460800,heldout_recordings,20260920-184857-normal-460800,63,0,0,True
radar,retained_head_v1,115200_to_460800,heldout_recordings,20260920-184857-normal-460800,64,0,0,True
radar,retained_head_v1,115200_to_460800,heldout_recordings,20260920-184857-normal-460800,65,0,0,True
radar,retained_head_v1,115200_to_460800,heldout_recordings,20260920-184857-normal-460800,66,0,0,True
radar,retained_head_v1,115200_to_460800,heldout_recordings,20260920-184857-normal-460800,67,0,0,True
radar,retained_head_v1,115200_to_460800,heldout_recordings,20260920-184857-normal-460800,68,0,0,True
radar,retained_head_v1,115200_to_460800,heldout_recordings,20260920-184857-normal-460800,69,0,0,True
radar,retained_head_v1,115200_to_460800,heldout_recordings,20260920-184857-normal-460800,70,0,0,True
radar,retained_head_v1,115200_to_460800,heldout_recordings,20260920-184857-normal-460800,71,0,0,True
radar,retained_head_v1,115200_to_460800,heldout_recordings,20260920-184857-normal-460800,72,0,0,True
radar,retained_head_v1,115200_to_460800,heldout_recordings,20260920-184857-normal-460800,73,0,0,True
radar,retained_head_v1,115200_to_460800,heldout_recordings,20260920-184857-normal-460800,74,0,0,True
radar,retained_head_v1,115200_to_460800,heldout_recordings,20260920-184857-normal-460800,75,0,0,True
radar,retained_head_v1,115200_to_460800,heldout_recordings,20260920-184857-normal-460800,76,0,0,True
radar,retained_head_v1,115200_to_460800,heldout_recordings,20260920-184857-normal-460800,77,0,0,True
radar,retained_head_v1,115200_to_460800,heldout_recordings,20260920-184857-normal-460800,78,0,0,True
radar,retained_head_v1,115200_to_460800,heldout_recordings,20260920-184857-normal-460800,79,0,0,True
radar,retained_head_v1,115200_to_460800,heldout_recordings,20260920-184857-normal-460800,80,0,0,True
radar,retained_head_v1,115200_to_460800,heldout_recordings,20260920-184857-normal-460800,81,0,0,True
radar,retained_head_v1,115200_to_460800,heldout_recordings,20260920-184857-normal-460800,82,0,0,True
radar,retained_head_v1,115200_to_460800,heldout_recordings,20260920-184857-normal-460800,83,0,0,True
radar,retained_head_v1,115200_to_460800,heldout_recordings,20260920-184857-normal-460800,84,0,0,True
radar,retained_head_v1,115200_to_460800,heldout_recordings,20260920-184857-normal-460800,85,0,0,True
radar,retained_head_v1,115200_to_460800,heldout_recordings,20260920-184857-normal-460800,86,0,0,True
radar,retained_head_v1,115200_to_460800,heldout_recordings,20260920-184857-normal-460800,87,0,0,True
radar,retained_head_v1,115200_to_460800,heldout_recordings,20260920-184857-normal-460800,88,0,0,True
radar,retained_head_v1,115200_to_460800,heldout_recordings,20260920-184857-normal-460800,89,0,0,True
radar,retained_head_v1,115200_to_460800,heldout_recordings,20260920-184857-normal-460800,90,0,0,True
radar,retained_head_v1,115200_to_460800,heldout_recordings,20260920-184857-normal-460800,91,0,0,True
radar,retained_head_v1,115200_to_460800,heldout_recordings,20260920-184857-normal-460800,92,0,0,True
radar,retained_head_v1,115200_to_460800,heldout_recordings,20260920-184857-normal-460800,93,0,0,True
radar,retained_head_v1,115200_to_460800,heldout_recordings,20260920-184857-normal-460800,94,0,0,True
radar,retained_head_v1,115200_to_460800,heldout_recordings,20260920-184857-normal-460800,95,0,0,True
radar,retained_head_v1,115200_to_460800,heldout_recordings,20260920-184857-normal-460800,96,0,0,True
radar,retained_head_v1,115200_to_460800,heldout_recordings,20260920-184857-normal-460800,97,0,0,True
radar,retained_head_v1,115200_to_460800,heldout_recordings,20260920-184857-normal-460800,98,0,0,True
radar,retained_head_v1,115200_to_460800,heldout_recordings,20260920-184857-normal-460800,99,0,0,True
radar,retained_head_v1,115200_to_460800,heldout_recordings,20260920-184857-normal-460800,100,0,0,True
radar,retained_head_v1,115200_to_460800,heldout_recordings,20260920-184857-normal-460800,101,0,0,True
radar,retained_head_v1,115200_to_460800,heldout_recordings,20260920-184857-normal-460800,102,0,0,True
radar,retained_head_v1,115200_to_460800,heldout_recordings,20260920-184857-normal-460800,103,0,0,True
radar,retained_head_v1,115200_to_460800,heldout_recordings,20260920-184857-normal-460800,104,0,0,True
radar,retained_head_v1,115200_to_460800,heldout_recordings,20260920-184857-normal-460800,105,0,0,True
radar,retained_head_v1,115200_to_460800,heldout_recordings,20260920-184857-normal-460800,106,0,0,True
radar,retained_head_v1,115200_to_460800,heldout_recordings,20260920-184857-normal-460800,107,0,0,True
radar,retained_head_v1,115200_to_460800,heldout_recordings,20260920-184857-normal-460800,108,0,0,True
radar,retained_head_v1,115200_to_460800,heldout_recordings,20260920-190913-outBroken-460800,159,2,2,False
radar,retained_head_v1,115200_to_460800,heldout_recordings,20260920-190913-outBroken-460800,160,2,2,False
radar,retained_head_v1,115200_to_460800,heldout_recordings,20260920-190913-outBroken-460800,161,2,2,False
radar,retained_head_v1,115200_to_460800,heldout_recordings,20260920-190913-outBroken-460800,162,2,2,False
radar,retained_head_v1,115200_to_460800,heldout_recordings,20260920-190913-outBroken-460800,163,2,2,False
radar,retained_head_v1,115200_to_460800,heldout_recordings,20260920-190913-outBroken-460800,164,2,2,False
radar,retained_head_v1,115200_to_460800,heldout_recordings,20260920-190913-outBroken-460800,165,2,2,False
radar,retained_head_v1,115200_to_460800,heldout_recordings,20260920-190913-outBroken-460800,166,2,2,False
radar,retained_head_v1,115200_to_460800,heldout_recordings,20260920-190913-outBroken-460800,167,2,2,False
radar,retained_head_v1,115200_to_460800,heldout_recordings,20260920-190913-outBroken-460800,168,2,2,False
radar,retained_head_v1,115200_to_460800,heldout_recordings,20260920-190913-outBroken-460800,169,2,2,False
radar,retained_head_v1,115200_to_460800,heldout_recordings,20260920-190913-outBroken-460800,170,2,2,False
radar,retained_head_v1,115200_to_460800,heldout_recordings,20260920-190913-outBroken-460800,171,2,2,False
radar,retained_head_v1,115200_to_460800,heldout_recordings,20260920-190913-outBroken-460800,172,2,2,False
radar,retained_head_v1,115200_to_460800,heldout_recordings,20260920-190913-outBroken-460800,173,2,2,False
radar,retained_head_v1,115200_to_460800,heldout_recordings,20260920-190913-outBroken-460800,174,2,2,False
radar,retained_head_v1,115200_to_460800,heldout_recordings,20260920-190913-outBroken-460800,175,2,2,False
radar,retained_head_v1,115200_to_460800,heldout_recordings,20260920-190913-outBroken-460800,176,2,2,False
radar,retained_head_v1,115200_to_460800,heldout_recordings,20260920-190913-outBroken-460800,177,2,2,False
radar,retained_head_v1,115200_to_460800,heldout_recordings,20260920-190913-outBroken-460800,178,2,2,False
radar,retained_head_v1,115200_to_460800,heldout_recordings,20260920-190913-outBroken-460800,179,2,2,False
radar,retained_head_v1,115200_to_460800,heldout_recordings,20260920-190913-outBroken-460800,180,2,2,False
radar,retained_head_v1,115200_to_460800,heldout_recordings,20260920-190913-outBroken-460800,181,2,2,False
radar,retained_head_v1,115200_to_460800,heldout_recordings,20260920-190913-outBroken-460800,182,2,2,False
radar,retained_head_v1,115200_to_460800,heldout_recordings,20260920-190913-outBroken-460800,183,2,2,False
radar,retained_head_v1,115200_to_460800,heldout_recordings,20260920-190913-outBroken-460800,184,2,2,False
radar,retained_head_v1,115200_to_460800,heldout_recordings,20260920-190913-outBroken-460800,185,2,2,False
radar,retained_head_v1,115200_to_460800,heldout_recordings,20260920-190913-outBroken-460800,186,2,2,False
radar,retained_head_v1,115200_to_460800,heldout_recordings,20260920-190913-outBroken-460800,187,2,2,False
radar,retained_head_v1,115200_to_460800,heldout_recordings,20260920-190913-outBroken-460800,188,2,2,False
radar,retained_head_v1,115200_to_460800,heldout_recordings,20260920-190913-outBroken-460800,189,2,2,False
radar,retained_head_v1,115200_to_460800,heldout_recordings,20260920-190913-outBroken-460800,190,2,2,False
radar,retained_head_v1,115200_to_460800,heldout_recordings,20260920-190913-outBroken-460800,191,2,2,False
radar,retained_head_v1,115200_to_460800,heldout_recordings,20260920-190913-outBroken-460800,192,2,2,False
radar,retained_head_v1,115200_to_460800,heldout_recordings,20260920-190913-outBroken-460800,193,2,2,False
radar,retained_head_v1,115200_to_460800,heldout_recordings,20260920-190913-outBroken-460800,194,2,2,False
radar,retained_head_v1,115200_to_460800,heldout_recordings,20260920-190913-outBroken-460800,195,2,2,False
radar,retained_head_v1,115200_to_460800,heldout_recordings,20260920-190913-outBroken-460800,196,2,2,False
radar,retained_head_v1,115200_to_460800,heldout_recordings,20260920-190913-outBroken-460800,197,2,2,False
radar,retained_head_v1,115200_to_460800,heldout_recordings,20260920-190913-outBroken-460800,198,2,2,False
radar,retained_head_v1,115200_to_460800,heldout_recordings,20260920-190913-outBroken-460800,199,2,2,False
radar,retained_head_v1,115200_to_460800,heldout_recordings,20260920-190913-outBroken-460800,200,2,2,False
radar,retained_head_v1,115200_to_460800,heldout_recordings,20260920-190913-outBroken-460800,201,2,2,False
radar,retained_head_v1,115200_to_460800,heldout_recordings,20260920-190913-outBroken-460800,202,2,2,False
radar,retained_head_v1,115200_to_460800,heldout_recordings,20260920-190913-outBroken-460800,203,2,2,False
radar,retained_head_v1,115200_to_460800,heldout_recordings,20260920-190913-outBroken-460800,204,2,2,False
radar,retained_head_v1,115200_to_460800,heldout_recordings,20260920-190913-outBroken-460800,205,2,2,False
radar,retained_head_v1,115200_to_460800,heldout_recordings,20260920-190913-outBroken-460800,206,2,2,False
radar,retained_head_v1,115200_to_460800,heldout_recordings,20260920-190913-outBroken-460800,207,2,2,False
radar,retained_head_v1,115200_to_460800,heldout_recordings,20260920-190913-outBroken-460800,208,2,2,False
radar,retained_head_v1,115200_to_460800,heldout_recordings,20260920-192610-inBroken-460800,259,1,1,True
radar,retained_head_v1,115200_to_460800,heldout_recordings,20260920-192610-inBroken-460800,260,1,1,True
radar,retained_head_v1,115200_to_460800,heldout_recordings,20260920-192610-inBroken-460800,261,1,1,True
radar,retained_head_v1,115200_to_460800,heldout_recordings,20260920-192610-inBroken-460800,262,1,1,True
radar,retained_head_v1,115200_to_460800,heldout_recordings,20260920-192610-inBroken-460800,263,1,1,True
radar,retained_head_v1,115200_to_460800,heldout_recordings,20260920-192610-inBroken-460800,264,1,1,True
radar,retained_head_v1,115200_to_460800,heldout_recordings,20260920-192610-inBroken-460800,265,1,1,True
radar,retained_head_v1,115200_to_460800,heldout_recordings,20260920-192610-inBroken-460800,266,1,1,True
radar,retained_head_v1,115200_to_460800,heldout_recordings,20260920-192610-inBroken-460800,267,1,1,True
radar,retained_head_v1,115200_to_460800,heldout_recordings,20260920-192610-inBroken-460800,268,1,1,True
radar,retained_head_v1,115200_to_460800,heldout_recordings,20260920-192610-inBroken-460800,269,1,1,True
radar,retained_head_v1,115200_to_460800,heldout_recordings,20260920-192610-inBroken-460800,270,1,1,True
radar,retained_head_v1,115200_to_460800,heldout_recordings,20260920-192610-inBroken-460800,271,1,1,True
radar,retained_head_v1,115200_to_460800,heldout_recordings,20260920-192610-inBroken-460800,272,1,1,True
radar,retained_head_v1,115200_to_460800,heldout_recordings,20260920-192610-inBroken-460800,273,1,1,True
radar,retained_head_v1,115200_to_460800,heldout_recordings,20260920-192610-inBroken-460800,274,1,1,True
radar,retained_head_v1,115200_to_460800,heldout_recordings,20260920-192610-inBroken-460800,275,1,1,True
radar,retained_head_v1,115200_to_460800,heldout_recordings,20260920-192610-inBroken-460800,276,1,1,True
radar,retained_head_v1,115200_to_460800,heldout_recordings,20260920-192610-inBroken-460800,277,1,1,True
radar,retained_head_v1,115200_to_460800,heldout_recordings,20260920-192610-inBroken-460800,278,1,1,True
radar,retained_head_v1,115200_to_460800,heldout_recordings,20260920-192610-inBroken-460800,279,1,1,True
radar,retained_head_v1,115200_to_460800,heldout_recordings,20260920-192610-inBroken-460800,280,1,1,True
radar,retained_head_v1,115200_to_460800,heldout_recordings,20260920-192610-inBroken-460800,281,1,1,True
radar,retained_head_v1,115200_to_460800,heldout_recordings,20260920-192610-inBroken-460800,282,1,1,True
radar,retained_head_v1,115200_to_460800,heldout_recordings,20260920-192610-inBroken-460800,283,1,1,True
radar,retained_head_v1,115200_to_460800,heldout_recordings,20260920-192610-inBroken-460800,284,1,1,True
radar,retained_head_v1,115200_to_460800,heldout_recordings,20260920-192610-inBroken-460800,285,1,1,True
radar,retained_head_v1,115200_to_460800,heldout_recordings,20260920-192610-inBroken-460800,286,1,1,True
radar,retained_head_v1,115200_to_460800,heldout_recordings,20260920-192610-inBroken-460800,287,1,1,True
radar,retained_head_v1,115200_to_460800,heldout_recordings,20260920-192610-inBroken-460800,288,1,1,True
radar,retained_head_v1,115200_to_460800,heldout_recordings,20260920-192610-inBroken-460800,289,1,1,True
radar,retained_head_v1,115200_to_460800,heldout_recordings,20260920-192610-inBroken-460800,290,1,1,True
radar,retained_head_v1,115200_to_460800,heldout_recordings,20260920-192610-inBroken-460800,291,1,1,True
radar,retained_head_v1,115200_to_460800,heldout_recordings,20260920-192610-inBroken-460800,292,1,1,True
radar,retained_head_v1,115200_to_460800,heldout_recordings,20260920-192610-inBroken-460800,293,1,1,True
radar,retained_head_v1,115200_to_460800,heldout_recordings,20260920-192610-inBroken-460800,294,1,1,True
radar,retained_head_v1,115200_to_460800,heldout_recordings,20260920-192610-inBroken-460800,295,1,1,True
radar,retained_head_v1,115200_to_460800,heldout_recordings,20260920-192610-inBroken-460800,296,1,1,True
radar,retained_head_v1,115200_to_460800,heldout_recordings,20260920-192610-inBroken-460800,297,1,1,True
radar,retained_head_v1,115200_to_460800,heldout_recordings,20260920-192610-inBroken-460800,298,1,1,True
radar,retained_head_v1,115200_to_460800,heldout_recordings,20260920-192610-inBroken-460800,299,1,1,True
radar,retained_head_v1,115200_to_460800,heldout_recordings,20260920-192610-inBroken-460800,300,1,1,True
radar,retained_head_v1,115200_to_460800,heldout_recordings,20260920-192610-inBroken-460800,301,1,1,True
radar,retained_head_v1,115200_to_460800,heldout_recordings,20260920-192610-inBroken-460800,302,1,1,True
radar,retained_head_v1,115200_to_460800,heldout_recordings,20260920-192610-inBroken-460800,303,1,1,True
radar,retained_head_v1,115200_to_460800,heldout_recordings,20260920-192610-inBroken-460800,304,1,1,True
radar,retained_head_v1,115200_to_460800,heldout_recordings,20260920-192610-inBroken-460800,305,1,1,True
radar,retained_head_v1,115200_to_460800,heldout_recordings,20260920-192610-inBroken-460800,306,1,1,True
radar,retained_head_v1,115200_to_460800,heldout_recordings,20260920-192610-inBroken-460800,307,1,1,True
radar,retained_head_v1,115200_to_460800,heldout_recordings,20260920-192610-inBroken-460800,308,1,1,True
radar,retained_head_v1,115200_to_460800,heldout_recordings,20260920-192610-inBroken-460800,309,1,1,True
radar,retained_head_v1,115200_to_460800,heldout_recordings,20260920-194108-roll-460800,361,3,3,True
radar,retained_head_v1,115200_to_460800,heldout_recordings,20260920-194108-roll-460800,362,3,3,True
radar,retained_head_v1,115200_to_460800,heldout_recordings,20260920-194108-roll-460800,363,3,3,True
radar,retained_head_v1,115200_to_460800,heldout_recordings,20260920-194108-roll-460800,364,3,3,True
radar,retained_head_v1,115200_to_460800,heldout_recordings,20260920-194108-roll-460800,365,3,3,True
radar,retained_head_v1,115200_to_460800,heldout_recordings,20260920-194108-roll-460800,366,3,3,True
radar,retained_head_v1,115200_to_460800,heldout_recordings,20260920-194108-roll-460800,367,3,3,True
radar,retained_head_v1,115200_to_460800,heldout_recordings,20260920-194108-roll-460800,368,3,3,True
radar,retained_head_v1,115200_to_460800,heldout_recordings,20260920-194108-roll-460800,369,3,3,True
radar,retained_head_v1,115200_to_460800,heldout_recordings,20260920-194108-roll-460800,370,3,3,True
radar,retained_head_v1,115200_to_460800,heldout_recordings,20260920-194108-roll-460800,371,3,3,True
radar,retained_head_v1,115200_to_460800,heldout_recordings,20260920-194108-roll-460800,372,3,3,True
radar,retained_head_v1,115200_to_460800,heldout_recordings,20260920-194108-roll-460800,373,3,3,True
radar,retained_head_v1,115200_to_460800,heldout_recordings,20260920-194108-roll-460800,374,3,3,True
radar,retained_head_v1,115200_to_460800,heldout_recordings,20260920-194108-roll-460800,375,3,3,True
radar,retained_head_v1,115200_to_460800,heldout_recordings,20260920-194108-roll-460800,376,3,3,True
radar,retained_head_v1,115200_to_460800,heldout_recordings,20260920-194108-roll-460800,377,3,3,True
radar,retained_head_v1,115200_to_460800,heldout_recordings,20260920-194108-roll-460800,378,3,3,True
radar,retained_head_v1,115200_to_460800,heldout_recordings,20260920-194108-roll-460800,379,3,3,True
radar,retained_head_v1,115200_to_460800,heldout_recordings,20260920-194108-roll-460800,380,3,3,True
radar,retained_head_v1,115200_to_460800,heldout_recordings,20260920-194108-roll-460800,381,3,3,True
radar,retained_head_v1,115200_to_460800,heldout_recordings,20260920-194108-roll-460800,382,3,3,True
radar,retained_head_v1,115200_to_460800,heldout_recordings,20260920-194108-roll-460800,383,3,3,True
radar,retained_head_v1,115200_to_460800,heldout_recordings,20260920-194108-roll-460800,384,3,3,True
radar,retained_head_v1,115200_to_460800,heldout_recordings,20260920-194108-roll-460800,385,3,3,True
radar,retained_head_v1,115200_to_460800,heldout_recordings,20260920-194108-roll-460800,386,3,3,True
radar,retained_head_v1,115200_to_460800,heldout_recordings,20260920-194108-roll-460800,387,3,3,True
radar,retained_head_v1,115200_to_460800,heldout_recordings,20260920-194108-roll-460800,388,3,3,True
radar,retained_head_v1,115200_to_460800,heldout_recordings,20260920-194108-roll-460800,389,3,3,True
radar,retained_head_v1,115200_to_460800,heldout_recordings,20260920-194108-roll-460800,390,3,3,True
radar,retained_head_v1,115200_to_460800,heldout_recordings,20260920-194108-roll-460800,391,3,3,True
radar,retained_head_v1,115200_to_460800,heldout_recordings,20260920-194108-roll-460800,392,3,3,True
radar,retained_head_v1,115200_to_460800,heldout_recordings,20260920-194108-roll-460800,393,3,3,True
radar,retained_head_v1,115200_to_460800,heldout_recordings,20260920-194108-roll-460800,394,3,3,True
radar,retained_head_v1,115200_to_460800,heldout_recordings,20260920-194108-roll-460800,395,3,3,True
radar,retained_head_v1,115200_to_460800,heldout_recordings,20260920-194108-roll-460800,396,3,3,True
radar,retained_head_v1,115200_to_460800,heldout_recordings,20260920-194108-roll-460800,397,3,3,True
radar,retained_head_v1,115200_to_460800,heldout_recordings,20260920-194108-roll-460800,398,3,3,True
radar,retained_head_v1,115200_to_460800,heldout_recordings,20260920-194108-roll-460800,399,3,3,True
radar,retained_head_v1,115200_to_460800,heldout_recordings,20260920-194108-roll-460800,400,3,3,True
radar,retained_head_v1,115200_to_460800,heldout_recordings,20260920-194108-roll-460800,401,3,3,True
radar,retained_head_v1,115200_to_460800,heldout_recordings,20260920-194108-roll-460800,402,3,3,True
radar,retained_head_v1,115200_to_460800,heldout_recordings,20260920-194108-roll-460800,403,3,3,True
radar,retained_head_v1,115200_to_460800,heldout_recordings,20260920-194108-roll-460800,404,3,3,True
radar,retained_head_v1,115200_to_460800,heldout_recordings,20260920-194108-roll-460800,405,3,3,True
radar,retained_head_v1,115200_to_460800,heldout_recordings,20260920-194108-roll-460800,406,3,3,True
radar,retained_head_v1,115200_to_460800,heldout_recordings,20260920-194108-roll-460800,407,3,3,True
radar,retained_head_v1,115200_to_460800,heldout_recordings,20260920-194108-roll-460800,408,3,3,True
radar,retained_head_v1,115200_to_460800,heldout_recordings,20260920-194108-roll-460800,409,3,3,True
radar,retained_head_v1,115200_to_460800,heldout_recordings,20260920-194108-roll-460800,410,3,3,True
radar,retained_head_v1,115200_to_460800,heldout_recordings,20260920-194108-roll-460800,411,3,3,True
contact,retained_head_v1,460800_to_115200,heldout_recordings,20260920-184058-normal-11520,0,0,0,True
contact,retained_head_v1,460800_to_115200,heldout_recordings,20260920-184058-normal-11520,1,0,0,True
contact,retained_head_v1,460800_to_115200,heldout_recordings,20260920-184058-normal-11520,2,0,0,True
contact,retained_head_v1,460800_to_115200,heldout_recordings,20260920-184058-normal-11520,3,0,0,True
contact,retained_head_v1,460800_to_115200,heldout_recordings,20260920-184058-normal-11520,4,0,0,True
contact,retained_head_v1,460800_to_115200,heldout_recordings,20260920-184058-normal-11520,5,0,0,True
contact,retained_head_v1,460800_to_115200,heldout_recordings,20260920-184058-normal-11520,6,0,0,True
contact,retained_head_v1,460800_to_115200,heldout_recordings,20260920-190512-outBroken-115200,13,2,1,True
contact,retained_head_v1,460800_to_115200,heldout_recordings,20260920-190512-outBroken-115200,14,2,0,True
contact,retained_head_v1,460800_to_115200,heldout_recordings,20260920-190512-outBroken-115200,15,2,2,True
contact,retained_head_v1,460800_to_115200,heldout_recordings,20260920-190512-outBroken-115200,16,2,2,True
contact,retained_head_v1,460800_to_115200,heldout_recordings,20260920-190512-outBroken-115200,17,2,0,True
contact,retained_head_v1,460800_to_115200,heldout_recordings,20260920-190512-outBroken-115200,18,2,2,True
contact,retained_head_v1,460800_to_115200,heldout_recordings,20260920-190512-outBroken-115200,19,2,1,True
contact,retained_head_v1,460800_to_115200,heldout_recordings,20260920-190512-outBroken-115200,20,2,2,True
contact,retained_head_v1,460800_to_115200,heldout_recordings,20260920-192216-inBroken-115200,31,1,1,True
contact,retained_head_v1,460800_to_115200,heldout_recordings,20260920-192216-inBroken-115200,32,1,1,True
contact,retained_head_v1,460800_to_115200,heldout_recordings,20260920-192216-inBroken-115200,33,1,1,True
contact,retained_head_v1,460800_to_115200,heldout_recordings,20260920-192216-inBroken-115200,34,1,0,True
contact,retained_head_v1,460800_to_115200,heldout_recordings,20260920-192216-inBroken-115200,35,1,1,True
contact,retained_head_v1,460800_to_115200,heldout_recordings,20260920-192216-inBroken-115200,36,1,1,True
contact,retained_head_v1,460800_to_115200,heldout_recordings,20260920-192216-inBroken-115200,37,1,1,True
contact,retained_head_v1,460800_to_115200,heldout_recordings,20260920-192216-inBroken-115200,38,1,1,True
contact,retained_head_v1,460800_to_115200,heldout_recordings,20260920-193718-roll-115200,46,3,0,True
contact,retained_head_v1,460800_to_115200,heldout_recordings,20260920-193718-roll-115200,47,3,2,True
contact,retained_head_v1,460800_to_115200,heldout_recordings,20260920-193718-roll-115200,48,3,1,True
contact,retained_head_v1,460800_to_115200,heldout_recordings,20260920-193718-roll-115200,49,3,3,True
contact,retained_head_v1,460800_to_115200,heldout_recordings,20260920-193718-roll-115200,50,3,2,True
contact,retained_head_v1,460800_to_115200,heldout_recordings,20260920-193718-roll-115200,51,3,1,True
contact,retained_head_v1,460800_to_115200,heldout_recordings,20260920-193718-roll-115200,52,3,3,True
contact,retained_head_v1,460800_to_115200,heldout_recordings,20260920-193718-roll-115200,53,3,3,True
contact,retained_head_v1,460800_to_115200,heldout_recordings,20260920-193718-roll-115200,54,3,3,True
radar,retained_head_v1,460800_to_115200,heldout_recordings,20260920-184058-normal-11520,0,0,0,True
radar,retained_head_v1,460800_to_115200,heldout_recordings,20260920-184058-normal-11520,1,0,0,True
radar,retained_head_v1,460800_to_115200,heldout_recordings,20260920-184058-normal-11520,2,0,0,True
radar,retained_head_v1,460800_to_115200,heldout_recordings,20260920-184058-normal-11520,3,0,0,True
radar,retained_head_v1,460800_to_115200,heldout_recordings,20260920-184058-normal-11520,4,0,0,True
radar,retained_head_v1,460800_to_115200,heldout_recordings,20260920-184058-normal-11520,5,0,0,True
radar,retained_head_v1,460800_to_115200,heldout_recordings,20260920-184058-normal-11520,6,0,0,True
radar,retained_head_v1,460800_to_115200,heldout_recordings,20260920-184058-normal-11520,7,0,0,True
radar,retained_head_v1,460800_to_115200,heldout_recordings,20260920-184058-normal-11520,8,0,0,True
radar,retained_head_v1,460800_to_115200,heldout_recordings,20260920-184058-normal-11520,9,0,0,True
radar,retained_head_v1,460800_to_115200,heldout_recordings,20260920-184058-normal-11520,10,0,0,True
radar,retained_head_v1,460800_to_115200,heldout_recordings,20260920-184058-normal-11520,11,0,0,True
radar,retained_head_v1,460800_to_115200,heldout_recordings,20260920-184058-normal-11520,12,0,0,True
radar,retained_head_v1,460800_to_115200,heldout_recordings,20260920-184058-normal-11520,13,0,0,True
radar,retained_head_v1,460800_to_115200,heldout_recordings,20260920-184058-normal-11520,14,0,0,True
radar,retained_head_v1,460800_to_115200,heldout_recordings,20260920-184058-normal-11520,15,0,0,True
radar,retained_head_v1,460800_to_115200,heldout_recordings,20260920-184058-normal-11520,16,0,0,True
radar,retained_head_v1,460800_to_115200,heldout_recordings,20260920-184058-normal-11520,17,0,0,True
radar,retained_head_v1,460800_to_115200,heldout_recordings,20260920-184058-normal-11520,18,0,0,True
radar,retained_head_v1,460800_to_115200,heldout_recordings,20260920-184058-normal-11520,19,0,0,True
radar,retained_head_v1,460800_to_115200,heldout_recordings,20260920-184058-normal-11520,20,0,0,True
radar,retained_head_v1,460800_to_115200,heldout_recordings,20260920-184058-normal-11520,21,0,0,True
radar,retained_head_v1,460800_to_115200,heldout_recordings,20260920-184058-normal-11520,22,0,0,True
radar,retained_head_v1,460800_to_115200,heldout_recordings,20260920-184058-normal-11520,23,0,0,True
radar,retained_head_v1,460800_to_115200,heldout_recordings,20260920-184058-normal-11520,24,0,0,True
radar,retained_head_v1,460800_to_115200,heldout_recordings,20260920-184058-normal-11520,25,0,0,True
radar,retained_head_v1,460800_to_115200,heldout_recordings,20260920-184058-normal-11520,26,0,0,True
radar,retained_head_v1,460800_to_115200,heldout_recordings,20260920-184058-normal-11520,27,0,0,True
radar,retained_head_v1,460800_to_115200,heldout_recordings,20260920-184058-normal-11520,28,0,0,True
radar,retained_head_v1,460800_to_115200,heldout_recordings,20260920-184058-normal-11520,29,0,0,True
radar,retained_head_v1,460800_to_115200,heldout_recordings,20260920-184058-normal-11520,30,0,0,True
radar,retained_head_v1,460800_to_115200,heldout_recordings,20260920-184058-normal-11520,31,0,0,True
radar,retained_head_v1,460800_to_115200,heldout_recordings,20260920-184058-normal-11520,32,0,0,True
radar,retained_head_v1,460800_to_115200,heldout_recordings,20260920-184058-normal-11520,33,0,0,True
radar,retained_head_v1,460800_to_115200,heldout_recordings,20260920-184058-normal-11520,34,0,0,True
radar,retained_head_v1,460800_to_115200,heldout_recordings,20260920-184058-normal-11520,35,0,0,True
radar,retained_head_v1,460800_to_115200,heldout_recordings,20260920-184058-normal-11520,36,0,0,True
radar,retained_head_v1,460800_to_115200,heldout_recordings,20260920-184058-normal-11520,37,0,0,True
radar,retained_head_v1,460800_to_115200,heldout_recordings,20260920-184058-normal-11520,38,0,0,True
radar,retained_head_v1,460800_to_115200,heldout_recordings,20260920-184058-normal-11520,39,0,0,True
radar,retained_head_v1,460800_to_115200,heldout_recordings,20260920-184058-normal-11520,40,0,0,True
radar,retained_head_v1,460800_to_115200,heldout_recordings,20260920-184058-normal-11520,41,0,0,True
radar,retained_head_v1,460800_to_115200,heldout_recordings,20260920-184058-normal-11520,42,0,0,True
radar,retained_head_v1,460800_to_115200,heldout_recordings,20260920-184058-normal-11520,43,0,0,True
radar,retained_head_v1,460800_to_115200,heldout_recordings,20260920-184058-normal-11520,44,0,0,True
radar,retained_head_v1,460800_to_115200,heldout_recordings,20260920-184058-normal-11520,45,0,0,True
radar,retained_head_v1,460800_to_115200,heldout_recordings,20260920-184058-normal-11520,46,0,0,True
radar,retained_head_v1,460800_to_115200,heldout_recordings,20260920-184058-normal-11520,47,0,0,True
radar,retained_head_v1,460800_to_115200,heldout_recordings,20260920-184058-normal-11520,48,0,0,True
radar,retained_head_v1,460800_to_115200,heldout_recordings,20260920-184058-normal-11520,49,0,0,True
radar,retained_head_v1,460800_to_115200,heldout_recordings,20260920-184058-normal-11520,50,0,0,True
radar,retained_head_v1,460800_to_115200,heldout_recordings,20260920-184058-normal-11520,51,0,0,True
radar,retained_head_v1,460800_to_115200,heldout_recordings,20260920-184058-normal-11520,52,0,0,True
radar,retained_head_v1,460800_to_115200,heldout_recordings,20260920-184058-normal-11520,53,0,0,True
radar,retained_head_v1,460800_to_115200,heldout_recordings,20260920-184058-normal-11520,54,0,0,True
radar,retained_head_v1,460800_to_115200,heldout_recordings,20260920-184058-normal-11520,55,0,0,True
radar,retained_head_v1,460800_to_115200,heldout_recordings,20260920-184058-normal-11520,56,0,0,True
radar,retained_head_v1,460800_to_115200,heldout_recordings,20260920-184058-normal-11520,57,0,0,True
radar,retained_head_v1,460800_to_115200,heldout_recordings,20260920-184058-normal-11520,58,0,0,True
radar,retained_head_v1,460800_to_115200,heldout_recordings,20260920-184058-normal-11520,59,0,0,True
radar,retained_head_v1,460800_to_115200,heldout_recordings,20260920-184058-normal-11520,60,0,0,True
radar,retained_head_v1,460800_to_115200,heldout_recordings,20260920-190512-outBroken-115200,109,2,2,False
radar,retained_head_v1,460800_to_115200,heldout_recordings,20260920-190512-outBroken-115200,110,2,2,False
radar,retained_head_v1,460800_to_115200,heldout_recordings,20260920-190512-outBroken-115200,111,2,2,False
radar,retained_head_v1,460800_to_115200,heldout_recordings,20260920-190512-outBroken-115200,112,2,2,False
radar,retained_head_v1,460800_to_115200,heldout_recordings,20260920-190512-outBroken-115200,113,2,2,False
radar,retained_head_v1,460800_to_115200,heldout_recordings,20260920-190512-outBroken-115200,114,2,2,False
radar,retained_head_v1,460800_to_115200,heldout_recordings,20260920-190512-outBroken-115200,115,2,2,False
radar,retained_head_v1,460800_to_115200,heldout_recordings,20260920-190512-outBroken-115200,116,2,2,False
radar,retained_head_v1,460800_to_115200,heldout_recordings,20260920-190512-outBroken-115200,117,2,2,False
radar,retained_head_v1,460800_to_115200,heldout_recordings,20260920-190512-outBroken-115200,118,2,2,False
radar,retained_head_v1,460800_to_115200,heldout_recordings,20260920-190512-outBroken-115200,119,2,2,False
radar,retained_head_v1,460800_to_115200,heldout_recordings,20260920-190512-outBroken-115200,120,2,2,False
radar,retained_head_v1,460800_to_115200,heldout_recordings,20260920-190512-outBroken-115200,121,2,2,False
radar,retained_head_v1,460800_to_115200,heldout_recordings,20260920-190512-outBroken-115200,122,2,2,False
radar,retained_head_v1,460800_to_115200,heldout_recordings,20260920-190512-outBroken-115200,123,2,2,False
radar,retained_head_v1,460800_to_115200,heldout_recordings,20260920-190512-outBroken-115200,124,2,2,False
radar,retained_head_v1,460800_to_115200,heldout_recordings,20260920-190512-outBroken-115200,125,2,2,False
radar,retained_head_v1,460800_to_115200,heldout_recordings,20260920-190512-outBroken-115200,126,2,2,False
radar,retained_head_v1,460800_to_115200,heldout_recordings,20260920-190512-outBroken-115200,127,2,2,False
radar,retained_head_v1,460800_to_115200,heldout_recordings,20260920-190512-outBroken-115200,128,2,2,False
radar,retained_head_v1,460800_to_115200,heldout_recordings,20260920-190512-outBroken-115200,129,2,2,False
radar,retained_head_v1,460800_to_115200,heldout_recordings,20260920-190512-outBroken-115200,130,2,2,False
radar,retained_head_v1,460800_to_115200,heldout_recordings,20260920-190512-outBroken-115200,131,2,2,False
radar,retained_head_v1,460800_to_115200,heldout_recordings,20260920-190512-outBroken-115200,132,2,2,False
radar,retained_head_v1,460800_to_115200,heldout_recordings,20260920-190512-outBroken-115200,133,2,2,False
radar,retained_head_v1,460800_to_115200,heldout_recordings,20260920-190512-outBroken-115200,134,2,2,False
radar,retained_head_v1,460800_to_115200,heldout_recordings,20260920-190512-outBroken-115200,135,2,2,False
radar,retained_head_v1,460800_to_115200,heldout_recordings,20260920-190512-outBroken-115200,136,2,2,False
radar,retained_head_v1,460800_to_115200,heldout_recordings,20260920-190512-outBroken-115200,137,2,2,False
radar,retained_head_v1,460800_to_115200,heldout_recordings,20260920-190512-outBroken-115200,138,2,2,False
radar,retained_head_v1,460800_to_115200,heldout_recordings,20260920-190512-outBroken-115200,139,2,2,False
radar,retained_head_v1,460800_to_115200,heldout_recordings,20260920-190512-outBroken-115200,140,2,2,False
radar,retained_head_v1,460800_to_115200,heldout_recordings,20260920-190512-outBroken-115200,141,2,2,False
radar,retained_head_v1,460800_to_115200,heldout_recordings,20260920-190512-outBroken-115200,142,2,2,False
radar,retained_head_v1,460800_to_115200,heldout_recordings,20260920-190512-outBroken-115200,143,2,2,False
radar,retained_head_v1,460800_to_115200,heldout_recordings,20260920-190512-outBroken-115200,144,2,2,False
radar,retained_head_v1,460800_to_115200,heldout_recordings,20260920-190512-outBroken-115200,145,2,2,False
radar,retained_head_v1,460800_to_115200,heldout_recordings,20260920-190512-outBroken-115200,146,2,2,False
radar,retained_head_v1,460800_to_115200,heldout_recordings,20260920-190512-outBroken-115200,147,2,2,False
radar,retained_head_v1,460800_to_115200,heldout_recordings,20260920-190512-outBroken-115200,148,2,2,False
radar,retained_head_v1,460800_to_115200,heldout_recordings,20260920-190512-outBroken-115200,149,2,2,False
radar,retained_head_v1,460800_to_115200,heldout_recordings,20260920-190512-outBroken-115200,150,2,2,False
radar,retained_head_v1,460800_to_115200,heldout_recordings,20260920-190512-outBroken-115200,151,2,2,False
radar,retained_head_v1,460800_to_115200,heldout_recordings,20260920-190512-outBroken-115200,152,2,2,False
radar,retained_head_v1,460800_to_115200,heldout_recordings,20260920-190512-outBroken-115200,153,2,2,False
radar,retained_head_v1,460800_to_115200,heldout_recordings,20260920-190512-outBroken-115200,154,2,2,False
radar,retained_head_v1,460800_to_115200,heldout_recordings,20260920-190512-outBroken-115200,155,2,2,False
radar,retained_head_v1,460800_to_115200,heldout_recordings,20260920-190512-outBroken-115200,156,2,2,False
radar,retained_head_v1,460800_to_115200,heldout_recordings,20260920-190512-outBroken-115200,157,2,2,False
radar,retained_head_v1,460800_to_115200,heldout_recordings,20260920-190512-outBroken-115200,158,2,2,False
radar,retained_head_v1,460800_to_115200,heldout_recordings,20260920-192216-inBroken-115200,209,1,1,True
radar,retained_head_v1,460800_to_115200,heldout_recordings,20260920-192216-inBroken-115200,210,1,1,True
radar,retained_head_v1,460800_to_115200,heldout_recordings,20260920-192216-inBroken-115200,211,1,1,True
radar,retained_head_v1,460800_to_115200,heldout_recordings,20260920-192216-inBroken-115200,212,1,1,True
radar,retained_head_v1,460800_to_115200,heldout_recordings,20260920-192216-inBroken-115200,213,1,1,True
radar,retained_head_v1,460800_to_115200,heldout_recordings,20260920-192216-inBroken-115200,214,1,1,True
radar,retained_head_v1,460800_to_115200,heldout_recordings,20260920-192216-inBroken-115200,215,1,1,True
radar,retained_head_v1,460800_to_115200,heldout_recordings,20260920-192216-inBroken-115200,216,1,1,True
radar,retained_head_v1,460800_to_115200,heldout_recordings,20260920-192216-inBroken-115200,217,1,1,True
radar,retained_head_v1,460800_to_115200,heldout_recordings,20260920-192216-inBroken-115200,218,1,1,True
radar,retained_head_v1,460800_to_115200,heldout_recordings,20260920-192216-inBroken-115200,219,1,1,True
radar,retained_head_v1,460800_to_115200,heldout_recordings,20260920-192216-inBroken-115200,220,1,1,True
radar,retained_head_v1,460800_to_115200,heldout_recordings,20260920-192216-inBroken-115200,221,1,1,True
radar,retained_head_v1,460800_to_115200,heldout_recordings,20260920-192216-inBroken-115200,222,1,1,True
radar,retained_head_v1,460800_to_115200,heldout_recordings,20260920-192216-inBroken-115200,223,1,1,True
radar,retained_head_v1,460800_to_115200,heldout_recordings,20260920-192216-inBroken-115200,224,1,1,True
radar,retained_head_v1,460800_to_115200,heldout_recordings,20260920-192216-inBroken-115200,225,1,1,True
radar,retained_head_v1,460800_to_115200,heldout_recordings,20260920-192216-inBroken-115200,226,1,1,True
radar,retained_head_v1,460800_to_115200,heldout_recordings,20260920-192216-inBroken-115200,227,1,1,True
radar,retained_head_v1,460800_to_115200,heldout_recordings,20260920-192216-inBroken-115200,228,1,1,True
radar,retained_head_v1,460800_to_115200,heldout_recordings,20260920-192216-inBroken-115200,229,1,1,True
radar,retained_head_v1,460800_to_115200,heldout_recordings,20260920-192216-inBroken-115200,230,1,1,True
radar,retained_head_v1,460800_to_115200,heldout_recordings,20260920-192216-inBroken-115200,231,1,1,True
radar,retained_head_v1,460800_to_115200,heldout_recordings,20260920-192216-inBroken-115200,232,1,1,True
radar,retained_head_v1,460800_to_115200,heldout_recordings,20260920-192216-inBroken-115200,233,1,1,True
radar,retained_head_v1,460800_to_115200,heldout_recordings,20260920-192216-inBroken-115200,234,1,1,True
radar,retained_head_v1,460800_to_115200,heldout_recordings,20260920-192216-inBroken-115200,235,1,1,True
radar,retained_head_v1,460800_to_115200,heldout_recordings,20260920-192216-inBroken-115200,236,1,1,True
radar,retained_head_v1,460800_to_115200,heldout_recordings,20260920-192216-inBroken-115200,237,1,1,True
radar,retained_head_v1,460800_to_115200,heldout_recordings,20260920-192216-inBroken-115200,238,1,1,True
radar,retained_head_v1,460800_to_115200,heldout_recordings,20260920-192216-inBroken-115200,239,1,1,True
radar,retained_head_v1,460800_to_115200,heldout_recordings,20260920-192216-inBroken-115200,240,1,1,True
radar,retained_head_v1,460800_to_115200,heldout_recordings,20260920-192216-inBroken-115200,241,1,1,True
radar,retained_head_v1,460800_to_115200,heldout_recordings,20260920-192216-inBroken-115200,242,1,1,True
radar,retained_head_v1,460800_to_115200,heldout_recordings,20260920-192216-inBroken-115200,243,1,1,True
radar,retained_head_v1,460800_to_115200,heldout_recordings,20260920-192216-inBroken-115200,244,1,1,True
radar,retained_head_v1,460800_to_115200,heldout_recordings,20260920-192216-inBroken-115200,245,1,1,True
radar,retained_head_v1,460800_to_115200,heldout_recordings,20260920-192216-inBroken-115200,246,1,1,True
radar,retained_head_v1,460800_to_115200,heldout_recordings,20260920-192216-inBroken-115200,247,1,1,True
radar,retained_head_v1,460800_to_115200,heldout_recordings,20260920-192216-inBroken-115200,248,1,1,True
radar,retained_head_v1,460800_to_115200,heldout_recordings,20260920-192216-inBroken-115200,249,1,1,True
radar,retained_head_v1,460800_to_115200,heldout_recordings,20260920-192216-inBroken-115200,250,1,1,True
radar,retained_head_v1,460800_to_115200,heldout_recordings,20260920-192216-inBroken-115200,251,1,1,True
radar,retained_head_v1,460800_to_115200,heldout_recordings,20260920-192216-inBroken-115200,252,1,1,True
radar,retained_head_v1,460800_to_115200,heldout_recordings,20260920-192216-inBroken-115200,253,1,1,True
radar,retained_head_v1,460800_to_115200,heldout_recordings,20260920-192216-inBroken-115200,254,1,1,True
radar,retained_head_v1,460800_to_115200,heldout_recordings,20260920-192216-inBroken-115200,255,1,1,True
radar,retained_head_v1,460800_to_115200,heldout_recordings,20260920-192216-inBroken-115200,256,1,1,True
radar,retained_head_v1,460800_to_115200,heldout_recordings,20260920-192216-inBroken-115200,257,1,1,True
radar,retained_head_v1,460800_to_115200,heldout_recordings,20260920-192216-inBroken-115200,258,1,1,True
radar,retained_head_v1,460800_to_115200,heldout_recordings,20260920-193718-roll-115200,310,3,3,True
radar,retained_head_v1,460800_to_115200,heldout_recordings,20260920-193718-roll-115200,311,3,3,True
radar,retained_head_v1,460800_to_115200,heldout_recordings,20260920-193718-roll-115200,312,3,3,True
radar,retained_head_v1,460800_to_115200,heldout_recordings,20260920-193718-roll-115200,313,3,3,True
radar,retained_head_v1,460800_to_115200,heldout_recordings,20260920-193718-roll-115200,314,3,3,True
radar,retained_head_v1,460800_to_115200,heldout_recordings,20260920-193718-roll-115200,315,3,0,True
radar,retained_head_v1,460800_to_115200,heldout_recordings,20260920-193718-roll-115200,316,3,3,True
radar,retained_head_v1,460800_to_115200,heldout_recordings,20260920-193718-roll-115200,317,3,3,True
radar,retained_head_v1,460800_to_115200,heldout_recordings,20260920-193718-roll-115200,318,3,3,True
radar,retained_head_v1,460800_to_115200,heldout_recordings,20260920-193718-roll-115200,319,3,3,True
radar,retained_head_v1,460800_to_115200,heldout_recordings,20260920-193718-roll-115200,320,3,3,True
radar,retained_head_v1,460800_to_115200,heldout_recordings,20260920-193718-roll-115200,321,3,3,True
radar,retained_head_v1,460800_to_115200,heldout_recordings,20260920-193718-roll-115200,322,3,3,True
radar,retained_head_v1,460800_to_115200,heldout_recordings,20260920-193718-roll-115200,323,3,3,True
radar,retained_head_v1,460800_to_115200,heldout_recordings,20260920-193718-roll-115200,324,3,3,True
radar,retained_head_v1,460800_to_115200,heldout_recordings,20260920-193718-roll-115200,325,3,3,True
radar,retained_head_v1,460800_to_115200,heldout_recordings,20260920-193718-roll-115200,326,3,3,True
radar,retained_head_v1,460800_to_115200,heldout_recordings,20260920-193718-roll-115200,327,3,3,True
radar,retained_head_v1,460800_to_115200,heldout_recordings,20260920-193718-roll-115200,328,3,3,True
radar,retained_head_v1,460800_to_115200,heldout_recordings,20260920-193718-roll-115200,329,3,3,True
radar,retained_head_v1,460800_to_115200,heldout_recordings,20260920-193718-roll-115200,330,3,3,True
radar,retained_head_v1,460800_to_115200,heldout_recordings,20260920-193718-roll-115200,331,3,3,True
radar,retained_head_v1,460800_to_115200,heldout_recordings,20260920-193718-roll-115200,332,3,3,True
radar,retained_head_v1,460800_to_115200,heldout_recordings,20260920-193718-roll-115200,333,3,3,True
radar,retained_head_v1,460800_to_115200,heldout_recordings,20260920-193718-roll-115200,334,3,3,True
radar,retained_head_v1,460800_to_115200,heldout_recordings,20260920-193718-roll-115200,335,3,3,True
radar,retained_head_v1,460800_to_115200,heldout_recordings,20260920-193718-roll-115200,336,3,3,True
radar,retained_head_v1,460800_to_115200,heldout_recordings,20260920-193718-roll-115200,337,3,3,True
radar,retained_head_v1,460800_to_115200,heldout_recordings,20260920-193718-roll-115200,338,3,3,True
radar,retained_head_v1,460800_to_115200,heldout_recordings,20260920-193718-roll-115200,339,3,3,True
radar,retained_head_v1,460800_to_115200,heldout_recordings,20260920-193718-roll-115200,340,3,3,True
radar,retained_head_v1,460800_to_115200,heldout_recordings,20260920-193718-roll-115200,341,3,3,True
radar,retained_head_v1,460800_to_115200,heldout_recordings,20260920-193718-roll-115200,342,3,3,True
radar,retained_head_v1,460800_to_115200,heldout_recordings,20260920-193718-roll-115200,343,3,3,True
radar,retained_head_v1,460800_to_115200,heldout_recordings,20260920-193718-roll-115200,344,3,3,True
radar,retained_head_v1,460800_to_115200,heldout_recordings,20260920-193718-roll-115200,345,3,3,True
radar,retained_head_v1,460800_to_115200,heldout_recordings,20260920-193718-roll-115200,346,3,3,True
radar,retained_head_v1,460800_to_115200,heldout_recordings,20260920-193718-roll-115200,347,3,3,True
radar,retained_head_v1,460800_to_115200,heldout_recordings,20260920-193718-roll-115200,348,3,3,True
radar,retained_head_v1,460800_to_115200,heldout_recordings,20260920-193718-roll-115200,349,3,3,True
radar,retained_head_v1,460800_to_115200,heldout_recordings,20260920-193718-roll-115200,350,3,3,True
radar,retained_head_v1,460800_to_115200,heldout_recordings,20260920-193718-roll-115200,351,3,3,True
radar,retained_head_v1,460800_to_115200,heldout_recordings,20260920-193718-roll-115200,352,3,3,True
radar,retained_head_v1,460800_to_115200,heldout_recordings,20260920-193718-roll-115200,353,3,3,True
radar,retained_head_v1,460800_to_115200,heldout_recordings,20260920-193718-roll-115200,354,3,3,True
radar,retained_head_v1,460800_to_115200,heldout_recordings,20260920-193718-roll-115200,355,3,3,True
radar,retained_head_v1,460800_to_115200,heldout_recordings,20260920-193718-roll-115200,356,3,3,True
radar,retained_head_v1,460800_to_115200,heldout_recordings,20260920-193718-roll-115200,357,3,3,True
radar,retained_head_v1,460800_to_115200,heldout_recordings,20260920-193718-roll-115200,358,3,3,True
radar,retained_head_v1,460800_to_115200,heldout_recordings,20260920-193718-roll-115200,359,3,3,True
radar,retained_head_v1,460800_to_115200,heldout_recordings,20260920-193718-roll-115200,360,3,3,True
contact,retained_head_conservative,all_known,training_recordings,20260920-184058-normal-11520,0,0,0,True
contact,retained_head_conservative,all_known,training_recordings,20260920-184058-normal-11520,1,0,0,True
contact,retained_head_conservative,all_known,training_recordings,20260920-184058-normal-11520,2,0,0,True
contact,retained_head_conservative,all_known,training_recordings,20260920-184058-normal-11520,3,0,0,True
contact,retained_head_conservative,all_known,training_recordings,20260920-184058-normal-11520,4,0,0,True
contact,retained_head_conservative,all_known,training_recordings,20260920-184058-normal-11520,5,0,0,True
contact,retained_head_conservative,all_known,training_recordings,20260920-184058-normal-11520,6,0,0,True
contact,retained_head_conservative,all_known,training_recordings,20260920-184857-normal-460800,7,0,0,True
contact,retained_head_conservative,all_known,training_recordings,20260920-184857-normal-460800,8,0,0,True
contact,retained_head_conservative,all_known,training_recordings,20260920-184857-normal-460800,9,0,0,True
contact,retained_head_conservative,all_known,training_recordings,20260920-184857-normal-460800,10,0,1,True
contact,retained_head_conservative,all_known,training_recordings,20260920-184857-normal-460800,11,0,0,True
contact,retained_head_conservative,all_known,training_recordings,20260920-184857-normal-460800,12,0,0,True
contact,retained_head_conservative,all_known,training_recordings,20260920-190512-outBroken-115200,13,2,2,True
contact,retained_head_conservative,all_known,training_recordings,20260920-190512-outBroken-115200,14,2,2,True
contact,retained_head_conservative,all_known,training_recordings,20260920-190512-outBroken-115200,15,2,2,True
contact,retained_head_conservative,all_known,training_recordings,20260920-190512-outBroken-115200,16,2,2,True
contact,retained_head_conservative,all_known,training_recordings,20260920-190512-outBroken-115200,17,2,2,True
contact,retained_head_conservative,all_known,training_recordings,20260920-190512-outBroken-115200,18,2,2,True
contact,retained_head_conservative,all_known,training_recordings,20260920-190512-outBroken-115200,19,2,2,True
contact,retained_head_conservative,all_known,training_recordings,20260920-190512-outBroken-115200,20,2,2,True
contact,retained_head_conservative,all_known,training_recordings,20260920-190913-outBroken-460800,21,2,2,True
contact,retained_head_conservative,all_known,training_recordings,20260920-190913-outBroken-460800,22,2,2,True
contact,retained_head_conservative,all_known,training_recordings,20260920-190913-outBroken-460800,23,2,2,True
contact,retained_head_conservative,all_known,training_recordings,20260920-190913-outBroken-460800,24,2,0,True
contact,retained_head_conservative,all_known,training_recordings,20260920-190913-outBroken-460800,25,2,2,True
contact,retained_head_conservative,all_known,training_recordings,20260920-190913-outBroken-460800,26,2,2,True
contact,retained_head_conservative,all_known,training_recordings,20260920-190913-outBroken-460800,27,2,2,True
contact,retained_head_conservative,all_known,training_recordings,20260920-190913-outBroken-460800,28,2,2,True
contact,retained_head_conservative,all_known,training_recordings,20260920-190913-outBroken-460800,29,2,2,True
contact,retained_head_conservative,all_known,training_recordings,20260920-190913-outBroken-460800,30,2,2,True
contact,retained_head_conservative,all_known,training_recordings,20260920-192216-inBroken-115200,31,1,1,True
contact,retained_head_conservative,all_known,training_recordings,20260920-192216-inBroken-115200,32,1,1,True
contact,retained_head_conservative,all_known,training_recordings,20260920-192216-inBroken-115200,33,1,1,True
contact,retained_head_conservative,all_known,training_recordings,20260920-192216-inBroken-115200,34,1,1,True
contact,retained_head_conservative,all_known,training_recordings,20260920-192216-inBroken-115200,35,1,1,True
contact,retained_head_conservative,all_known,training_recordings,20260920-192216-inBroken-115200,36,1,1,True
contact,retained_head_conservative,all_known,training_recordings,20260920-192216-inBroken-115200,37,1,1,True
contact,retained_head_conservative,all_known,training_recordings,20260920-192216-inBroken-115200,38,1,1,True
contact,retained_head_conservative,all_known,training_recordings,20260920-192610-inBroken-460800,39,1,1,True
contact,retained_head_conservative,all_known,training_recordings,20260920-192610-inBroken-460800,40,1,1,True
contact,retained_head_conservative,all_known,training_recordings,20260920-192610-inBroken-460800,41,1,1,True
contact,retained_head_conservative,all_known,training_recordings,20260920-192610-inBroken-460800,42,1,1,True
contact,retained_head_conservative,all_known,training_recordings,20260920-192610-inBroken-460800,43,1,1,True
contact,retained_head_conservative,all_known,training_recordings,20260920-192610-inBroken-460800,44,1,1,True
contact,retained_head_conservative,all_known,training_recordings,20260920-192610-inBroken-460800,45,1,1,True
contact,retained_head_conservative,all_known,training_recordings,20260920-193718-roll-115200,46,3,0,True
contact,retained_head_conservative,all_known,training_recordings,20260920-193718-roll-115200,47,3,1,True
contact,retained_head_conservative,all_known,training_recordings,20260920-193718-roll-115200,48,3,3,True
contact,retained_head_conservative,all_known,training_recordings,20260920-193718-roll-115200,49,3,3,True
contact,retained_head_conservative,all_known,training_recordings,20260920-193718-roll-115200,50,3,3,True
contact,retained_head_conservative,all_known,training_recordings,20260920-193718-roll-115200,51,3,1,True
contact,retained_head_conservative,all_known,training_recordings,20260920-193718-roll-115200,52,3,3,True
contact,retained_head_conservative,all_known,training_recordings,20260920-193718-roll-115200,53,3,3,True
contact,retained_head_conservative,all_known,training_recordings,20260920-193718-roll-115200,54,3,3,True
contact,retained_head_conservative,all_known,training_recordings,20260920-194108-roll-460800,55,3,3,True
contact,retained_head_conservative,all_known,training_recordings,20260920-194108-roll-460800,56,3,3,True
contact,retained_head_conservative,all_known,training_recordings,20260920-194108-roll-460800,57,3,3,True
radar,retained_head_conservative,all_known,training_recordings,20260920-184058-normal-11520,0,0,0,True
radar,retained_head_conservative,all_known,training_recordings,20260920-184058-normal-11520,1,0,0,True
radar,retained_head_conservative,all_known,training_recordings,20260920-184058-normal-11520,2,0,0,True
radar,retained_head_conservative,all_known,training_recordings,20260920-184058-normal-11520,3,0,0,True
radar,retained_head_conservative,all_known,training_recordings,20260920-184058-normal-11520,4,0,0,True
radar,retained_head_conservative,all_known,training_recordings,20260920-184058-normal-11520,5,0,0,True
radar,retained_head_conservative,all_known,training_recordings,20260920-184058-normal-11520,6,0,0,True
radar,retained_head_conservative,all_known,training_recordings,20260920-184058-normal-11520,7,0,0,True
radar,retained_head_conservative,all_known,training_recordings,20260920-184058-normal-11520,8,0,0,True
radar,retained_head_conservative,all_known,training_recordings,20260920-184058-normal-11520,9,0,0,True
radar,retained_head_conservative,all_known,training_recordings,20260920-184058-normal-11520,10,0,0,True
radar,retained_head_conservative,all_known,training_recordings,20260920-184058-normal-11520,11,0,0,True
radar,retained_head_conservative,all_known,training_recordings,20260920-184058-normal-11520,12,0,0,True
radar,retained_head_conservative,all_known,training_recordings,20260920-184058-normal-11520,13,0,0,True
radar,retained_head_conservative,all_known,training_recordings,20260920-184058-normal-11520,14,0,0,True
radar,retained_head_conservative,all_known,training_recordings,20260920-184058-normal-11520,15,0,0,True
radar,retained_head_conservative,all_known,training_recordings,20260920-184058-normal-11520,16,0,0,True
radar,retained_head_conservative,all_known,training_recordings,20260920-184058-normal-11520,17,0,0,True
radar,retained_head_conservative,all_known,training_recordings,20260920-184058-normal-11520,18,0,0,True
radar,retained_head_conservative,all_known,training_recordings,20260920-184058-normal-11520,19,0,0,True
radar,retained_head_conservative,all_known,training_recordings,20260920-184058-normal-11520,20,0,0,True
radar,retained_head_conservative,all_known,training_recordings,20260920-184058-normal-11520,21,0,0,True
radar,retained_head_conservative,all_known,training_recordings,20260920-184058-normal-11520,22,0,0,True
radar,retained_head_conservative,all_known,training_recordings,20260920-184058-normal-11520,23,0,0,True
radar,retained_head_conservative,all_known,training_recordings,20260920-184058-normal-11520,24,0,0,True
radar,retained_head_conservative,all_known,training_recordings,20260920-184058-normal-11520,25,0,0,True
radar,retained_head_conservative,all_known,training_recordings,20260920-184058-normal-11520,26,0,0,True
radar,retained_head_conservative,all_known,training_recordings,20260920-184058-normal-11520,27,0,0,True
radar,retained_head_conservative,all_known,training_recordings,20260920-184058-normal-11520,28,0,0,True
radar,retained_head_conservative,all_known,training_recordings,20260920-184058-normal-11520,29,0,0,True
radar,retained_head_conservative,all_known,training_recordings,20260920-184058-normal-11520,30,0,0,True
radar,retained_head_conservative,all_known,training_recordings,20260920-184058-normal-11520,31,0,0,True
radar,retained_head_conservative,all_known,training_recordings,20260920-184058-normal-11520,32,0,0,True
radar,retained_head_conservative,all_known,training_recordings,20260920-184058-normal-11520,33,0,0,True
radar,retained_head_conservative,all_known,training_recordings,20260920-184058-normal-11520,34,0,0,True
radar,retained_head_conservative,all_known,training_recordings,20260920-184058-normal-11520,35,0,0,True
radar,retained_head_conservative,all_known,training_recordings,20260920-184058-normal-11520,36,0,0,True
radar,retained_head_conservative,all_known,training_recordings,20260920-184058-normal-11520,37,0,0,True
radar,retained_head_conservative,all_known,training_recordings,20260920-184058-normal-11520,38,0,0,True
radar,retained_head_conservative,all_known,training_recordings,20260920-184058-normal-11520,39,0,0,True
radar,retained_head_conservative,all_known,training_recordings,20260920-184058-normal-11520,40,0,0,True
radar,retained_head_conservative,all_known,training_recordings,20260920-184058-normal-11520,41,0,0,True
radar,retained_head_conservative,all_known,training_recordings,20260920-184058-normal-11520,42,0,0,True
radar,retained_head_conservative,all_known,training_recordings,20260920-184058-normal-11520,43,0,0,True
radar,retained_head_conservative,all_known,training_recordings,20260920-184058-normal-11520,44,0,0,True
radar,retained_head_conservative,all_known,training_recordings,20260920-184058-normal-11520,45,0,0,True
radar,retained_head_conservative,all_known,training_recordings,20260920-184058-normal-11520,46,0,0,True
radar,retained_head_conservative,all_known,training_recordings,20260920-184058-normal-11520,47,0,0,True
radar,retained_head_conservative,all_known,training_recordings,20260920-184058-normal-11520,48,0,0,True
radar,retained_head_conservative,all_known,training_recordings,20260920-184058-normal-11520,49,0,0,True
radar,retained_head_conservative,all_known,training_recordings,20260920-184058-normal-11520,50,0,0,True
radar,retained_head_conservative,all_known,training_recordings,20260920-184058-normal-11520,51,0,0,True
radar,retained_head_conservative,all_known,training_recordings,20260920-184058-normal-11520,52,0,0,True
radar,retained_head_conservative,all_known,training_recordings,20260920-184058-normal-11520,53,0,0,True
radar,retained_head_conservative,all_known,training_recordings,20260920-184058-normal-11520,54,0,0,True
radar,retained_head_conservative,all_known,training_recordings,20260920-184058-normal-11520,55,0,0,True
radar,retained_head_conservative,all_known,training_recordings,20260920-184058-normal-11520,56,0,0,True
radar,retained_head_conservative,all_known,training_recordings,20260920-184058-normal-11520,57,0,0,True
radar,retained_head_conservative,all_known,training_recordings,20260920-184058-normal-11520,58,0,0,True
radar,retained_head_conservative,all_known,training_recordings,20260920-184058-normal-11520,59,0,0,True
radar,retained_head_conservative,all_known,training_recordings,20260920-184058-normal-11520,60,0,0,True
radar,retained_head_conservative,all_known,training_recordings,20260920-184857-normal-460800,61,0,0,True
radar,retained_head_conservative,all_known,training_recordings,20260920-184857-normal-460800,62,0,0,True
radar,retained_head_conservative,all_known,training_recordings,20260920-184857-normal-460800,63,0,0,True
radar,retained_head_conservative,all_known,training_recordings,20260920-184857-normal-460800,64,0,0,True
radar,retained_head_conservative,all_known,training_recordings,20260920-184857-normal-460800,65,0,0,True
radar,retained_head_conservative,all_known,training_recordings,20260920-184857-normal-460800,66,0,0,True
radar,retained_head_conservative,all_known,training_recordings,20260920-184857-normal-460800,67,0,0,True
radar,retained_head_conservative,all_known,training_recordings,20260920-184857-normal-460800,68,0,0,True
radar,retained_head_conservative,all_known,training_recordings,20260920-184857-normal-460800,69,0,0,True
radar,retained_head_conservative,all_known,training_recordings,20260920-184857-normal-460800,70,0,0,True
radar,retained_head_conservative,all_known,training_recordings,20260920-184857-normal-460800,71,0,0,True
radar,retained_head_conservative,all_known,training_recordings,20260920-184857-normal-460800,72,0,0,True
radar,retained_head_conservative,all_known,training_recordings,20260920-184857-normal-460800,73,0,0,True
radar,retained_head_conservative,all_known,training_recordings,20260920-184857-normal-460800,74,0,0,True
radar,retained_head_conservative,all_known,training_recordings,20260920-184857-normal-460800,75,0,0,True
radar,retained_head_conservative,all_known,training_recordings,20260920-184857-normal-460800,76,0,0,True
radar,retained_head_conservative,all_known,training_recordings,20260920-184857-normal-460800,77,0,0,True
radar,retained_head_conservative,all_known,training_recordings,20260920-184857-normal-460800,78,0,0,True
radar,retained_head_conservative,all_known,training_recordings,20260920-184857-normal-460800,79,0,0,True
radar,retained_head_conservative,all_known,training_recordings,20260920-184857-normal-460800,80,0,0,True
radar,retained_head_conservative,all_known,training_recordings,20260920-184857-normal-460800,81,0,0,True
radar,retained_head_conservative,all_known,training_recordings,20260920-184857-normal-460800,82,0,0,True
radar,retained_head_conservative,all_known,training_recordings,20260920-184857-normal-460800,83,0,0,True
radar,retained_head_conservative,all_known,training_recordings,20260920-184857-normal-460800,84,0,0,True
radar,retained_head_conservative,all_known,training_recordings,20260920-184857-normal-460800,85,0,0,True
radar,retained_head_conservative,all_known,training_recordings,20260920-184857-normal-460800,86,0,0,True
radar,retained_head_conservative,all_known,training_recordings,20260920-184857-normal-460800,87,0,0,True
radar,retained_head_conservative,all_known,training_recordings,20260920-184857-normal-460800,88,0,0,True
radar,retained_head_conservative,all_known,training_recordings,20260920-184857-normal-460800,89,0,0,True
radar,retained_head_conservative,all_known,training_recordings,20260920-184857-normal-460800,90,0,0,True
radar,retained_head_conservative,all_known,training_recordings,20260920-184857-normal-460800,91,0,0,True
radar,retained_head_conservative,all_known,training_recordings,20260920-184857-normal-460800,92,0,0,True
radar,retained_head_conservative,all_known,training_recordings,20260920-184857-normal-460800,93,0,0,True
radar,retained_head_conservative,all_known,training_recordings,20260920-184857-normal-460800,94,0,0,True
radar,retained_head_conservative,all_known,training_recordings,20260920-184857-normal-460800,95,0,0,True
radar,retained_head_conservative,all_known,training_recordings,20260920-184857-normal-460800,96,0,0,True
radar,retained_head_conservative,all_known,training_recordings,20260920-184857-normal-460800,97,0,0,True
radar,retained_head_conservative,all_known,training_recordings,20260920-184857-normal-460800,98,0,0,True
radar,retained_head_conservative,all_known,training_recordings,20260920-184857-normal-460800,99,0,0,True
radar,retained_head_conservative,all_known,training_recordings,20260920-184857-normal-460800,100,0,0,True
radar,retained_head_conservative,all_known,training_recordings,20260920-184857-normal-460800,101,0,0,True
radar,retained_head_conservative,all_known,training_recordings,20260920-184857-normal-460800,102,0,0,True
radar,retained_head_conservative,all_known,training_recordings,20260920-184857-normal-460800,103,0,0,True
radar,retained_head_conservative,all_known,training_recordings,20260920-184857-normal-460800,104,0,0,True
radar,retained_head_conservative,all_known,training_recordings,20260920-184857-normal-460800,105,0,0,True
radar,retained_head_conservative,all_known,training_recordings,20260920-184857-normal-460800,106,0,0,True
radar,retained_head_conservative,all_known,training_recordings,20260920-184857-normal-460800,107,0,0,True
radar,retained_head_conservative,all_known,training_recordings,20260920-184857-normal-460800,108,0,0,True
radar,retained_head_conservative,all_known,training_recordings,20260920-190512-outBroken-115200,109,2,2,False
radar,retained_head_conservative,all_known,training_recordings,20260920-190512-outBroken-115200,110,2,2,False
radar,retained_head_conservative,all_known,training_recordings,20260920-190512-outBroken-115200,111,2,2,False
radar,retained_head_conservative,all_known,training_recordings,20260920-190512-outBroken-115200,112,2,2,False
radar,retained_head_conservative,all_known,training_recordings,20260920-190512-outBroken-115200,113,2,2,False
radar,retained_head_conservative,all_known,training_recordings,20260920-190512-outBroken-115200,114,2,2,False
radar,retained_head_conservative,all_known,training_recordings,20260920-190512-outBroken-115200,115,2,2,False
radar,retained_head_conservative,all_known,training_recordings,20260920-190512-outBroken-115200,116,2,2,False
radar,retained_head_conservative,all_known,training_recordings,20260920-190512-outBroken-115200,117,2,2,False
radar,retained_head_conservative,all_known,training_recordings,20260920-190512-outBroken-115200,118,2,2,False
radar,retained_head_conservative,all_known,training_recordings,20260920-190512-outBroken-115200,119,2,2,False
radar,retained_head_conservative,all_known,training_recordings,20260920-190512-outBroken-115200,120,2,2,False
radar,retained_head_conservative,all_known,training_recordings,20260920-190512-outBroken-115200,121,2,2,False
radar,retained_head_conservative,all_known,training_recordings,20260920-190512-outBroken-115200,122,2,2,False
radar,retained_head_conservative,all_known,training_recordings,20260920-190512-outBroken-115200,123,2,2,False
radar,retained_head_conservative,all_known,training_recordings,20260920-190512-outBroken-115200,124,2,2,False
radar,retained_head_conservative,all_known,training_recordings,20260920-190512-outBroken-115200,125,2,2,False
radar,retained_head_conservative,all_known,training_recordings,20260920-190512-outBroken-115200,126,2,2,False
radar,retained_head_conservative,all_known,training_recordings,20260920-190512-outBroken-115200,127,2,2,False
radar,retained_head_conservative,all_known,training_recordings,20260920-190512-outBroken-115200,128,2,2,False
radar,retained_head_conservative,all_known,training_recordings,20260920-190512-outBroken-115200,129,2,2,False
radar,retained_head_conservative,all_known,training_recordings,20260920-190512-outBroken-115200,130,2,2,False
radar,retained_head_conservative,all_known,training_recordings,20260920-190512-outBroken-115200,131,2,2,False
radar,retained_head_conservative,all_known,training_recordings,20260920-190512-outBroken-115200,132,2,2,False
radar,retained_head_conservative,all_known,training_recordings,20260920-190512-outBroken-115200,133,2,2,False
radar,retained_head_conservative,all_known,training_recordings,20260920-190512-outBroken-115200,134,2,2,False
radar,retained_head_conservative,all_known,training_recordings,20260920-190512-outBroken-115200,135,2,2,False
radar,retained_head_conservative,all_known,training_recordings,20260920-190512-outBroken-115200,136,2,2,False
radar,retained_head_conservative,all_known,training_recordings,20260920-190512-outBroken-115200,137,2,2,False
radar,retained_head_conservative,all_known,training_recordings,20260920-190512-outBroken-115200,138,2,2,False
radar,retained_head_conservative,all_known,training_recordings,20260920-190512-outBroken-115200,139,2,2,False
radar,retained_head_conservative,all_known,training_recordings,20260920-190512-outBroken-115200,140,2,2,False
radar,retained_head_conservative,all_known,training_recordings,20260920-190512-outBroken-115200,141,2,2,False
radar,retained_head_conservative,all_known,training_recordings,20260920-190512-outBroken-115200,142,2,2,False
radar,retained_head_conservative,all_known,training_recordings,20260920-190512-outBroken-115200,143,2,2,False
radar,retained_head_conservative,all_known,training_recordings,20260920-190512-outBroken-115200,144,2,2,False
radar,retained_head_conservative,all_known,training_recordings,20260920-190512-outBroken-115200,145,2,2,False
radar,retained_head_conservative,all_known,training_recordings,20260920-190512-outBroken-115200,146,2,2,False
radar,retained_head_conservative,all_known,training_recordings,20260920-190512-outBroken-115200,147,2,2,False
radar,retained_head_conservative,all_known,training_recordings,20260920-190512-outBroken-115200,148,2,2,False
radar,retained_head_conservative,all_known,training_recordings,20260920-190512-outBroken-115200,149,2,2,False
radar,retained_head_conservative,all_known,training_recordings,20260920-190512-outBroken-115200,150,2,2,False
radar,retained_head_conservative,all_known,training_recordings,20260920-190512-outBroken-115200,151,2,2,False
radar,retained_head_conservative,all_known,training_recordings,20260920-190512-outBroken-115200,152,2,2,False
radar,retained_head_conservative,all_known,training_recordings,20260920-190512-outBroken-115200,153,2,2,False
radar,retained_head_conservative,all_known,training_recordings,20260920-190512-outBroken-115200,154,2,2,False
radar,retained_head_conservative,all_known,training_recordings,20260920-190512-outBroken-115200,155,2,2,False
radar,retained_head_conservative,all_known,training_recordings,20260920-190512-outBroken-115200,156,2,2,False
radar,retained_head_conservative,all_known,training_recordings,20260920-190512-outBroken-115200,157,2,2,False
radar,retained_head_conservative,all_known,training_recordings,20260920-190512-outBroken-115200,158,2,2,False
radar,retained_head_conservative,all_known,training_recordings,20260920-190913-outBroken-460800,159,2,2,False
radar,retained_head_conservative,all_known,training_recordings,20260920-190913-outBroken-460800,160,2,2,False
radar,retained_head_conservative,all_known,training_recordings,20260920-190913-outBroken-460800,161,2,2,False
radar,retained_head_conservative,all_known,training_recordings,20260920-190913-outBroken-460800,162,2,2,False
radar,retained_head_conservative,all_known,training_recordings,20260920-190913-outBroken-460800,163,2,2,False
radar,retained_head_conservative,all_known,training_recordings,20260920-190913-outBroken-460800,164,2,2,False
radar,retained_head_conservative,all_known,training_recordings,20260920-190913-outBroken-460800,165,2,2,False
radar,retained_head_conservative,all_known,training_recordings,20260920-190913-outBroken-460800,166,2,2,False
radar,retained_head_conservative,all_known,training_recordings,20260920-190913-outBroken-460800,167,2,2,False
radar,retained_head_conservative,all_known,training_recordings,20260920-190913-outBroken-460800,168,2,2,False
radar,retained_head_conservative,all_known,training_recordings,20260920-190913-outBroken-460800,169,2,2,False
radar,retained_head_conservative,all_known,training_recordings,20260920-190913-outBroken-460800,170,2,2,False
radar,retained_head_conservative,all_known,training_recordings,20260920-190913-outBroken-460800,171,2,2,False
radar,retained_head_conservative,all_known,training_recordings,20260920-190913-outBroken-460800,172,2,2,False
radar,retained_head_conservative,all_known,training_recordings,20260920-190913-outBroken-460800,173,2,2,False
radar,retained_head_conservative,all_known,training_recordings,20260920-190913-outBroken-460800,174,2,2,False
radar,retained_head_conservative,all_known,training_recordings,20260920-190913-outBroken-460800,175,2,2,False
radar,retained_head_conservative,all_known,training_recordings,20260920-190913-outBroken-460800,176,2,2,False
radar,retained_head_conservative,all_known,training_recordings,20260920-190913-outBroken-460800,177,2,2,False
radar,retained_head_conservative,all_known,training_recordings,20260920-190913-outBroken-460800,178,2,2,False
radar,retained_head_conservative,all_known,training_recordings,20260920-190913-outBroken-460800,179,2,2,False
radar,retained_head_conservative,all_known,training_recordings,20260920-190913-outBroken-460800,180,2,2,False
radar,retained_head_conservative,all_known,training_recordings,20260920-190913-outBroken-460800,181,2,2,False
radar,retained_head_conservative,all_known,training_recordings,20260920-190913-outBroken-460800,182,2,2,False
radar,retained_head_conservative,all_known,training_recordings,20260920-190913-outBroken-460800,183,2,2,False
radar,retained_head_conservative,all_known,training_recordings,20260920-190913-outBroken-460800,184,2,2,False
radar,retained_head_conservative,all_known,training_recordings,20260920-190913-outBroken-460800,185,2,2,False
radar,retained_head_conservative,all_known,training_recordings,20260920-190913-outBroken-460800,186,2,2,False
radar,retained_head_conservative,all_known,training_recordings,20260920-190913-outBroken-460800,187,2,2,False
radar,retained_head_conservative,all_known,training_recordings,20260920-190913-outBroken-460800,188,2,2,False
radar,retained_head_conservative,all_known,training_recordings,20260920-190913-outBroken-460800,189,2,2,False
radar,retained_head_conservative,all_known,training_recordings,20260920-190913-outBroken-460800,190,2,2,False
radar,retained_head_conservative,all_known,training_recordings,20260920-190913-outBroken-460800,191,2,2,False
radar,retained_head_conservative,all_known,training_recordings,20260920-190913-outBroken-460800,192,2,2,False
radar,retained_head_conservative,all_known,training_recordings,20260920-190913-outBroken-460800,193,2,2,False
radar,retained_head_conservative,all_known,training_recordings,20260920-190913-outBroken-460800,194,2,2,False
radar,retained_head_conservative,all_known,training_recordings,20260920-190913-outBroken-460800,195,2,2,False
radar,retained_head_conservative,all_known,training_recordings,20260920-190913-outBroken-460800,196,2,2,False
radar,retained_head_conservative,all_known,training_recordings,20260920-190913-outBroken-460800,197,2,2,False
radar,retained_head_conservative,all_known,training_recordings,20260920-190913-outBroken-460800,198,2,2,False
radar,retained_head_conservative,all_known,training_recordings,20260920-190913-outBroken-460800,199,2,2,False
radar,retained_head_conservative,all_known,training_recordings,20260920-190913-outBroken-460800,200,2,2,False
radar,retained_head_conservative,all_known,training_recordings,20260920-190913-outBroken-460800,201,2,2,False
radar,retained_head_conservative,all_known,training_recordings,20260920-190913-outBroken-460800,202,2,2,False
radar,retained_head_conservative,all_known,training_recordings,20260920-190913-outBroken-460800,203,2,2,False
radar,retained_head_conservative,all_known,training_recordings,20260920-190913-outBroken-460800,204,2,2,False
radar,retained_head_conservative,all_known,training_recordings,20260920-190913-outBroken-460800,205,2,2,False
radar,retained_head_conservative,all_known,training_recordings,20260920-190913-outBroken-460800,206,2,2,False
radar,retained_head_conservative,all_known,training_recordings,20260920-190913-outBroken-460800,207,2,2,False
radar,retained_head_conservative,all_known,training_recordings,20260920-190913-outBroken-460800,208,2,2,False
radar,retained_head_conservative,all_known,training_recordings,20260920-192216-inBroken-115200,209,1,1,True
radar,retained_head_conservative,all_known,training_recordings,20260920-192216-inBroken-115200,210,1,1,True
radar,retained_head_conservative,all_known,training_recordings,20260920-192216-inBroken-115200,211,1,1,True
radar,retained_head_conservative,all_known,training_recordings,20260920-192216-inBroken-115200,212,1,1,True
radar,retained_head_conservative,all_known,training_recordings,20260920-192216-inBroken-115200,213,1,1,True
radar,retained_head_conservative,all_known,training_recordings,20260920-192216-inBroken-115200,214,1,1,True
radar,retained_head_conservative,all_known,training_recordings,20260920-192216-inBroken-115200,215,1,1,True
radar,retained_head_conservative,all_known,training_recordings,20260920-192216-inBroken-115200,216,1,1,True
radar,retained_head_conservative,all_known,training_recordings,20260920-192216-inBroken-115200,217,1,1,True
radar,retained_head_conservative,all_known,training_recordings,20260920-192216-inBroken-115200,218,1,1,True
radar,retained_head_conservative,all_known,training_recordings,20260920-192216-inBroken-115200,219,1,1,True
radar,retained_head_conservative,all_known,training_recordings,20260920-192216-inBroken-115200,220,1,1,True
radar,retained_head_conservative,all_known,training_recordings,20260920-192216-inBroken-115200,221,1,1,True
radar,retained_head_conservative,all_known,training_recordings,20260920-192216-inBroken-115200,222,1,1,True
radar,retained_head_conservative,all_known,training_recordings,20260920-192216-inBroken-115200,223,1,1,True
radar,retained_head_conservative,all_known,training_recordings,20260920-192216-inBroken-115200,224,1,1,True
radar,retained_head_conservative,all_known,training_recordings,20260920-192216-inBroken-115200,225,1,1,True
radar,retained_head_conservative,all_known,training_recordings,20260920-192216-inBroken-115200,226,1,1,True
radar,retained_head_conservative,all_known,training_recordings,20260920-192216-inBroken-115200,227,1,1,True
radar,retained_head_conservative,all_known,training_recordings,20260920-192216-inBroken-115200,228,1,1,True
radar,retained_head_conservative,all_known,training_recordings,20260920-192216-inBroken-115200,229,1,1,True
radar,retained_head_conservative,all_known,training_recordings,20260920-192216-inBroken-115200,230,1,1,True
radar,retained_head_conservative,all_known,training_recordings,20260920-192216-inBroken-115200,231,1,1,True
radar,retained_head_conservative,all_known,training_recordings,20260920-192216-inBroken-115200,232,1,1,True
radar,retained_head_conservative,all_known,training_recordings,20260920-192216-inBroken-115200,233,1,1,True
radar,retained_head_conservative,all_known,training_recordings,20260920-192216-inBroken-115200,234,1,1,True
radar,retained_head_conservative,all_known,training_recordings,20260920-192216-inBroken-115200,235,1,1,True
radar,retained_head_conservative,all_known,training_recordings,20260920-192216-inBroken-115200,236,1,1,True
radar,retained_head_conservative,all_known,training_recordings,20260920-192216-inBroken-115200,237,1,1,True
radar,retained_head_conservative,all_known,training_recordings,20260920-192216-inBroken-115200,238,1,1,True
radar,retained_head_conservative,all_known,training_recordings,20260920-192216-inBroken-115200,239,1,1,True
radar,retained_head_conservative,all_known,training_recordings,20260920-192216-inBroken-115200,240,1,1,True
radar,retained_head_conservative,all_known,training_recordings,20260920-192216-inBroken-115200,241,1,1,True
radar,retained_head_conservative,all_known,training_recordings,20260920-192216-inBroken-115200,242,1,1,True
radar,retained_head_conservative,all_known,training_recordings,20260920-192216-inBroken-115200,243,1,1,True
radar,retained_head_conservative,all_known,training_recordings,20260920-192216-inBroken-115200,244,1,1,True
radar,retained_head_conservative,all_known,training_recordings,20260920-192216-inBroken-115200,245,1,1,True
radar,retained_head_conservative,all_known,training_recordings,20260920-192216-inBroken-115200,246,1,1,True
radar,retained_head_conservative,all_known,training_recordings,20260920-192216-inBroken-115200,247,1,1,True
radar,retained_head_conservative,all_known,training_recordings,20260920-192216-inBroken-115200,248,1,1,True
radar,retained_head_conservative,all_known,training_recordings,20260920-192216-inBroken-115200,249,1,1,True
radar,retained_head_conservative,all_known,training_recordings,20260920-192216-inBroken-115200,250,1,1,True
radar,retained_head_conservative,all_known,training_recordings,20260920-192216-inBroken-115200,251,1,1,True
radar,retained_head_conservative,all_known,training_recordings,20260920-192216-inBroken-115200,252,1,1,True
radar,retained_head_conservative,all_known,training_recordings,20260920-192216-inBroken-115200,253,1,1,True
radar,retained_head_conservative,all_known,training_recordings,20260920-192216-inBroken-115200,254,1,1,True
radar,retained_head_conservative,all_known,training_recordings,20260920-192216-inBroken-115200,255,1,1,True
radar,retained_head_conservative,all_known,training_recordings,20260920-192216-inBroken-115200,256,1,1,True
radar,retained_head_conservative,all_known,training_recordings,20260920-192216-inBroken-115200,257,1,1,True
radar,retained_head_conservative,all_known,training_recordings,20260920-192216-inBroken-115200,258,1,1,True
radar,retained_head_conservative,all_known,training_recordings,20260920-192610-inBroken-460800,259,1,1,True
radar,retained_head_conservative,all_known,training_recordings,20260920-192610-inBroken-460800,260,1,1,True
radar,retained_head_conservative,all_known,training_recordings,20260920-192610-inBroken-460800,261,1,1,True
radar,retained_head_conservative,all_known,training_recordings,20260920-192610-inBroken-460800,262,1,1,True
radar,retained_head_conservative,all_known,training_recordings,20260920-192610-inBroken-460800,263,1,1,True
radar,retained_head_conservative,all_known,training_recordings,20260920-192610-inBroken-460800,264,1,1,True
radar,retained_head_conservative,all_known,training_recordings,20260920-192610-inBroken-460800,265,1,1,True
radar,retained_head_conservative,all_known,training_recordings,20260920-192610-inBroken-460800,266,1,1,True
radar,retained_head_conservative,all_known,training_recordings,20260920-192610-inBroken-460800,267,1,1,True
radar,retained_head_conservative,all_known,training_recordings,20260920-192610-inBroken-460800,268,1,1,True
radar,retained_head_conservative,all_known,training_recordings,20260920-192610-inBroken-460800,269,1,1,True
radar,retained_head_conservative,all_known,training_recordings,20260920-192610-inBroken-460800,270,1,1,True
radar,retained_head_conservative,all_known,training_recordings,20260920-192610-inBroken-460800,271,1,1,True
radar,retained_head_conservative,all_known,training_recordings,20260920-192610-inBroken-460800,272,1,1,True
radar,retained_head_conservative,all_known,training_recordings,20260920-192610-inBroken-460800,273,1,1,True
radar,retained_head_conservative,all_known,training_recordings,20260920-192610-inBroken-460800,274,1,1,True
radar,retained_head_conservative,all_known,training_recordings,20260920-192610-inBroken-460800,275,1,1,True
radar,retained_head_conservative,all_known,training_recordings,20260920-192610-inBroken-460800,276,1,1,True
radar,retained_head_conservative,all_known,training_recordings,20260920-192610-inBroken-460800,277,1,1,True
radar,retained_head_conservative,all_known,training_recordings,20260920-192610-inBroken-460800,278,1,1,True
radar,retained_head_conservative,all_known,training_recordings,20260920-192610-inBroken-460800,279,1,1,True
radar,retained_head_conservative,all_known,training_recordings,20260920-192610-inBroken-460800,280,1,1,True
radar,retained_head_conservative,all_known,training_recordings,20260920-192610-inBroken-460800,281,1,1,True
radar,retained_head_conservative,all_known,training_recordings,20260920-192610-inBroken-460800,282,1,1,True
radar,retained_head_conservative,all_known,training_recordings,20260920-192610-inBroken-460800,283,1,1,True
radar,retained_head_conservative,all_known,training_recordings,20260920-192610-inBroken-460800,284,1,1,True
radar,retained_head_conservative,all_known,training_recordings,20260920-192610-inBroken-460800,285,1,1,True
radar,retained_head_conservative,all_known,training_recordings,20260920-192610-inBroken-460800,286,1,1,True
radar,retained_head_conservative,all_known,training_recordings,20260920-192610-inBroken-460800,287,1,1,True
radar,retained_head_conservative,all_known,training_recordings,20260920-192610-inBroken-460800,288,1,1,True
radar,retained_head_conservative,all_known,training_recordings,20260920-192610-inBroken-460800,289,1,1,True
radar,retained_head_conservative,all_known,training_recordings,20260920-192610-inBroken-460800,290,1,1,True
radar,retained_head_conservative,all_known,training_recordings,20260920-192610-inBroken-460800,291,1,1,True
radar,retained_head_conservative,all_known,training_recordings,20260920-192610-inBroken-460800,292,1,1,True
radar,retained_head_conservative,all_known,training_recordings,20260920-192610-inBroken-460800,293,1,1,True
radar,retained_head_conservative,all_known,training_recordings,20260920-192610-inBroken-460800,294,1,1,True
radar,retained_head_conservative,all_known,training_recordings,20260920-192610-inBroken-460800,295,1,1,True
radar,retained_head_conservative,all_known,training_recordings,20260920-192610-inBroken-460800,296,1,1,True
radar,retained_head_conservative,all_known,training_recordings,20260920-192610-inBroken-460800,297,1,1,True
radar,retained_head_conservative,all_known,training_recordings,20260920-192610-inBroken-460800,298,1,1,True
radar,retained_head_conservative,all_known,training_recordings,20260920-192610-inBroken-460800,299,1,1,True
radar,retained_head_conservative,all_known,training_recordings,20260920-192610-inBroken-460800,300,1,1,True
radar,retained_head_conservative,all_known,training_recordings,20260920-192610-inBroken-460800,301,1,1,True
radar,retained_head_conservative,all_known,training_recordings,20260920-192610-inBroken-460800,302,1,1,True
radar,retained_head_conservative,all_known,training_recordings,20260920-192610-inBroken-460800,303,1,1,True
radar,retained_head_conservative,all_known,training_recordings,20260920-192610-inBroken-460800,304,1,1,True
radar,retained_head_conservative,all_known,training_recordings,20260920-192610-inBroken-460800,305,1,1,True
radar,retained_head_conservative,all_known,training_recordings,20260920-192610-inBroken-460800,306,1,1,True
radar,retained_head_conservative,all_known,training_recordings,20260920-192610-inBroken-460800,307,1,1,True
radar,retained_head_conservative,all_known,training_recordings,20260920-192610-inBroken-460800,308,1,1,True
radar,retained_head_conservative,all_known,training_recordings,20260920-192610-inBroken-460800,309,1,1,True
radar,retained_head_conservative,all_known,training_recordings,20260920-193718-roll-115200,310,3,3,True
radar,retained_head_conservative,all_known,training_recordings,20260920-193718-roll-115200,311,3,3,True
radar,retained_head_conservative,all_known,training_recordings,20260920-193718-roll-115200,312,3,3,True
radar,retained_head_conservative,all_known,training_recordings,20260920-193718-roll-115200,313,3,3,True
radar,retained_head_conservative,all_known,training_recordings,20260920-193718-roll-115200,314,3,3,True
radar,retained_head_conservative,all_known,training_recordings,20260920-193718-roll-115200,315,3,3,True
radar,retained_head_conservative,all_known,training_recordings,20260920-193718-roll-115200,316,3,3,True
radar,retained_head_conservative,all_known,training_recordings,20260920-193718-roll-115200,317,3,3,True
radar,retained_head_conservative,all_known,training_recordings,20260920-193718-roll-115200,318,3,3,True
radar,retained_head_conservative,all_known,training_recordings,20260920-193718-roll-115200,319,3,3,True
radar,retained_head_conservative,all_known,training_recordings,20260920-193718-roll-115200,320,3,3,True
radar,retained_head_conservative,all_known,training_recordings,20260920-193718-roll-115200,321,3,3,True
radar,retained_head_conservative,all_known,training_recordings,20260920-193718-roll-115200,322,3,3,True
radar,retained_head_conservative,all_known,training_recordings,20260920-193718-roll-115200,323,3,3,True
radar,retained_head_conservative,all_known,training_recordings,20260920-193718-roll-115200,324,3,3,True
radar,retained_head_conservative,all_known,training_recordings,20260920-193718-roll-115200,325,3,3,True
radar,retained_head_conservative,all_known,training_recordings,20260920-193718-roll-115200,326,3,3,True
radar,retained_head_conservative,all_known,training_recordings,20260920-193718-roll-115200,327,3,3,True
radar,retained_head_conservative,all_known,training_recordings,20260920-193718-roll-115200,328,3,3,True
radar,retained_head_conservative,all_known,training_recordings,20260920-193718-roll-115200,329,3,3,True
radar,retained_head_conservative,all_known,training_recordings,20260920-193718-roll-115200,330,3,3,True
radar,retained_head_conservative,all_known,training_recordings,20260920-193718-roll-115200,331,3,3,True
radar,retained_head_conservative,all_known,training_recordings,20260920-193718-roll-115200,332,3,3,True
radar,retained_head_conservative,all_known,training_recordings,20260920-193718-roll-115200,333,3,3,True
radar,retained_head_conservative,all_known,training_recordings,20260920-193718-roll-115200,334,3,3,True
radar,retained_head_conservative,all_known,training_recordings,20260920-193718-roll-115200,335,3,3,True
radar,retained_head_conservative,all_known,training_recordings,20260920-193718-roll-115200,336,3,3,True
radar,retained_head_conservative,all_known,training_recordings,20260920-193718-roll-115200,337,3,3,True
radar,retained_head_conservative,all_known,training_recordings,20260920-193718-roll-115200,338,3,3,True
radar,retained_head_conservative,all_known,training_recordings,20260920-193718-roll-115200,339,3,3,True
radar,retained_head_conservative,all_known,training_recordings,20260920-193718-roll-115200,340,3,3,True
radar,retained_head_conservative,all_known,training_recordings,20260920-193718-roll-115200,341,3,3,True
radar,retained_head_conservative,all_known,training_recordings,20260920-193718-roll-115200,342,3,3,True
radar,retained_head_conservative,all_known,training_recordings,20260920-193718-roll-115200,343,3,3,True
radar,retained_head_conservative,all_known,training_recordings,20260920-193718-roll-115200,344,3,3,True
radar,retained_head_conservative,all_known,training_recordings,20260920-193718-roll-115200,345,3,3,True
radar,retained_head_conservative,all_known,training_recordings,20260920-193718-roll-115200,346,3,3,True
radar,retained_head_conservative,all_known,training_recordings,20260920-193718-roll-115200,347,3,3,True
radar,retained_head_conservative,all_known,training_recordings,20260920-193718-roll-115200,348,3,3,True
radar,retained_head_conservative,all_known,training_recordings,20260920-193718-roll-115200,349,3,3,True
radar,retained_head_conservative,all_known,training_recordings,20260920-193718-roll-115200,350,3,3,True
radar,retained_head_conservative,all_known,training_recordings,20260920-193718-roll-115200,351,3,3,True
radar,retained_head_conservative,all_known,training_recordings,20260920-193718-roll-115200,352,3,3,True
radar,retained_head_conservative,all_known,training_recordings,20260920-193718-roll-115200,353,3,3,True
radar,retained_head_conservative,all_known,training_recordings,20260920-193718-roll-115200,354,3,3,True
radar,retained_head_conservative,all_known,training_recordings,20260920-193718-roll-115200,355,3,3,True
radar,retained_head_conservative,all_known,training_recordings,20260920-193718-roll-115200,356,3,3,True
radar,retained_head_conservative,all_known,training_recordings,20260920-193718-roll-115200,357,3,3,True
radar,retained_head_conservative,all_known,training_recordings,20260920-193718-roll-115200,358,3,3,True
radar,retained_head_conservative,all_known,training_recordings,20260920-193718-roll-115200,359,3,3,True
radar,retained_head_conservative,all_known,training_recordings,20260920-193718-roll-115200,360,3,3,True
radar,retained_head_conservative,all_known,training_recordings,20260920-194108-roll-460800,361,3,3,True
radar,retained_head_conservative,all_known,training_recordings,20260920-194108-roll-460800,362,3,3,True
radar,retained_head_conservative,all_known,training_recordings,20260920-194108-roll-460800,363,3,3,True
radar,retained_head_conservative,all_known,training_recordings,20260920-194108-roll-460800,364,3,3,True
radar,retained_head_conservative,all_known,training_recordings,20260920-194108-roll-460800,365,3,3,True
radar,retained_head_conservative,all_known,training_recordings,20260920-194108-roll-460800,366,3,3,True
radar,retained_head_conservative,all_known,training_recordings,20260920-194108-roll-460800,367,3,3,True
radar,retained_head_conservative,all_known,training_recordings,20260920-194108-roll-460800,368,3,3,True
radar,retained_head_conservative,all_known,training_recordings,20260920-194108-roll-460800,369,3,3,True
radar,retained_head_conservative,all_known,training_recordings,20260920-194108-roll-460800,370,3,3,True
radar,retained_head_conservative,all_known,training_recordings,20260920-194108-roll-460800,371,3,3,True
radar,retained_head_conservative,all_known,training_recordings,20260920-194108-roll-460800,372,3,3,True
radar,retained_head_conservative,all_known,training_recordings,20260920-194108-roll-460800,373,3,3,True
radar,retained_head_conservative,all_known,training_recordings,20260920-194108-roll-460800,374,3,3,True
radar,retained_head_conservative,all_known,training_recordings,20260920-194108-roll-460800,375,3,3,True
radar,retained_head_conservative,all_known,training_recordings,20260920-194108-roll-460800,376,3,3,True
radar,retained_head_conservative,all_known,training_recordings,20260920-194108-roll-460800,377,3,3,True
radar,retained_head_conservative,all_known,training_recordings,20260920-194108-roll-460800,378,3,3,True
radar,retained_head_conservative,all_known,training_recordings,20260920-194108-roll-460800,379,3,3,True
radar,retained_head_conservative,all_known,training_recordings,20260920-194108-roll-460800,380,3,3,True
radar,retained_head_conservative,all_known,training_recordings,20260920-194108-roll-460800,381,3,3,True
radar,retained_head_conservative,all_known,training_recordings,20260920-194108-roll-460800,382,3,3,True
radar,retained_head_conservative,all_known,training_recordings,20260920-194108-roll-460800,383,3,3,True
radar,retained_head_conservative,all_known,training_recordings,20260920-194108-roll-460800,384,3,3,True
radar,retained_head_conservative,all_known,training_recordings,20260920-194108-roll-460800,385,3,3,True
radar,retained_head_conservative,all_known,training_recordings,20260920-194108-roll-460800,386,3,3,True
radar,retained_head_conservative,all_known,training_recordings,20260920-194108-roll-460800,387,3,3,True
radar,retained_head_conservative,all_known,training_recordings,20260920-194108-roll-460800,388,3,3,True
radar,retained_head_conservative,all_known,training_recordings,20260920-194108-roll-460800,389,3,3,True
radar,retained_head_conservative,all_known,training_recordings,20260920-194108-roll-460800,390,3,3,True
radar,retained_head_conservative,all_known,training_recordings,20260920-194108-roll-460800,391,3,3,True
radar,retained_head_conservative,all_known,training_recordings,20260920-194108-roll-460800,392,3,3,True
radar,retained_head_conservative,all_known,training_recordings,20260920-194108-roll-460800,393,3,3,True
radar,retained_head_conservative,all_known,training_recordings,20260920-194108-roll-460800,394,3,3,True
radar,retained_head_conservative,all_known,training_recordings,20260920-194108-roll-460800,395,3,3,True
radar,retained_head_conservative,all_known,training_recordings,20260920-194108-roll-460800,396,3,3,True
radar,retained_head_conservative,all_known,training_recordings,20260920-194108-roll-460800,397,3,3,True
radar,retained_head_conservative,all_known,training_recordings,20260920-194108-roll-460800,398,3,3,True
radar,retained_head_conservative,all_known,training_recordings,20260920-194108-roll-460800,399,3,3,True
radar,retained_head_conservative,all_known,training_recordings,20260920-194108-roll-460800,400,3,3,True
radar,retained_head_conservative,all_known,training_recordings,20260920-194108-roll-460800,401,3,3,True
radar,retained_head_conservative,all_known,training_recordings,20260920-194108-roll-460800,402,3,3,True
radar,retained_head_conservative,all_known,training_recordings,20260920-194108-roll-460800,403,3,3,True
radar,retained_head_conservative,all_known,training_recordings,20260920-194108-roll-460800,404,3,3,True
radar,retained_head_conservative,all_known,training_recordings,20260920-194108-roll-460800,405,3,3,True
radar,retained_head_conservative,all_known,training_recordings,20260920-194108-roll-460800,406,3,3,True
radar,retained_head_conservative,all_known,training_recordings,20260920-194108-roll-460800,407,3,3,True
radar,retained_head_conservative,all_known,training_recordings,20260920-194108-roll-460800,408,3,3,True
radar,retained_head_conservative,all_known,training_recordings,20260920-194108-roll-460800,409,3,3,True
radar,retained_head_conservative,all_known,training_recordings,20260920-194108-roll-460800,410,3,3,True
radar,retained_head_conservative,all_known,training_recordings,20260920-194108-roll-460800,411,3,3,True
